2026-08-08 16:44:56,980 | INFO    | bookdata.pipeline.filter | Ignore kuralları gereği 12 kategori atlandı (10 desen)
2026-08-08 16:44:57,499 | INFO    | bookdata.pipeline.products | Kategori '2. Sınıf Kitapları': 1 sayfa, 12 ürün
2026-08-08 16:44:57,663 | INFO    | bookdata.pipeline.products | Kategori 'Yabancı Dilde Psikoloji Kitapları': ürün bulunamadı (1 sayfa)
2026-08-08 16:44:57,770 | INFO    | bookdata.pipeline.products | Kategori 'Antoloji Kitapları': 1 sayfa, 12 ürün
2026-08-08 16:44:57,864 | INFO    | bookdata.pipeline.products | Kategori 'Antik Mısır Kitapları': 1 sayfa, 8 ürün
2026-08-08 16:44:57,951 | INFO    | bookdata.pipeline.products | Kategori 'KPSS Kitapları': ürün bulunamadı (1 sayfa)
2026-08-08 16:44:58,102 | INFO    | bookdata.pipeline.products | Kategori 'Aşk Kitapları': 1 sayfa, 12 ürün
2026-08-08 16:44:58,194 | INFO    | bookdata.pipeline.products | Kategori 'Tarihi Kişilikler Kitapları': 1 sayfa, 6 ürün
2026-08-08 16:44:58,307 | INFO    | bookdata.pipeline.products | Kategori '0-3 Yaş Kitapları': 1 sayfa, 12 ürün
2026-08-08 16:44:58,396 | INFO    | bookdata.pipeline.products | Kategori 'Ülkeler Tarihi Kitapları': 1 sayfa, 2 ürün
2026-08-08 16:44:58,545 | INFO    | bookdata.pipeline.products | Kategori 'Dil Bilimi Kitapları': 1 sayfa, 12 ürün
2026-08-08 16:44:58,720 | INFO    | bookdata.pipeline.products | Kategori 'Tüm Kategoriler': ürün bulunamadı (1 sayfa)
2026-08-08 16:44:58,822 | INFO    | bookdata.pipeline.products | Kategori 'Genel Sağlık Kitapları': 1 sayfa, 12 ürün
2026-08-08 16:44:58,972 | INFO    | bookdata.pipeline.products | Kategori 'Psikoloji': 1 sayfa, 12 ürün
2026-08-08 16:44:59,067 | INFO    | bookdata.pipeline.products | Kategori 'Hamilelik ve Doğum Kitapları': 1 sayfa, 6 ürün
2026-08-08 16:44:59,173 | INFO    | bookdata.pipeline.products | Kategori 'Fantastik Kitaplar': 1 sayfa, 12 ürün
2026-08-08 16:44:59,276 | INFO    | bookdata.pipeline.products | Kategori 'Casusluk Kitapları': 1 sayfa, 12 ürün
2026-08-08 16:44:59,424 | INFO    | bookdata.pipeline.products | Kategori 'Yapıştırıcı ve Bantlar': 1 sayfa, 12 ürün
2026-08-08 16:44:59,532 | INFO    | bookdata.pipeline.products | Kategori 'Polisiye Romanlar': 1 sayfa, 12 ürün
2026-08-08 16:44:59,636 | INFO    | bookdata.pipeline.products | Kategori 'Söyleşi Kitapları': 1 sayfa, 12 ürün
2026-08-08 16:44:59,734 | INFO    | bookdata.pipeline.products | Kategori 'Psikolojik Danışma Kitapları ': 1 sayfa, 8 ürün
2026-08-08 16:44:59,879 | INFO    | bookdata.pipeline.products | Kategori 'Aforizma': 1 sayfa, 12 ürün
2026-08-08 16:44:59,970 | INFO    | bookdata.pipeline.products | Kategori 'Tarihi Belgeler Kitapları': 1 sayfa, 2 ürün
2026-08-08 16:45:00,072 | INFO    | bookdata.pipeline.products | Kategori 'En Çok Okunan Cumhuriyet Tarihi Kitapları': 1 sayfa, 12 ürün
2026-08-08 16:45:00,175 | INFO    | bookdata.pipeline.products | Kategori 'Kağıt Ürünleri': 1 sayfa, 12 ürün
2026-08-08 16:45:00,327 | INFO    | bookdata.pipeline.products | Kategori 'Türkiye - Yakın Tarih Kitapları': 1 sayfa, 12 ürün
2026-08-08 16:45:00,432 | INFO    | bookdata.pipeline.products | Kategori 'Çok Satan Çizgi Romanlar': 1 sayfa, 12 ürün
2026-08-08 16:45:00,534 | INFO    | bookdata.pipeline.products | Kategori 'Gezi Rehberi Kitapları': 1 sayfa, 12 ürün
2026-08-08 16:45:00,679 | INFO    | bookdata.pipeline.products | Kategori 'Genel Tarih Kitapları ': 1 sayfa, 12 ürün
2026-08-08 16:45:00,776 | INFO    | bookdata.pipeline.products | Kategori 'Dekoratif Ürünler': 1 sayfa, 7 ürün
2026-08-08 16:45:00,887 | INFO    | bookdata.pipeline.products | Kategori 'Anı - Mektup - Günlük Kitapları': 1 sayfa, 12 ürün
2026-08-08 16:45:00,988 | INFO    | bookdata.pipeline.products | Kategori 'Türkiye Rehber Kitapları': 1 sayfa, 12 ürün
2026-08-08 16:45:01,139 | INFO    | bookdata.pipeline.products | Kategori 'Ortadoğu - Arap Edebiyatı Kitapları': 1 sayfa, 12 ürün
2026-08-08 16:45:01,242 | INFO    | bookdata.pipeline.products | Kategori 'Ölçü ve Çizim Malzemeleri': 1 sayfa, 12 ürün
2026-08-08 16:45:01,351 | INFO    | bookdata.pipeline.products | Kategori 'Masallar': 1 sayfa, 12 ürün
2026-08-08 16:45:01,464 | INFO    | bookdata.pipeline.products | Kategori 'Bilimsel Kitaplar': 1 sayfa, 12 ürün
2026-08-08 16:45:01,618 | INFO    | bookdata.pipeline.products | Kategori 'Önemli Olaylar ve Biyografi ve Otobiyografi Kitapları': 1 sayfa, 12 ürün
2026-08-08 16:45:01,705 | INFO    | bookdata.pipeline.products | Kategori 'Biyoloji - Genetik Kitapları': 1 sayfa, 1 ürün
2026-08-08 16:45:01,808 | INFO    | bookdata.pipeline.products | Kategori 'İspanyol Edebiyatı': 1 sayfa, 12 ürün
2026-08-08 16:45:01,900 | INFO    | bookdata.pipeline.products | Kategori 'İskandinav Edebiyatı': 1 sayfa, 3 ürün
2026-08-08 16:45:02,046 | INFO    | bookdata.pipeline.products | Kategori 'En Çok Satan Diyet Kitapları': 1 sayfa, 12 ürün
2026-08-08 16:45:02,145 | INFO    | bookdata.pipeline.products | Kategori 'Selçuklu Dönemi Kitapları': 1 sayfa, 5 ürün
2026-08-08 16:45:02,248 | INFO    | bookdata.pipeline.products | Kategori 'Alternatif Tıp Şifalı Bitkiler Kitapları': 1 sayfa, 12 ürün
2026-08-08 16:45:02,353 | INFO    | bookdata.pipeline.products | Kategori 'Karikatürler': 1 sayfa, 12 ürün
2026-08-08 16:45:02,510 | INFO    | bookdata.pipeline.products | Kategori 'Divan Edebiyatı ve Halk Edebiyatı Kitapları': 1 sayfa, 12 ürün
2026-08-08 16:45:02,612 | INFO    | bookdata.pipeline.products | Kategori 'Psikiyatri ve Psikanaliz Kitapları': 1 sayfa, 5 ürün
2026-08-08 16:45:02,715 | INFO    | bookdata.pipeline.products | Kategori 'Dünya Klasikleri TOP 50': 1 sayfa, 12 ürün
2026-08-08 16:45:02,858 | INFO    | bookdata.pipeline.products | Kategori ' Mizah Kitapları': 1 sayfa, 12 ürün
2026-08-08 16:45:02,947 | INFO    | bookdata.pipeline.products | Kategori 'Anadolu Tarihi Kitapları': 1 sayfa, 3 ürün
2026-08-08 16:45:03,054 | INFO    | bookdata.pipeline.products | Kategori 'Çocuk Boyama Kitapları': 1 sayfa, 12 ürün
2026-08-08 16:45:03,158 | INFO    | bookdata.pipeline.products | Kategori 'Sessiz Kitaplar': 1 sayfa, 12 ürün
2026-08-08 16:45:03,318 | INFO    | bookdata.pipeline.products | Kategori 'En Çok Satan Gizemli Kitaplar': 1 sayfa, 12 ürün
2026-08-08 16:45:03,426 | INFO    | bookdata.pipeline.products | Kategori 'Okul Öncesi Resimli Kitaplar': 1 sayfa, 12 ürün
2026-08-08 16:45:03,530 | INFO    | bookdata.pipeline.products | Kategori 'Seyahatname Kitapları': 1 sayfa, 12 ürün
2026-08-08 16:45:03,638 | INFO    | bookdata.pipeline.products | Kategori 'Fransız Edebiyatı Kitapları': 1 sayfa, 12 ürün
2026-08-08 16:45:03,793 | INFO    | bookdata.pipeline.products | Kategori 'Yabancı Dilde Çocuk Kitapları': 1 sayfa, 12 ürün
2026-08-08 16:45:03,896 | INFO    | bookdata.pipeline.products | Kategori 'Ajanda,Takvim Ve Planlayıcılar': 1 sayfa, 12 ürün
2026-08-08 16:45:03,999 | INFO    | bookdata.pipeline.products | Kategori 'En Çok Okunan Karikatür Kitapları': 1 sayfa, 12 ürün
2026-08-08 16:45:04,090 | INFO    | bookdata.pipeline.products | Kategori 'Anatomi Kitapları': 1 sayfa, 1 ürün
2026-08-08 16:45:04,246 | INFO    | bookdata.pipeline.products | Kategori 'En Çok Satan Osmanlı Kitapları': 1 sayfa, 12 ürün
2026-08-08 16:45:04,348 | INFO    | bookdata.pipeline.products | Kategori 'Politik - Kurgu Kitapları': 1 sayfa, 12 ürün
2026-08-08 16:45:04,454 | INFO    | bookdata.pipeline.products | Kategori 'Dosya ve Klasörler': 1 sayfa, 12 ürün
2026-08-08 16:45:04,559 | INFO    | bookdata.pipeline.products | Kategori 'Gençlik Ortaokul Kitapları': 1 sayfa, 12 ürün
2026-08-08 16:45:04,717 | INFO    | bookdata.pipeline.products | Kategori 'Yakın Tarih Kitapları': 1 sayfa, 12 ürün
2026-08-08 16:45:04,828 | INFO    | bookdata.pipeline.products | Kategori 'Eğitim Psikolojisi Kitapları': 1 sayfa, 12 ürün
2026-08-08 16:45:04,940 | INFO    | bookdata.pipeline.products | Kategori 'Genel Edebiyat Kitapları': 1 sayfa, 12 ürün
2026-08-08 16:45:05,091 | INFO    | bookdata.pipeline.products | Kategori 'Çizgi Roman - Anime ve Mangalar': 1 sayfa, 12 ürün
2026-08-08 16:45:05,192 | INFO    | bookdata.pipeline.products | Kategori '1. Sınıf Kitapları': 1 sayfa, 12 ürün
2026-08-08 16:45:05,295 | INFO    | bookdata.pipeline.products | Kategori 'En Çok Satan Fantastik Kitaplar': 1 sayfa, 12 ürün
2026-08-08 16:45:05,381 | INFO    | bookdata.pipeline.products | Kategori 'Tahta ve Panolar': ürün bulunamadı (1 sayfa)
2026-08-08 16:45:05,568 | INFO    | bookdata.pipeline.products | Kategori 'Eğitim - Okula Yardımcı Kitaplar': 1 sayfa, 26 ürün
2026-08-08 16:45:05,673 | INFO    | bookdata.pipeline.products | Kategori '4. Sınıf Kitapları': 1 sayfa, 12 ürün
2026-08-08 16:45:05,784 | INFO    | bookdata.pipeline.products | Kategori 'National Geographic Kids': 1 sayfa, 12 ürün
2026-08-08 16:45:05,887 | INFO    | bookdata.pipeline.products | Kategori 'Zeka Gelişimi Kitapları': 1 sayfa, 12 ürün
2026-08-08 16:45:06,038 | INFO    | bookdata.pipeline.products | Kategori 'Çocuk Dil Eğitimi Kitapları': 1 sayfa, 4 ürün
2026-08-08 16:45:06,160 | INFO    | bookdata.pipeline.products | Kategori 'Hikayeler': 1 sayfa, 12 ürün
2026-08-08 16:45:06,262 | INFO    | bookdata.pipeline.products | Kategori 'En Çok Satan Dünya Tarihi Kitapları': 1 sayfa, 12 ürün
2026-08-08 16:45:06,370 | INFO    | bookdata.pipeline.products | Kategori 'Efsane ve Destan Kitapları': 1 sayfa, 12 ürün
2026-08-08 16:45:06,522 | INFO    | bookdata.pipeline.products | Kategori 'Çocuk Bilim Kitapları': 1 sayfa, 12 ürün
2026-08-08 16:45:06,626 | INFO    | bookdata.pipeline.products | Kategori 'I. Dünya Savaşı Kitapları': 1 sayfa, 12 ürün
2026-08-08 16:45:06,728 | INFO    | bookdata.pipeline.products | Kategori 'Kinetik Kumlar': 1 sayfa, 12 ürün
2026-08-08 16:45:06,881 | INFO    | bookdata.pipeline.products | Kategori 'Tarih Felsefesi Kitapları': 1 sayfa, 12 ürün
2026-08-08 16:45:06,982 | INFO    | bookdata.pipeline.products | Kategori 'Eleştiri İnceleme ve Kuram Kitapları': 1 sayfa, 12 ürün
2026-08-08 16:45:07,415 | INFO    | bookdata.pipeline.products | Kategori 'En İyi Korku Kitapları': 1 sayfa, 12 ürün
2026-08-08 16:45:07,577 | INFO    | bookdata.pipeline.products | Kategori 'Şiir Kitapları': 1 sayfa, 12 ürün
2026-08-08 16:45:07,681 | INFO    | bookdata.pipeline.products | Kategori 'En Çok Satan Otobiyografi Kitapları': 1 sayfa, 12 ürün
2026-08-08 16:45:07,771 | INFO    | bookdata.pipeline.products | Kategori 'Amerika Tarihi Kitapları': ürün bulunamadı (1 sayfa)
2026-08-08 16:45:07,878 | INFO    | bookdata.pipeline.products | Kategori 'Psikoloji Başvuru Kitapları': 1 sayfa, 12 ürün
2026-08-08 16:45:08,045 | INFO    | bookdata.pipeline.products | Kategori 'En Sevilen Çocuk Kitabı Setleri': 1 sayfa, 12 ürün
2026-08-08 16:45:08,152 | INFO    | bookdata.pipeline.products | Kategori 'İstanbul Rehberi Kitapları': 1 sayfa, 12 ürün
2026-08-08 16:45:08,708 | INFO    | bookdata.pipeline.products | Kategori 'Çok Satanlar': ürün bulunamadı (1 sayfa)
2026-08-08 16:45:08,864 | INFO    | bookdata.pipeline.products | Kategori 'Derlemeler': 1 sayfa, 12 ürün
2026-08-08 16:45:08,973 | INFO    | bookdata.pipeline.products | Kategori 'Yunan Mitolojisi Kitapları': 1 sayfa, 11 ürün
2026-08-08 16:45:09,060 | INFO    | bookdata.pipeline.products | Kategori 'Arkeoloji Kitapları': 1 sayfa, 2 ürün
2026-08-08 16:45:09,161 | INFO    | bookdata.pipeline.products | Kategori 'Fantastik Çocuk Kitapları': 1 sayfa, 12 ürün
2026-08-08 16:45:09,339 | INFO    | bookdata.pipeline.products | Kategori 'Etkinlik Kitapları': 1 sayfa, 12 ürün
2026-08-08 16:45:09,442 | INFO    | bookdata.pipeline.products | Kategori 'En Çok Satan Seri Katil Kitapları': 1 sayfa, 11 ürün
2026-08-08 16:45:09,542 | INFO    | bookdata.pipeline.products | Kategori 'Referans Kitaplar': 1 sayfa, 12 ürün
2026-08-08 16:45:10,069 | INFO    | bookdata.pipeline.products | Kategori 'Yabancı Dilde Tarih Kitapları ': 1 sayfa, 1 ürün
2026-08-08 16:45:10,178 | INFO    | bookdata.pipeline.products | Kategori 'Yapbozlu Kitapları': 1 sayfa, 12 ürün
2026-08-08 16:45:10,278 | INFO    | bookdata.pipeline.products | Kategori 'En Çok Satan 100 Tarih Kitabı': 1 sayfa, 12 ürün
2026-08-08 16:45:10,386 | INFO    | bookdata.pipeline.products | Kategori 'Takvim Ve Planlayıcılar': 1 sayfa, 12 ürün
2026-08-08 16:45:10,554 | INFO    | bookdata.pipeline.products | Kategori 'Okul Öncesi Şekilli Kitaplar': 1 sayfa, 12 ürün
2026-08-08 16:45:10,640 | INFO    | bookdata.pipeline.products | Kategori 'Fizik Tedavi ve Rehabilitasyon Kitapları': 1 sayfa, 1 ürün
2026-08-08 16:45:10,743 | INFO    | bookdata.pipeline.products | Kategori 'Matbu Evraklar ve Makbuzlar': 1 sayfa, 12 ürün
2026-08-08 16:45:11,538 | INFO    | bookdata.pipeline.products | Kategori 'Türk Edebiyatı Romanları': 1 sayfa, 12 ürün
2026-08-08 16:45:11,637 | INFO    | bookdata.pipeline.products | Kategori 'Sağlıklı Yaşam Kitapları': 1 sayfa, 7 ürün
2026-08-08 16:45:11,740 | INFO    | bookdata.pipeline.products | Kategori 'Anaokulu': 1 sayfa, 12 ürün
2026-08-08 16:45:11,848 | INFO    | bookdata.pipeline.products | Kategori 'Türk Klasikleri Kitapları': 1 sayfa, 12 ürün
2026-08-08 16:45:12,021 | INFO    | bookdata.pipeline.products | Kategori 'Din Eğitimi Kitapları': 1 sayfa, 12 ürün
2026-08-08 16:45:12,126 | INFO    | bookdata.pipeline.products | Kategori 'Gezi ve Rehber Kitapları': 1 sayfa, 12 ürün
2026-08-08 16:45:12,236 | INFO    | bookdata.pipeline.products | Kategori 'Tarih Kitapları': 1 sayfa, 12 ürün
2026-08-08 16:45:12,323 | INFO    | bookdata.pipeline.products | Kategori 'Sosyal Tarih Kitapları': 1 sayfa, 2 ürün
2026-08-08 16:45:12,493 | INFO    | bookdata.pipeline.products | Kategori 'Cinsellik Kitapları': 1 sayfa, 12 ürün
2026-08-08 16:45:12,605 | INFO    | bookdata.pipeline.products | Kategori 'Çocuk Çizgi Roman Kitapları': 1 sayfa, 12 ürün
2026-08-08 16:45:12,713 | INFO    | bookdata.pipeline.products | Kategori 'Gençlik Lise Kitapları': 1 sayfa, 12 ürün
2026-08-08 16:45:13,222 | INFO    | bookdata.pipeline.products | Kategori 'Coğrafya ve Genel Kitaplar': 1 sayfa, 1 ürün
2026-08-08 16:45:13,328 | INFO    | bookdata.pipeline.products | Kategori 'Roman': 1 sayfa, 12 ürün
2026-08-08 16:45:13,508 | INFO    | bookdata.pipeline.products | Kategori 'En Çok Okunan Bilim Kurgu Kitapları': 1 sayfa, 12 ürün
2026-08-08 16:45:13,614 | INFO    | bookdata.pipeline.products | Kategori 'Ekol ve Yaklaşım Kitapları': 1 sayfa, 12 ürün
2026-08-08 16:45:13,725 | INFO    | bookdata.pipeline.products | Kategori 'Aksiyon ve Macera Kitapları': 1 sayfa, 12 ürün
2026-08-08 16:45:13,833 | INFO    | bookdata.pipeline.products | Kategori 'Çıkartmalı Kitaplar': 1 sayfa, 12 ürün
2026-08-08 16:45:14,015 | INFO    | bookdata.pipeline.products | Kategori 'Araştırma ve İnceleme Kitapları': 1 sayfa, 12 ürün
2026-08-08 16:45:14,118 | INFO    | bookdata.pipeline.products | Kategori 'Kürt Edebiyatı': 1 sayfa, 12 ürün
2026-08-08 16:45:14,221 | INFO    | bookdata.pipeline.products | Kategori 'Çocuk 0-3 Yaş Kitapları': 1 sayfa, 12 ürün
2026-08-08 16:45:14,321 | INFO    | bookdata.pipeline.products | Kategori 'En Çok Okunan Suç Kitapları': 1 sayfa, 12 ürün
2026-08-08 16:45:14,767 | INFO    | bookdata.pipeline.products | Kategori 'En Çok Satan Selçuklu Tarihi Kitapları': 1 sayfa, 12 ürün
2026-08-08 16:45:14,885 | INFO    | bookdata.pipeline.products | Kategori 'Çocuk Kitapları': 1 sayfa, 12 ürün
2026-08-08 16:45:15,150 | INFO    | bookdata.pipeline.products | Kategori 'Bilim Kurgu Kitapları': 1 sayfa, 12 ürün
2026-08-08 16:45:15,254 | INFO    | bookdata.pipeline.products | Kategori 'En Çok Satan Gerilim Kitapları': 1 sayfa, 12 ürün
2026-08-08 16:45:15,364 | INFO    | bookdata.pipeline.products | Kategori 'Klasik Romanlar ve Kitapları': 1 sayfa, 12 ürün
2026-08-08 16:45:15,457 | INFO    | bookdata.pipeline.products | Kategori 'Slime ve Malzemeleri': 1 sayfa, 5 ürün
2026-08-08 16:45:15,645 | INFO    | bookdata.pipeline.products | Kategori 'Genel Ülke Edebiyatları Kitapları': 1 sayfa, 12 ürün
2026-08-08 16:45:15,738 | INFO    | bookdata.pipeline.products | Kategori 'Bilim Kurgu Kitapları': 1 sayfa, 7 ürün
2026-08-08 16:45:15,842 | INFO    | bookdata.pipeline.products | Kategori 'Denemeler': 1 sayfa, 12 ürün
2026-08-08 16:45:16,029 | INFO    | bookdata.pipeline.products | Kategori 'Yoga Meditasyon Kitapları': 1 sayfa, 12 ürün
2026-08-08 16:45:16,209 | INFO    | bookdata.pipeline.products | Kategori 'Beslenme ve Diyet Kitapları': 1 sayfa, 12 ürün
2026-08-08 16:45:16,340 | INFO    | bookdata.pipeline.products | Kategori 'İngiliz Edebiyatı': 1 sayfa, 12 ürün
2026-08-08 16:45:16,520 | INFO    | bookdata.pipeline.products | Kategori 'Sosyal Psikoloji Kitapları ': 1 sayfa, 2 ürün
2026-08-08 16:45:16,629 | INFO    | bookdata.pipeline.products | Kategori 'Dünya Tarihi Kitapları': 1 sayfa, 12 ürün
2026-08-08 16:45:16,805 | INFO    | bookdata.pipeline.products | Kategori 'Gençlik Edebiyatı': 1 sayfa, 12 ürün
2026-08-08 16:45:17,003 | INFO    | bookdata.pipeline.products | Kategori 'Eğitici ve Öğretici Çocuk Kitapları': 1 sayfa, 12 ürün
2026-08-08 16:45:17,105 | INFO    | bookdata.pipeline.products | Kategori 'Tavsiye Kitapları': 1 sayfa, 12 ürün
2026-08-08 16:45:17,188 | INFO    | bookdata.pipeline.products | Kategori 'Psikiyatri Kitapları': 1 sayfa, 1 ürün
2026-08-08 16:45:17,300 | INFO    | bookdata.pipeline.products | Kategori 'Din Psikolojisi Kitapları': 1 sayfa, 12 ürün
2026-08-08 16:45:17,488 | INFO    | bookdata.pipeline.products | Kategori 'Kalemler ve Yazı Gereçleri': 1 sayfa, 12 ürün
2026-08-08 16:45:17,591 | INFO    | bookdata.pipeline.products | Kategori 'Çocuk Şiir Kitapları': 1 sayfa, 12 ürün
2026-08-08 16:45:17,697 | INFO    | bookdata.pipeline.products | Kategori 'Sağlık Kitapları': 1 sayfa, 12 ürün
2026-08-08 16:45:18,542 | INFO    | bookdata.pipeline.products | Kategori 'Çocuk 6-7 Yaş Kitapları': 1 sayfa, 12 ürün
2026-08-08 16:45:18,651 | INFO    | bookdata.pipeline.products | Kategori 'Anlatı Kitapları': 1 sayfa, 12 ürün
2026-08-08 16:45:18,827 | INFO    | bookdata.pipeline.products | Kategori 'Genel Çocuk Kitapları': 1 sayfa, 12 ürün
2026-08-08 16:45:19,034 | INFO    | bookdata.pipeline.products | Kategori 'Çocuk İlkokul Kitapları': 1 sayfa, 12 ürün
2026-08-08 16:45:19,148 | INFO    | bookdata.pipeline.products | Kategori 'Öykü Kitapları': 1 sayfa, 12 ürün
2026-08-08 16:45:19,252 | INFO    | bookdata.pipeline.products | Kategori 'Alman Edebiyatı Kitapları': 1 sayfa, 12 ürün
2026-08-08 16:45:19,338 | INFO    | bookdata.pipeline.products | Kategori 'Araç ve Gereçler': 1 sayfa, 2 ürün
2026-08-08 16:45:19,521 | INFO    | bookdata.pipeline.products | Kategori 'Yazıcı ve Fotokopi Kağıtları': 1 sayfa, 5 ürün
2026-08-08 16:45:19,623 | INFO    | bookdata.pipeline.products | Kategori 'Gezi ve Rehber Referans Kitapları': 1 sayfa, 12 ürün
2026-08-08 16:45:19,723 | INFO    | bookdata.pipeline.products | Kategori 'Latin Edebiyatı': 1 sayfa, 12 ürün
2026-08-08 16:45:19,825 | INFO    | bookdata.pipeline.products | Kategori 'Kent Rehberleri': 1 sayfa, 12 ürün
2026-08-08 16:45:20,267 | INFO    | bookdata.pipeline.products | Kategori 'En Çok Satan 50 Dünya Klasiği': 1 sayfa, 12 ürün
2026-08-08 16:45:20,380 | INFO    | bookdata.pipeline.products | Kategori 'Biyografi ve Otobiyografi Kitapları': 1 sayfa, 12 ürün
2026-08-08 16:45:20,563 | INFO    | bookdata.pipeline.products | Kategori 'Periyodik Yayınlar': 1 sayfa, 3 ürün
2026-08-08 16:45:20,666 | INFO    | bookdata.pipeline.products | Kategori 'Çocuk Bilmece Bulmaca Kitapları': 1 sayfa, 12 ürün
2026-08-08 16:45:20,777 | INFO    | bookdata.pipeline.products | Kategori 'Mustafa Kemal Atatürk Kitapları': 1 sayfa, 12 ürün
2026-08-08 16:45:20,880 | INFO    | bookdata.pipeline.products | Kategori 'Tarihi Romanlar': 1 sayfa, 12 ürün
2026-08-08 16:45:21,063 | INFO    | bookdata.pipeline.products | Kategori 'Türk Edebiyatı TOP 50': 1 sayfa, 12 ürün
2026-08-08 16:45:21,173 | INFO    | bookdata.pipeline.products | Kategori 'Sanatsal Malzemeler': 1 sayfa, 12 ürün
2026-08-08 16:45:21,275 | INFO    | bookdata.pipeline.products | Kategori 'Çocuk 4-5 Yaş Kitapları': 1 sayfa, 12 ürün
2026-08-08 16:45:21,437 | INFO    | bookdata.pipeline.products | Kategori 'Milletler Tarihi Kitapları': ürün bulunamadı (1 sayfa)
2026-08-08 16:45:22,114 | INFO    | bookdata.pipeline.products | Kategori 'Annelik ve Çocuk Bakımı Kitapları': 1 sayfa, 12 ürün
2026-08-08 16:45:22,219 | INFO    | bookdata.pipeline.products | Kategori 'II. Dünya Savaşı Kitapları': 1 sayfa, 12 ürün
2026-08-08 16:45:22,302 | INFO    | bookdata.pipeline.products | Kategori 'Histoloji ve Embriyoloji Kitapları': 1 sayfa, 1 ürün
2026-08-08 16:45:22,486 | INFO    | bookdata.pipeline.products | Kategori 'Tarih - Mitoloji Kitapları': 1 sayfa, 2 ürün
2026-08-08 16:45:22,579 | INFO    | bookdata.pipeline.products | Kategori 'Edebiyat Referans Kitaplar': 1 sayfa, 3 ürün
2026-08-08 16:45:22,663 | INFO    | bookdata.pipeline.products | Kategori 'Nöroloji Kitapları': 1 sayfa, 1 ürün
2026-08-08 16:45:22,769 | INFO    | bookdata.pipeline.products | Kategori 'Türk Tarihi Araştırmaları Kitapları': 1 sayfa, 12 ürün
2026-08-08 16:45:22,955 | INFO    | bookdata.pipeline.products | Kategori 'Psikolojik Kitaplar': 1 sayfa, 12 ürün
2026-08-08 16:45:23,043 | INFO    | bookdata.pipeline.products | Kategori 'Bölgeler Tarihi Kitapları': 1 sayfa, 3 ürün
2026-08-08 16:45:23,155 | INFO    | bookdata.pipeline.products | Kategori 'Roman ve Öykü Kitapları': 1 sayfa, 12 ürün
2026-08-08 16:45:23,339 | INFO    | bookdata.pipeline.products | Kategori 'Ofis Makineleri': 1 sayfa, 12 ürün
2026-08-08 16:45:24,193 | INFO    | bookdata.pipeline.products | Kategori 'Seyahatname Kitapları': 1 sayfa, 3 ürün
2026-08-08 16:45:24,301 | INFO    | bookdata.pipeline.products | Kategori 'Genel Psikoloji Kitapları': 1 sayfa, 12 ürün
2026-08-08 16:45:24,515 | INFO    | bookdata.pipeline.products | Kategori 'Sağlık İletişimi Kitapları': 1 sayfa, 12 ürün
2026-08-08 16:45:24,621 | INFO    | bookdata.pipeline.products | Kategori 'Amerikan Edebiyatı': 1 sayfa, 12 ürün
2026-08-08 16:45:24,734 | INFO    | bookdata.pipeline.products | Kategori 'Yabancı Dilde Edebiyat Kitapları': 1 sayfa, 12 ürün
2026-08-08 16:45:24,986 | INFO    | bookdata.pipeline.products | Kategori 'Psikoloji Akımları Kitapları': 1 sayfa, 2 ürün
2026-08-08 16:45:25,095 | INFO    | bookdata.pipeline.products | Kategori 'Rus Edebiyatı': 1 sayfa, 12 ürün
2026-08-08 16:45:25,196 | INFO    | bookdata.pipeline.products | Kategori 'Çocuk Referans Kitaplar': 1 sayfa, 12 ürün
2026-08-08 16:45:25,396 | INFO    | bookdata.pipeline.products | Kategori 'Araştırma - İnceleme Kitapları': 1 sayfa, 12 ürün
2026-08-08 16:45:25,497 | INFO    | bookdata.pipeline.products | Kategori 'Ofis Malzemeleri': 1 sayfa, 12 ürün
2026-08-08 16:45:26,170 | INFO    | bookdata.pipeline.products | Kategori 'Çocuk Etkinlik Kitapları': 1 sayfa, 12 ürün
2026-08-08 16:45:26,367 | INFO    | bookdata.pipeline.products | Kategori 'Göktürk Tarihi Kitapları': 1 sayfa, 9 ürün
2026-08-08 16:45:26,474 | INFO    | bookdata.pipeline.products | Kategori 'Yetişkin Masal Kitapları': 1 sayfa, 9 ürün
2026-08-08 16:45:26,577 | INFO    | bookdata.pipeline.products | Kategori 'Başvuru Kitapları': 1 sayfa, 12 ürün
2026-08-08 16:45:26,679 | INFO    | bookdata.pipeline.products | Kategori 'Okunması Gereken Şiir Kitapları': 1 sayfa, 12 ürün
2026-08-08 16:45:26,881 | INFO    | bookdata.pipeline.products | Kategori 'Edebiyat Kitapları': 1 sayfa, 12 ürün
2026-08-08 16:45:27,069 | INFO    | bookdata.pipeline.products | Kategori 'Çocuk Boyama Kitapları': 1 sayfa, 12 ürün
2026-08-08 16:45:27,174 | INFO    | bookdata.pipeline.products | Kategori '5. Sınıf Kitapları': 1 sayfa, 12 ürün
2026-08-08 16:45:27,376 | INFO    | bookdata.pipeline.products | Kategori 'Setler': 1 sayfa, 12 ürün
2026-08-08 16:45:27,733 | INFO    | bookdata.pipeline.products | Kategori 'Senaryo Kitapları': 1 sayfa, 12 ürün
2026-08-08 16:45:27,837 | INFO    | bookdata.pipeline.products | Kategori 'İtalyan Edebiyatı': 1 sayfa, 12 ürün
2026-08-08 16:45:28,035 | INFO    | bookdata.pipeline.products | Kategori 'Boyalar ve Boya Ürünleri': 1 sayfa, 12 ürün
2026-08-08 16:45:28,172 | INFO    | bookdata.pipeline.products | Kategori '3. Sınıf Kitapları': 1 sayfa, 12 ürün
2026-08-08 16:45:28,277 | INFO    | bookdata.pipeline.products | Kategori 'Çanta ve Mataralar': 1 sayfa, 12 ürün
2026-08-08 16:45:28,377 | INFO    | bookdata.pipeline.products | Kategori 'En Çok Satan Biyografi Kitapları': 1 sayfa, 12 ürün
2026-08-08 16:45:29,179 | INFO    | bookdata.pipeline.products | Kategori 'Çocuk Kitabı TOP 50': 1 sayfa, 12 ürün
2026-08-08 16:45:29,288 | INFO    | bookdata.pipeline.products | Kategori 'Tiyatro ve Piyes Kitapları': 1 sayfa, 12 ürün
2026-08-08 16:45:29,492 | INFO    | bookdata.pipeline.products | Kategori 'Aile Sağlığı Kitapları': 1 sayfa, 12 ürün
2026-08-08 16:45:29,578 | INFO    | bookdata.pipeline.products | Kategori 'İlaç Rehber Kitapları': 1 sayfa, 1 ürün
2026-08-08 16:45:29,690 | INFO    | bookdata.pipeline.products | Kategori 'Çocuk Psikolojisi Kitapları': 1 sayfa, 12 ürün
2026-08-08 16:45:29,793 | INFO    | bookdata.pipeline.products | Kategori 'Türkiye ve Cumhuriyet Tarihi Kitapları': 1 sayfa, 12 ürün
2026-08-08 16:45:29,989 | INFO    | bookdata.pipeline.products | Kategori 'Uzakdoğu Edebiyatı': 1 sayfa, 12 ürün
2026-08-08 16:45:30,075 | INFO    | bookdata.pipeline.products | Kategori 'Psikolojik Araştırma Teknikleri Kitapları': 1 sayfa, 1 ürün
2026-08-08 16:45:30,179 | INFO    | bookdata.pipeline.products | Kategori 'Ülke Rehberi Kitapları': 1 sayfa, 12 ürün
2026-08-08 16:45:30,619 | INFO    | bookdata.pipeline.products | Kategori 'Özel Eğitim Çocuk Kitapları': 1 sayfa, 12 ürün
2026-08-08 16:45:30,730 | INFO    | bookdata.pipeline.products | Kategori '100 Temel Eser': 1 sayfa, 12 ürün
2026-08-08 16:45:30,834 | INFO    | bookdata.pipeline.products | Kategori '100 Temel Eser Kitapları': 1 sayfa, 12 ürün
2026-08-08 16:45:31,119 | INFO    | bookdata.pipeline.products | Kategori 'Dokun Hisset Kitapları': 1 sayfa, 10 ürün
2026-08-08 16:45:31,225 | INFO    | bookdata.pipeline.products | Kategori 'Osmanlı Tarihi Kitapları': 1 sayfa, 12 ürün
2026-08-08 16:45:31,336 | INFO    | bookdata.pipeline.products | Kategori 'Seçili Araştırma ve Tarih Kitapları': 1 sayfa, 12 ürün
2026-08-08 16:45:31,545 | INFO    | bookdata.pipeline.products | Kategori 'Çizgi Roman Kitapları': 1 sayfa, 12 ürün
2026-08-08 16:45:31,652 | INFO    | bookdata.pipeline.products | Kategori 'Defterler': 1 sayfa, 12 ürün
2026-08-08 16:45:31,756 | INFO    | bookdata.pipeline.products | Kategori 'Gezi ve Rehber Kitapları': 1 sayfa, 12 ürün
2026-08-08 16:45:31,861 | INFO    | bookdata.pipeline.products | Kategori 'Çocuk Rehber - Kişisel Gelişim Kitapları': 1 sayfa, 12 ürün
2026-08-08 16:45:32,684 | INFO    | bookdata.pipeline.products | Kategori 'Korku ve Gerilim Edebiyatı': 1 sayfa, 12 ürün
2026-08-08 16:45:32,779 | INFO    | bookdata.pipeline.products | Kategori 'Kurtuluş Savaşı Kitapları': 1 sayfa, 2 ürün
2026-08-08 16:45:32,883 | INFO    | bookdata.pipeline.products | Kategori 'Okul Öncesi Çocuk Kitapları': 1 sayfa, 12 ürün
2026-08-08 16:45:33,098 | INFO    | bookdata.pipeline.products | Kategori '3-6 Yaş Kitapları': 1 sayfa, 12 ürün
2026-08-08 16:45:33,211 | INFO    | bookdata.pipeline.products | Kategori 'Çocuk Gelişimi Kitapları': 1 sayfa, 12 ürün
2026-08-08 16:45:33,391 | INFO    | bookdata.pipeline.products | Kategori 'Gelişim Psikolojisi Kitapları': 1 sayfa, 12 ürün
2026-08-08 16:45:33,601 | INFO    | bookdata.pipeline.products | Kategori 'Dünya Çocuk Klasikleri': 1 sayfa, 12 ürün
2026-08-08 16:45:33,703 | INFO    | bookdata.pipeline.products | Kategori 'Biyografi Otobiyografi Kitapları': 1 sayfa, 12 ürün
2026-08-08 16:45:33,804 | INFO    | bookdata.pipeline.products | Kategori 'En Çok Okunan Türk Tarihi Kitapları': 1 sayfa, 12 ürün
2026-08-08 16:46:13,771 | INFO    | bookdata.pipeline.products | Kategori 'Yazar Listesi': ürün bulunamadı (50 sayfa)
2026-08-08 16:46:16,363 | INFO    | bookdata.pipeline.products | Kategori 'Yayınevi Listesi': ürün bulunamadı (50 sayfa)
2026-08-08 16:46:16,376 | INFO    | bookdata.pipeline.standardize | Standardize edildi: 2379 ham → 2135 ürün
2026-08-08 16:46:16,506 | INFO    | bookdata.pipeline.merge | Fiyat karşılaştırması: 2135 ürünün 2064 tanesinde değişiklik/yeni kayıt
2026-08-08 16:46:16,521 | INFO    | bookdata.adapters.storage | Veri setine 2064 yeni kayıt eklendi: Data/bkm_Datasets.csv
2026-08-08 16:46:16,528 | INFO    | bookdata.pipeline.runner | Özet: 246 kategori bulundu, 234 işlendi; 2135 ürün → 2064 kayıt eklendi (toplam 8134). İstek: 333, hata: 0
2026-08-08 16:46:18,909 | INFO    | bookdata.adapters.kaggle | Kaggle yayını tamamlandı: furkanzeki/bkm-book-dataset (2026-08-08)
2026-08-08 16:56:36,044 | INFO    | bookdata.pipeline.filter | Ignore kuralları gereği 12 kategori atlandı (10 desen)
2026-08-08 16:56:36,586 | INFO    | bookdata.pipeline.products | Kategori 'Senaryo Kitapları': 1 sayfa, 12 ürün
2026-08-08 16:56:36,828 | INFO    | bookdata.pipeline.products | Kategori 'Anlatı Kitapları': 1 sayfa, 12 ürün
2026-08-08 16:56:36,950 | INFO    | bookdata.pipeline.products | Kategori 'Yabancı Dilde Edebiyat Kitapları': 1 sayfa, 12 ürün
2026-08-08 16:56:37,061 | INFO    | bookdata.pipeline.products | Kategori 'Annelik ve Çocuk Bakımı Kitapları': 1 sayfa, 12 ürün
2026-08-08 16:56:37,170 | INFO    | bookdata.pipeline.products | Kategori 'Fantastik Çocuk Kitapları': 1 sayfa, 12 ürün
2026-08-08 16:56:37,342 | INFO    | bookdata.pipeline.products | Kategori 'Çocuk Psikolojisi Kitapları': 1 sayfa, 12 ürün
2026-08-08 16:56:37,452 | INFO    | bookdata.pipeline.products | Kategori 'Ajanda,Takvim Ve Planlayıcılar': 1 sayfa, 12 ürün
2026-08-08 16:56:37,558 | INFO    | bookdata.pipeline.products | Kategori 'Çanta ve Mataralar': 1 sayfa, 12 ürün
2026-08-08 16:56:37,668 | INFO    | bookdata.pipeline.products | Kategori 'Çocuk Etkinlik Kitapları': 1 sayfa, 12 ürün
2026-08-08 16:56:37,830 | INFO    | bookdata.pipeline.products | Kategori 'İstanbul Rehberi Kitapları': 1 sayfa, 12 ürün
2026-08-08 16:56:37,940 | INFO    | bookdata.pipeline.products | Kategori 'Yabancı Dilde Çocuk Kitapları': 1 sayfa, 12 ürün
2026-08-08 16:56:38,049 | INFO    | bookdata.pipeline.products | Kategori 'Gençlik Ortaokul Kitapları': 1 sayfa, 12 ürün
2026-08-08 16:56:38,205 | INFO    | bookdata.pipeline.products | Kategori 'Antoloji Kitapları': 1 sayfa, 12 ürün
2026-08-08 16:56:38,311 | INFO    | bookdata.pipeline.products | Kategori 'En Çok Okunan Bilim Kurgu Kitapları': 1 sayfa, 12 ürün
2026-08-08 16:56:38,416 | INFO    | bookdata.pipeline.products | Kategori 'Ülke Rehberi Kitapları': 1 sayfa, 12 ürün
2026-08-08 16:56:38,503 | INFO    | bookdata.pipeline.products | Kategori 'Milletler Tarihi Kitapları': ürün bulunamadı (1 sayfa)
2026-08-08 16:56:38,656 | INFO    | bookdata.pipeline.products | Kategori 'Çocuk Dil Eğitimi Kitapları': 1 sayfa, 4 ürün
2026-08-08 16:56:38,762 | INFO    | bookdata.pipeline.products | Kategori 'Dosya ve Klasörler': 1 sayfa, 12 ürün
2026-08-08 16:56:38,872 | INFO    | bookdata.pipeline.products | Kategori '3-6 Yaş Kitapları': 1 sayfa, 12 ürün
2026-08-08 16:56:38,983 | INFO    | bookdata.pipeline.products | Kategori 'Tarih Kitapları': 1 sayfa, 12 ürün
2026-08-08 16:56:39,135 | INFO    | bookdata.pipeline.products | Kategori 'Sosyal Psikoloji Kitapları ': 1 sayfa, 2 ürün
2026-08-08 16:56:39,232 | INFO    | bookdata.pipeline.products | Kategori 'Edebiyat Referans Kitaplar': 1 sayfa, 3 ürün
2026-08-08 16:56:39,341 | INFO    | bookdata.pipeline.products | Kategori 'Kinetik Kumlar': 1 sayfa, 12 ürün
2026-08-08 16:56:39,434 | INFO    | bookdata.pipeline.products | Kategori 'Selçuklu Dönemi Kitapları': 1 sayfa, 5 ürün
2026-08-08 16:56:39,608 | INFO    | bookdata.pipeline.products | Kategori 'Efsane ve Destan Kitapları': 1 sayfa, 12 ürün
2026-08-08 16:56:39,722 | INFO    | bookdata.pipeline.products | Kategori 'Özel Eğitim Çocuk Kitapları': 1 sayfa, 12 ürün
2026-08-08 16:56:39,838 | INFO    | bookdata.pipeline.products | Kategori 'Çocuk Kitapları': 1 sayfa, 12 ürün
2026-08-08 16:56:39,949 | INFO    | bookdata.pipeline.products | Kategori 'Çok Satan Çizgi Romanlar': 1 sayfa, 12 ürün
2026-08-08 16:56:40,134 | INFO    | bookdata.pipeline.products | Kategori 'Aksiyon ve Macera Kitapları': 1 sayfa, 12 ürün
2026-08-08 16:56:40,240 | INFO    | bookdata.pipeline.products | Kategori 'Türkiye Rehber Kitapları': 1 sayfa, 12 ürün
2026-08-08 16:56:40,349 | INFO    | bookdata.pipeline.products | Kategori '1. Sınıf Kitapları': 1 sayfa, 12 ürün
2026-08-08 16:56:40,457 | INFO    | bookdata.pipeline.products | Kategori 'Setler': 1 sayfa, 12 ürün
2026-08-08 16:56:40,642 | INFO    | bookdata.pipeline.products | Kategori 'Eleştiri İnceleme ve Kuram Kitapları': 1 sayfa, 12 ürün
2026-08-08 16:56:40,752 | INFO    | bookdata.pipeline.products | Kategori 'Çocuk Boyama Kitapları': 1 sayfa, 12 ürün
2026-08-08 16:56:40,864 | INFO    | bookdata.pipeline.products | Kategori 'En Çok Okunan Türk Tarihi Kitapları': 1 sayfa, 12 ürün
2026-08-08 16:56:41,031 | INFO    | bookdata.pipeline.products | Kategori 'Edebiyat Kitapları': 1 sayfa, 12 ürün
2026-08-08 16:56:41,148 | INFO    | bookdata.pipeline.products | Kategori 'Okul Öncesi Resimli Kitaplar': 1 sayfa, 12 ürün
2026-08-08 16:56:41,237 | INFO    | bookdata.pipeline.products | Kategori 'Psikiyatri Kitapları': 1 sayfa, 1 ürün
2026-08-08 16:56:41,344 | INFO    | bookdata.pipeline.products | Kategori 'Tarih Felsefesi Kitapları': 1 sayfa, 12 ürün
2026-08-08 16:56:41,524 | INFO    | bookdata.pipeline.products | Kategori 'Roman': 1 sayfa, 12 ürün
2026-08-08 16:56:41,636 | INFO    | bookdata.pipeline.products | Kategori 'Çocuk Şiir Kitapları': 1 sayfa, 12 ürün
2026-08-08 16:56:41,743 | INFO    | bookdata.pipeline.products | Kategori 'En Çok Okunan Karikatür Kitapları': 1 sayfa, 12 ürün
2026-08-08 16:56:41,850 | INFO    | bookdata.pipeline.products | Kategori 'Defterler': 1 sayfa, 12 ürün
2026-08-08 16:56:42,035 | INFO    | bookdata.pipeline.products | Kategori 'Rus Edebiyatı': 1 sayfa, 12 ürün
2026-08-08 16:56:42,126 | INFO    | bookdata.pipeline.products | Kategori 'Nöroloji Kitapları': 1 sayfa, 1 ürün
2026-08-08 16:56:42,250 | INFO    | bookdata.pipeline.products | Kategori 'Biyografi ve Otobiyografi Kitapları': 1 sayfa, 12 ürün
2026-08-08 16:56:42,338 | INFO    | bookdata.pipeline.products | Kategori 'Psikolojik Araştırma Teknikleri Kitapları': 1 sayfa, 1 ürün
2026-08-08 16:56:42,518 | INFO    | bookdata.pipeline.products | Kategori 'Roman ve Öykü Kitapları': 1 sayfa, 12 ürün
2026-08-08 16:56:42,629 | INFO    | bookdata.pipeline.products | Kategori 'Çizgi Roman - Anime ve Mangalar': 1 sayfa, 12 ürün
2026-08-08 16:56:42,739 | INFO    | bookdata.pipeline.products | Kategori 'En Çok Okunan Cumhuriyet Tarihi Kitapları': 1 sayfa, 12 ürün
2026-08-08 16:56:42,921 | INFO    | bookdata.pipeline.products | Kategori 'Genel Psikoloji Kitapları': 1 sayfa, 12 ürün
2026-08-08 16:56:43,030 | INFO    | bookdata.pipeline.products | Kategori 'Çocuk Boyama Kitapları': 1 sayfa, 12 ürün
2026-08-08 16:56:43,144 | INFO    | bookdata.pipeline.products | Kategori 'Türk Edebiyatı TOP 50': 1 sayfa, 12 ürün
2026-08-08 16:56:43,250 | INFO    | bookdata.pipeline.products | Kategori 'Dokun Hisset Kitapları': 1 sayfa, 10 ürün
2026-08-08 16:56:43,450 | INFO    | bookdata.pipeline.products | Kategori 'En Çok Satan Otobiyografi Kitapları': 1 sayfa, 12 ürün
2026-08-08 16:56:43,565 | INFO    | bookdata.pipeline.products | Kategori 'Genel Çocuk Kitapları': 1 sayfa, 12 ürün
2026-08-08 16:56:43,654 | INFO    | bookdata.pipeline.products | Kategori 'Anatomi Kitapları': 1 sayfa, 1 ürün
2026-08-08 16:56:43,744 | INFO    | bookdata.pipeline.products | Kategori 'İlaç Rehber Kitapları': 1 sayfa, 1 ürün
2026-08-08 16:56:43,924 | INFO    | bookdata.pipeline.products | Kategori 'Dünya Çocuk Klasikleri': 1 sayfa, 12 ürün
2026-08-08 16:56:44,034 | INFO    | bookdata.pipeline.products | Kategori 'Dil Bilimi Kitapları': 1 sayfa, 12 ürün
2026-08-08 16:56:44,125 | INFO    | bookdata.pipeline.products | Kategori 'Yabancı Dilde Psikoloji Kitapları': ürün bulunamadı (1 sayfa)
2026-08-08 16:56:44,233 | INFO    | bookdata.pipeline.products | Kategori 'En Çok Satan Fantastik Kitaplar': 1 sayfa, 12 ürün
2026-08-08 16:56:44,405 | INFO    | bookdata.pipeline.products | Kategori 'Etkinlik Kitapları': 1 sayfa, 12 ürün
2026-08-08 16:56:44,518 | INFO    | bookdata.pipeline.products | Kategori 'Yunan Mitolojisi Kitapları': 1 sayfa, 11 ürün
2026-08-08 16:56:44,629 | INFO    | bookdata.pipeline.products | Kategori 'Tiyatro ve Piyes Kitapları': 1 sayfa, 12 ürün
2026-08-08 16:56:44,734 | INFO    | bookdata.pipeline.products | Kategori 'Bilimsel Kitaplar': 1 sayfa, 12 ürün
2026-08-08 16:56:44,927 | INFO    | bookdata.pipeline.products | Kategori 'Sağlık İletişimi Kitapları': 1 sayfa, 12 ürün
2026-08-08 16:56:45,039 | INFO    | bookdata.pipeline.products | Kategori 'Alternatif Tıp Şifalı Bitkiler Kitapları': 1 sayfa, 12 ürün
2026-08-08 16:56:45,150 | INFO    | bookdata.pipeline.products | Kategori 'Gezi ve Rehber Referans Kitapları': 1 sayfa, 12 ürün
2026-08-08 16:56:45,264 | INFO    | bookdata.pipeline.products | Kategori 'En Sevilen Çocuk Kitabı Setleri': 1 sayfa, 12 ürün
2026-08-08 16:56:45,449 | INFO    | bookdata.pipeline.products | Kategori 'Aile Sağlığı Kitapları': 1 sayfa, 12 ürün
2026-08-08 16:56:45,549 | INFO    | bookdata.pipeline.products | Kategori 'Sağlıklı Yaşam Kitapları': 1 sayfa, 7 ürün
2026-08-08 16:56:45,661 | INFO    | bookdata.pipeline.products | Kategori 'Zeka Gelişimi Kitapları': 1 sayfa, 12 ürün
2026-08-08 16:56:45,910 | INFO    | bookdata.pipeline.products | Kategori 'Tüm Kategoriler': ürün bulunamadı (1 sayfa)
2026-08-08 16:56:46,027 | INFO    | bookdata.pipeline.products | Kategori 'Bilim Kurgu Kitapları': 1 sayfa, 12 ürün
2026-08-08 16:56:46,133 | INFO    | bookdata.pipeline.products | Kategori '2. Sınıf Kitapları': 1 sayfa, 12 ürün
2026-08-08 16:56:46,327 | INFO    | bookdata.pipeline.products | Kategori 'Seyahatname Kitapları': 1 sayfa, 3 ürün
2026-08-08 16:56:46,443 | INFO    | bookdata.pipeline.products | Kategori 'Kağıt Ürünleri': 1 sayfa, 12 ürün
2026-08-08 16:56:46,555 | INFO    | bookdata.pipeline.products | Kategori 'Uzakdoğu Edebiyatı': 1 sayfa, 12 ürün
2026-08-08 16:56:46,653 | INFO    | bookdata.pipeline.products | Kategori 'Bölgeler Tarihi Kitapları': 1 sayfa, 3 ürün
2026-08-08 16:56:46,848 | INFO    | bookdata.pipeline.products | Kategori 'Karikatürler': 1 sayfa, 12 ürün
2026-08-08 16:56:46,943 | INFO    | bookdata.pipeline.products | Kategori 'Tarihi Belgeler Kitapları': 1 sayfa, 2 ürün
2026-08-08 16:56:47,054 | INFO    | bookdata.pipeline.products | Kategori 'Takvim Ve Planlayıcılar': 1 sayfa, 12 ürün
2026-08-08 16:56:47,164 | INFO    | bookdata.pipeline.products | Kategori 'Çocuk 4-5 Yaş Kitapları': 1 sayfa, 12 ürün
2026-08-08 16:56:47,363 | INFO    | bookdata.pipeline.products | Kategori 'Çocuk Kitabı TOP 50': 1 sayfa, 12 ürün
2026-08-08 16:56:47,479 | INFO    | bookdata.pipeline.products | Kategori 'Mustafa Kemal Atatürk Kitapları': 1 sayfa, 12 ürün
2026-08-08 16:56:47,591 | INFO    | bookdata.pipeline.products | Kategori 'Ekol ve Yaklaşım Kitapları': 1 sayfa, 12 ürün
2026-08-08 16:56:47,684 | INFO    | bookdata.pipeline.products | Kategori 'Biyoloji - Genetik Kitapları': 1 sayfa, 1 ürün
2026-08-08 16:56:47,877 | INFO    | bookdata.pipeline.products | Kategori 'Önemli Olaylar ve Biyografi ve Otobiyografi Kitapları': 1 sayfa, 12 ürün
2026-08-08 16:56:47,991 | INFO    | bookdata.pipeline.products | Kategori 'Anı - Mektup - Günlük Kitapları': 1 sayfa, 12 ürün
2026-08-08 16:56:48,088 | INFO    | bookdata.pipeline.products | Kategori 'İskandinav Edebiyatı': 1 sayfa, 3 ürün
2026-08-08 16:56:48,196 | INFO    | bookdata.pipeline.products | Kategori 'İspanyol Edebiyatı': 1 sayfa, 12 ürün
2026-08-08 16:56:48,376 | INFO    | bookdata.pipeline.products | Kategori 'Antik Mısır Kitapları': 1 sayfa, 8 ürün
2026-08-08 16:56:48,491 | INFO    | bookdata.pipeline.products | Kategori 'Sessiz Kitaplar': 1 sayfa, 12 ürün
2026-08-08 16:56:48,595 | INFO    | bookdata.pipeline.products | Kategori 'Bilim Kurgu Kitapları': 1 sayfa, 7 ürün
2026-08-08 16:56:48,704 | INFO    | bookdata.pipeline.products | Kategori 'Ofis Makineleri': 1 sayfa, 12 ürün
2026-08-08 16:56:48,861 | INFO    | bookdata.pipeline.products | Kategori 'KPSS Kitapları': ürün bulunamadı (1 sayfa)
2026-08-08 16:56:48,975 | INFO    | bookdata.pipeline.products | Kategori 'En Çok Satan 50 Dünya Klasiği': 1 sayfa, 12 ürün
2026-08-08 16:56:49,095 | INFO    | bookdata.pipeline.products | Kategori 'Şiir Kitapları': 1 sayfa, 12 ürün
2026-08-08 16:56:49,201 | INFO    | bookdata.pipeline.products | Kategori 'Yapbozlu Kitapları': 1 sayfa, 12 ürün
2026-08-08 16:56:49,381 | INFO    | bookdata.pipeline.products | Kategori 'Okul Öncesi Şekilli Kitaplar': 1 sayfa, 12 ürün
2026-08-08 16:56:49,495 | INFO    | bookdata.pipeline.products | Kategori 'Sanatsal Malzemeler': 1 sayfa, 12 ürün
2026-08-08 16:56:49,607 | INFO    | bookdata.pipeline.products | Kategori 'I. Dünya Savaşı Kitapları': 1 sayfa, 12 ürün
2026-08-08 16:56:49,777 | INFO    | bookdata.pipeline.products | Kategori 'En Çok Satan Gerilim Kitapları': 1 sayfa, 12 ürün
2026-08-08 16:56:49,894 | INFO    | bookdata.pipeline.products | Kategori 'Beslenme ve Diyet Kitapları': 1 sayfa, 12 ürün
2026-08-08 16:56:50,003 | INFO    | bookdata.pipeline.products | Kategori 'Seyahatname Kitapları': 1 sayfa, 12 ürün
2026-08-08 16:56:50,120 | INFO    | bookdata.pipeline.products | Kategori 'Çocuk Çizgi Roman Kitapları': 1 sayfa, 12 ürün
2026-08-08 16:56:50,308 | INFO    | bookdata.pipeline.products | Kategori 'Anaokulu': 1 sayfa, 12 ürün
2026-08-08 16:56:50,423 | INFO    | bookdata.pipeline.products | Kategori 'En Çok Satan Selçuklu Tarihi Kitapları': 1 sayfa, 12 ürün
2026-08-08 16:56:50,536 | INFO    | bookdata.pipeline.products | Kategori 'Gezi Rehberi Kitapları': 1 sayfa, 12 ürün
2026-08-08 16:56:50,651 | INFO    | bookdata.pipeline.products | Kategori 'Çocuk Gelişimi Kitapları': 1 sayfa, 12 ürün
2026-08-08 16:56:50,835 | INFO    | bookdata.pipeline.products | Kategori 'Slime ve Malzemeleri': 1 sayfa, 5 ürün
2026-08-08 16:56:50,947 | INFO    | bookdata.pipeline.products | Kategori 'Sağlık Kitapları': 1 sayfa, 12 ürün
2026-08-08 16:56:51,058 | INFO    | bookdata.pipeline.products | Kategori 'Divan Edebiyatı ve Halk Edebiyatı Kitapları': 1 sayfa, 12 ürün
2026-08-08 16:56:51,149 | INFO    | bookdata.pipeline.products | Kategori 'Fizik Tedavi ve Rehabilitasyon Kitapları': 1 sayfa, 1 ürün
2026-08-08 16:56:51,348 | INFO    | bookdata.pipeline.products | Kategori 'Çocuk Bilim Kitapları': 1 sayfa, 12 ürün
2026-08-08 16:56:51,463 | INFO    | bookdata.pipeline.products | Kategori 'Araştırma ve İnceleme Kitapları': 1 sayfa, 12 ürün
2026-08-08 16:56:51,580 | INFO    | bookdata.pipeline.products | Kategori 'Masallar': 1 sayfa, 12 ürün
2026-08-08 16:56:51,689 | INFO    | bookdata.pipeline.products | Kategori 'Ofis Malzemeleri': 1 sayfa, 12 ürün
2026-08-08 16:56:51,882 | INFO    | bookdata.pipeline.products | Kategori 'En İyi Korku Kitapları': 1 sayfa, 12 ürün
2026-08-08 16:56:51,999 | INFO    | bookdata.pipeline.products | Kategori 'Korku ve Gerilim Edebiyatı': 1 sayfa, 12 ürün
2026-08-08 16:56:52,110 | INFO    | bookdata.pipeline.products | Kategori 'Türk Tarihi Araştırmaları Kitapları': 1 sayfa, 12 ürün
2026-08-08 16:56:52,289 | INFO    | bookdata.pipeline.products | Kategori 'Derlemeler': 1 sayfa, 12 ürün
2026-08-08 16:56:52,402 | INFO    | bookdata.pipeline.products | Kategori 'En Çok Satan Biyografi Kitapları': 1 sayfa, 12 ürün
2026-08-08 16:56:52,513 | INFO    | bookdata.pipeline.products | Kategori 'İngiliz Edebiyatı': 1 sayfa, 12 ürün
2026-08-08 16:56:52,625 | INFO    | bookdata.pipeline.products | Kategori 'Söyleşi Kitapları': 1 sayfa, 12 ürün
2026-08-08 16:56:52,819 | INFO    | bookdata.pipeline.products | Kategori 'Genel Ülke Edebiyatları Kitapları': 1 sayfa, 12 ürün
2026-08-08 16:56:53,035 | INFO    | bookdata.pipeline.products | Kategori 'Çizgi Roman Kitapları': 1 sayfa, 12 ürün
2026-08-08 16:56:53,123 | INFO    | bookdata.pipeline.products | Kategori 'Amerika Tarihi Kitapları': ürün bulunamadı (1 sayfa)
2026-08-08 16:56:53,313 | INFO    | bookdata.pipeline.products | Kategori 'Psikolojik Kitaplar': 1 sayfa, 12 ürün
2026-08-08 16:56:53,435 | INFO    | bookdata.pipeline.products | Kategori 'Gelişim Psikolojisi Kitapları': 1 sayfa, 12 ürün
2026-08-08 16:56:53,517 | INFO    | bookdata.pipeline.products | Kategori 'Çok Satanlar': ürün bulunamadı (1 sayfa)
2026-08-08 16:56:53,625 | INFO    | bookdata.pipeline.products | Kategori 'Gezi ve Rehber Kitapları': 1 sayfa, 12 ürün
2026-08-08 16:56:53,822 | INFO    | bookdata.pipeline.products | Kategori '100 Temel Eser Kitapları': 1 sayfa, 12 ürün
2026-08-08 16:56:53,935 | INFO    | bookdata.pipeline.products | Kategori 'II. Dünya Savaşı Kitapları': 1 sayfa, 12 ürün
2026-08-08 16:56:54,042 | INFO    | bookdata.pipeline.products | Kategori 'En Çok Satan Osmanlı Kitapları': 1 sayfa, 12 ürün
2026-08-08 16:56:54,136 | INFO    | bookdata.pipeline.products | Kategori 'Coğrafya ve Genel Kitaplar': 1 sayfa, 1 ürün
2026-08-08 16:56:54,332 | INFO    | bookdata.pipeline.products | Kategori 'Eğitim Psikolojisi Kitapları': 1 sayfa, 12 ürün
2026-08-08 16:56:54,448 | INFO    | bookdata.pipeline.products | Kategori 'Tarihi Romanlar': 1 sayfa, 12 ürün
2026-08-08 16:56:54,567 | INFO    | bookdata.pipeline.products | Kategori 'Yakın Tarih Kitapları': 1 sayfa, 12 ürün
2026-08-08 16:56:54,838 | INFO    | bookdata.pipeline.products | Kategori 'En Çok Satan Dünya Tarihi Kitapları': 1 sayfa, 12 ürün
2026-08-08 16:56:54,952 | INFO    | bookdata.pipeline.products | Kategori 'Genel Edebiyat Kitapları': 1 sayfa, 12 ürün
2026-08-08 16:56:55,060 | INFO    | bookdata.pipeline.products | Kategori 'Latin Edebiyatı': 1 sayfa, 12 ürün
2026-08-08 16:56:55,273 | INFO    | bookdata.pipeline.products | Kategori 'Hikayeler': 1 sayfa, 12 ürün
2026-08-08 16:56:55,387 | INFO    | bookdata.pipeline.products | Kategori 'Matbu Evraklar ve Makbuzlar': 1 sayfa, 12 ürün
2026-08-08 16:56:55,499 | INFO    | bookdata.pipeline.products | Kategori ' Mizah Kitapları': 1 sayfa, 12 ürün
2026-08-08 16:56:55,605 | INFO    | bookdata.pipeline.products | Kategori 'Türkiye - Yakın Tarih Kitapları': 1 sayfa, 12 ürün
2026-08-08 16:56:55,833 | INFO    | bookdata.pipeline.products | Kategori 'Osmanlı Tarihi Kitapları': 1 sayfa, 12 ürün
2026-08-08 16:56:55,943 | INFO    | bookdata.pipeline.products | Kategori 'Psikoloji Başvuru Kitapları': 1 sayfa, 12 ürün
2026-08-08 16:56:56,056 | INFO    | bookdata.pipeline.products | Kategori '4. Sınıf Kitapları': 1 sayfa, 12 ürün
2026-08-08 16:56:56,151 | INFO    | bookdata.pipeline.products | Kategori 'Araç ve Gereçler': 1 sayfa, 2 ürün
2026-08-08 16:56:56,377 | INFO    | bookdata.pipeline.products | Kategori 'Alman Edebiyatı Kitapları': 1 sayfa, 12 ürün
2026-08-08 16:56:56,515 | INFO    | bookdata.pipeline.products | Kategori 'Denemeler': 1 sayfa, 12 ürün
2026-08-08 16:56:56,632 | INFO    | bookdata.pipeline.products | Kategori 'En Çok Satan Seri Katil Kitapları': 1 sayfa, 11 ürün
2026-08-08 16:56:56,929 | INFO    | bookdata.pipeline.products | Kategori 'En Çok Satan 100 Tarih Kitabı': 1 sayfa, 12 ürün
2026-08-08 16:56:57,034 | INFO    | bookdata.pipeline.products | Kategori 'Dekoratif Ürünler': 1 sayfa, 7 ürün
2026-08-08 16:56:57,144 | INFO    | bookdata.pipeline.products | Kategori 'Yapıştırıcı ve Bantlar': 1 sayfa, 12 ürün
2026-08-08 16:56:57,254 | INFO    | bookdata.pipeline.products | Kategori 'Din Psikolojisi Kitapları': 1 sayfa, 12 ürün
2026-08-08 16:56:57,472 | INFO    | bookdata.pipeline.products | Kategori 'Aforizma': 1 sayfa, 12 ürün
2026-08-08 16:56:57,591 | INFO    | bookdata.pipeline.products | Kategori 'Genel Sağlık Kitapları': 1 sayfa, 12 ürün
2026-08-08 16:56:57,686 | INFO    | bookdata.pipeline.products | Kategori 'Anadolu Tarihi Kitapları': 1 sayfa, 3 ürün
2026-08-08 16:56:57,794 | INFO    | bookdata.pipeline.products | Kategori 'Fransız Edebiyatı Kitapları': 1 sayfa, 12 ürün
2026-08-08 16:56:58,010 | INFO    | bookdata.pipeline.products | Kategori 'Boyalar ve Boya Ürünleri': 1 sayfa, 12 ürün
2026-08-08 16:56:58,126 | INFO    | bookdata.pipeline.products | Kategori 'Aşk Kitapları': 1 sayfa, 12 ürün
2026-08-08 16:56:58,240 | INFO    | bookdata.pipeline.products | Kategori '0-3 Yaş Kitapları': 1 sayfa, 12 ürün
2026-08-08 16:56:58,445 | INFO    | bookdata.pipeline.products | Kategori 'Seçili Araştırma ve Tarih Kitapları': 1 sayfa, 12 ürün
2026-08-08 16:56:58,560 | INFO    | bookdata.pipeline.products | Kategori 'Türk Klasikleri Kitapları': 1 sayfa, 12 ürün
2026-08-08 16:56:58,662 | INFO    | bookdata.pipeline.products | Kategori 'Kurtuluş Savaşı Kitapları': 1 sayfa, 2 ürün
2026-08-08 16:56:58,973 | INFO    | bookdata.pipeline.products | Kategori 'Amerikan Edebiyatı': 1 sayfa, 12 ürün
2026-08-08 16:56:59,079 | INFO    | bookdata.pipeline.products | Kategori 'Hamilelik ve Doğum Kitapları': 1 sayfa, 6 ürün
2026-08-08 16:56:59,190 | INFO    | bookdata.pipeline.products | Kategori 'Yoga Meditasyon Kitapları': 1 sayfa, 12 ürün
2026-08-08 16:56:59,284 | INFO    | bookdata.pipeline.products | Kategori 'Ülkeler Tarihi Kitapları': 1 sayfa, 2 ürün
2026-08-08 16:56:59,498 | INFO    | bookdata.pipeline.products | Kategori 'Çocuk Bilmece Bulmaca Kitapları': 1 sayfa, 12 ürün
2026-08-08 16:56:59,619 | INFO    | bookdata.pipeline.products | Kategori 'Türk Edebiyatı Romanları': 1 sayfa, 12 ürün
2026-08-08 16:56:59,738 | INFO    | bookdata.pipeline.products | Kategori 'Çocuk 6-7 Yaş Kitapları': 1 sayfa, 12 ürün
2026-08-08 16:56:59,826 | INFO    | bookdata.pipeline.products | Kategori 'Tahta ve Panolar': ürün bulunamadı (1 sayfa)
2026-08-08 16:57:00,044 | INFO    | bookdata.pipeline.products | Kategori 'Çıkartmalı Kitaplar': 1 sayfa, 12 ürün
2026-08-08 16:57:00,158 | INFO    | bookdata.pipeline.products | Kategori 'Türkiye ve Cumhuriyet Tarihi Kitapları': 1 sayfa, 12 ürün
2026-08-08 16:57:00,269 | INFO    | bookdata.pipeline.products | Kategori 'En Çok Okunan Suç Kitapları': 1 sayfa, 12 ürün
2026-08-08 16:57:00,376 | INFO    | bookdata.pipeline.products | Kategori 'Çocuk 0-3 Yaş Kitapları': 1 sayfa, 12 ürün
2026-08-08 16:57:00,626 | INFO    | bookdata.pipeline.products | Kategori 'Genel Tarih Kitapları ': 1 sayfa, 12 ürün
2026-08-08 16:57:00,739 | INFO    | bookdata.pipeline.products | Kategori 'Okunması Gereken Şiir Kitapları': 1 sayfa, 12 ürün
2026-08-08 16:57:00,932 | INFO    | bookdata.pipeline.products | Kategori 'Araştırma - İnceleme Kitapları': 1 sayfa, 12 ürün
2026-08-08 16:57:01,146 | INFO    | bookdata.pipeline.products | Kategori 'Psikoloji': 1 sayfa, 12 ürün
2026-08-08 16:57:01,261 | INFO    | bookdata.pipeline.products | Kategori 'Dünya Tarihi Kitapları': 1 sayfa, 12 ürün
2026-08-08 16:57:01,371 | INFO    | bookdata.pipeline.products | Kategori 'Çocuk Referans Kitaplar': 1 sayfa, 12 ürün
2026-08-08 16:57:01,462 | INFO    | bookdata.pipeline.products | Kategori 'Sosyal Tarih Kitapları': 1 sayfa, 2 ürün
2026-08-08 16:57:01,661 | INFO    | bookdata.pipeline.products | Kategori 'Biyografi Otobiyografi Kitapları': 1 sayfa, 12 ürün
2026-08-08 16:57:01,778 | INFO    | bookdata.pipeline.products | Kategori 'Din Eğitimi Kitapları': 1 sayfa, 12 ürün
2026-08-08 16:57:01,886 | INFO    | bookdata.pipeline.products | Kategori 'Yetişkin Masal Kitapları': 1 sayfa, 9 ürün
2026-08-08 16:57:02,098 | INFO    | bookdata.pipeline.products | Kategori 'Referans Kitaplar': 1 sayfa, 12 ürün
2026-08-08 16:57:02,222 | INFO    | bookdata.pipeline.products | Kategori 'Çocuk İlkokul Kitapları': 1 sayfa, 12 ürün
2026-08-08 16:57:02,339 | INFO    | bookdata.pipeline.products | Kategori 'Klasik Romanlar ve Kitapları': 1 sayfa, 12 ürün
2026-08-08 16:57:02,453 | INFO    | bookdata.pipeline.products | Kategori '3. Sınıf Kitapları': 1 sayfa, 12 ürün
2026-08-08 16:57:02,669 | INFO    | bookdata.pipeline.products | Kategori 'Psikiyatri ve Psikanaliz Kitapları': 1 sayfa, 5 ürün
2026-08-08 16:57:02,786 | INFO    | bookdata.pipeline.products | Kategori 'Gençlik Edebiyatı': 1 sayfa, 12 ürün
2026-08-08 16:57:02,978 | INFO    | bookdata.pipeline.products | Kategori '100 Temel Eser': 1 sayfa, 12 ürün
2026-08-08 16:57:03,179 | INFO    | bookdata.pipeline.products | Kategori 'Histoloji ve Embriyoloji Kitapları': 1 sayfa, 1 ürün
2026-08-08 16:57:03,292 | INFO    | bookdata.pipeline.products | Kategori 'Polisiye Romanlar': 1 sayfa, 12 ürün
2026-08-08 16:57:03,403 | INFO    | bookdata.pipeline.products | Kategori 'Göktürk Tarihi Kitapları': 1 sayfa, 9 ürün
2026-08-08 16:57:03,511 | INFO    | bookdata.pipeline.products | Kategori 'En Çok Satan Gizemli Kitaplar': 1 sayfa, 12 ürün
2026-08-08 16:57:03,725 | INFO    | bookdata.pipeline.products | Kategori 'Ortadoğu - Arap Edebiyatı Kitapları': 1 sayfa, 12 ürün
2026-08-08 16:57:03,824 | INFO    | bookdata.pipeline.products | Kategori 'Yabancı Dilde Tarih Kitapları ': 1 sayfa, 1 ürün
2026-08-08 16:57:03,935 | INFO    | bookdata.pipeline.products | Kategori 'National Geographic Kids': 1 sayfa, 12 ürün
2026-08-08 16:57:04,040 | INFO    | bookdata.pipeline.products | Kategori 'Okul Öncesi Çocuk Kitapları': 1 sayfa, 12 ürün
2026-08-08 16:57:04,257 | INFO    | bookdata.pipeline.products | Kategori 'Gezi ve Rehber Kitapları': 1 sayfa, 12 ürün
2026-08-08 16:57:04,353 | INFO    | bookdata.pipeline.products | Kategori 'Psikoloji Akımları Kitapları': 1 sayfa, 2 ürün
2026-08-08 16:57:04,469 | INFO    | bookdata.pipeline.products | Kategori 'Politik - Kurgu Kitapları': 1 sayfa, 12 ürün
2026-08-08 16:57:04,775 | INFO    | bookdata.pipeline.products | Kategori '5. Sınıf Kitapları': 1 sayfa, 12 ürün
2026-08-08 16:57:04,885 | INFO    | bookdata.pipeline.products | Kategori 'Kürt Edebiyatı': 1 sayfa, 12 ürün
2026-08-08 16:57:05,000 | INFO    | bookdata.pipeline.products | Kategori 'Casusluk Kitapları': 1 sayfa, 12 ürün
2026-08-08 16:57:05,119 | INFO    | bookdata.pipeline.products | Kategori 'Öykü Kitapları': 1 sayfa, 12 ürün
2026-08-08 16:57:05,356 | INFO    | bookdata.pipeline.products | Kategori 'Periyodik Yayınlar': 1 sayfa, 3 ürün
2026-08-08 16:57:05,467 | INFO    | bookdata.pipeline.products | Kategori 'En Çok Satan Diyet Kitapları': 1 sayfa, 12 ürün
2026-08-08 16:57:05,570 | INFO    | bookdata.pipeline.products | Kategori 'Tarihi Kişilikler Kitapları': 1 sayfa, 6 ürün
2026-08-08 16:57:05,691 | INFO    | bookdata.pipeline.products | Kategori 'Gençlik Lise Kitapları': 1 sayfa, 12 ürün
2026-08-08 16:57:05,922 | INFO    | bookdata.pipeline.products | Kategori 'Fantastik Kitaplar': 1 sayfa, 12 ürün
2026-08-08 16:57:06,025 | INFO    | bookdata.pipeline.products | Kategori 'Tarih - Mitoloji Kitapları': 1 sayfa, 2 ürün
2026-08-08 16:57:06,137 | INFO    | bookdata.pipeline.products | Kategori 'Kent Rehberleri': 1 sayfa, 12 ürün
2026-08-08 16:57:06,232 | INFO    | bookdata.pipeline.products | Kategori 'Yazıcı ve Fotokopi Kağıtları': 1 sayfa, 5 ürün
2026-08-08 16:57:06,483 | INFO    | bookdata.pipeline.products | Kategori 'Kalemler ve Yazı Gereçleri': 1 sayfa, 12 ürün
2026-08-08 16:57:06,778 | INFO    | bookdata.pipeline.products | Kategori 'İtalyan Edebiyatı': 1 sayfa, 12 ürün
2026-08-08 16:57:06,998 | INFO    | bookdata.pipeline.products | Kategori 'Cinsellik Kitapları': 1 sayfa, 12 ürün
2026-08-08 16:57:07,113 | INFO    | bookdata.pipeline.products | Kategori 'Başvuru Kitapları': 1 sayfa, 12 ürün
2026-08-08 16:57:07,217 | INFO    | bookdata.pipeline.products | Kategori 'Eğitici ve Öğretici Çocuk Kitapları': 1 sayfa, 12 ürün
2026-08-08 16:57:07,437 | INFO    | bookdata.pipeline.products | Kategori 'Ölçü ve Çizim Malzemeleri': 1 sayfa, 12 ürün
2026-08-08 16:57:07,580 | INFO    | bookdata.pipeline.products | Kategori 'Eğitim - Okula Yardımcı Kitaplar': 1 sayfa, 26 ürün
2026-08-08 16:57:07,687 | INFO    | bookdata.pipeline.products | Kategori 'Tavsiye Kitapları': 1 sayfa, 12 ürün
2026-08-08 16:57:07,792 | INFO    | bookdata.pipeline.products | Kategori 'Çocuk Rehber - Kişisel Gelişim Kitapları': 1 sayfa, 12 ürün
2026-08-08 16:57:08,015 | INFO    | bookdata.pipeline.products | Kategori 'Arkeoloji Kitapları': 1 sayfa, 2 ürün
2026-08-08 16:57:08,127 | INFO    | bookdata.pipeline.products | Kategori 'Dünya Klasikleri TOP 50': 1 sayfa, 12 ürün
2026-08-08 16:57:08,503 | INFO    | bookdata.pipeline.products | Kategori 'Psikolojik Danışma Kitapları ': 1 sayfa, 8 ürün
2026-08-08 16:57:41,499 | INFO    | bookdata.pipeline.products | Kategori 'Yayınevi Listesi': ürün bulunamadı (50 sayfa)
2026-08-08 16:57:57,888 | INFO    | bookdata.pipeline.products | Kategori 'Yazar Listesi': ürün bulunamadı (50 sayfa)
2026-08-08 16:57:57,901 | INFO    | bookdata.pipeline.standardize | Standardize edildi: 2379 ham → 2135 ürün
2026-08-08 16:57:58,135 | INFO    | bookdata.pipeline.merge | Fiyat karşılaştırması: 2135 ürünün 2064 tanesinde değişiklik/yeni kayıt
2026-08-08 16:57:58,151 | INFO    | bookdata.adapters.storage | Veri setine 2064 yeni kayıt eklendi: Data/bkm_Datasets.csv
2026-08-08 16:57:58,159 | INFO    | bookdata.pipeline.runner | Özet: 246 kategori bulundu, 234 işlendi; 2135 ürün → 2064 kayıt eklendi (toplam 10198). İstek: 333, hata: 0
2026-08-08 16:58:00,003 | INFO    | bookdata.adapters.kaggle | Kaggle yayını tamamlandı: furkanzeki/bkm-book-dataset (2026-08-08)
2026-08-08 18:39:06,144 | INFO    | bookdata.pipeline.filter | Ignore kuralları gereği 12 kategori atlandı (10 desen)
2026-08-08 18:39:06,974 | INFO    | bookdata.pipeline.products | Kategori 'Cinsellik Kitapları': 1 sayfa, 12 ürün
2026-08-08 18:39:07,122 | INFO    | bookdata.pipeline.products | Kategori 'Klasik Romanlar ve Kitapları': 1 sayfa, 12 ürün
2026-08-08 18:39:07,228 | INFO    | bookdata.pipeline.products | Kategori 'Gezi Rehberi Kitapları': 1 sayfa, 12 ürün
2026-08-08 18:39:07,369 | INFO    | bookdata.pipeline.products | Kategori 'En İyi Korku Kitapları': 1 sayfa, 12 ürün
2026-08-08 18:39:07,460 | INFO    | bookdata.pipeline.products | Kategori 'Histoloji ve Embriyoloji Kitapları': 1 sayfa, 1 ürün
2026-08-08 18:39:07,607 | INFO    | bookdata.pipeline.products | Kategori 'Çocuk Etkinlik Kitapları': 1 sayfa, 12 ürün
2026-08-08 18:39:07,715 | INFO    | bookdata.pipeline.products | Kategori 'Çizgi Roman - Anime ve Mangalar': 1 sayfa, 12 ürün
2026-08-08 18:39:07,802 | INFO    | bookdata.pipeline.products | Kategori 'İskandinav Edebiyatı': 1 sayfa, 3 ürün
2026-08-08 18:39:07,908 | INFO    | bookdata.pipeline.products | Kategori 'Senaryo Kitapları': 1 sayfa, 12 ürün
2026-08-08 18:39:08,057 | INFO    | bookdata.pipeline.products | Kategori 'Fransız Edebiyatı Kitapları': 1 sayfa, 12 ürün
2026-08-08 18:39:08,162 | INFO    | bookdata.pipeline.products | Kategori 'Amerikan Edebiyatı': 1 sayfa, 12 ürün
2026-08-08 18:39:08,271 | INFO    | bookdata.pipeline.products | Kategori 'Zeka Gelişimi Kitapları': 1 sayfa, 12 ürün
2026-08-08 18:39:08,379 | INFO    | bookdata.pipeline.products | Kategori 'Ekol ve Yaklaşım Kitapları': 1 sayfa, 12 ürün
2026-08-08 18:39:08,519 | INFO    | bookdata.pipeline.products | Kategori 'Amerika Tarihi Kitapları': ürün bulunamadı (1 sayfa)
2026-08-08 18:39:08,626 | INFO    | bookdata.pipeline.products | Kategori 'Genel Çocuk Kitapları': 1 sayfa, 12 ürün
2026-08-08 18:39:08,728 | INFO    | bookdata.pipeline.products | Kategori 'Çocuk Boyama Kitapları': 1 sayfa, 12 ürün
2026-08-08 18:39:08,821 | INFO    | bookdata.pipeline.products | Kategori 'Seyahatname Kitapları': 1 sayfa, 3 ürün
2026-08-08 18:39:08,964 | INFO    | bookdata.pipeline.products | Kategori 'Etkinlik Kitapları': 1 sayfa, 12 ürün
2026-08-08 18:39:09,071 | INFO    | bookdata.pipeline.products | Kategori 'Türkiye - Yakın Tarih Kitapları': 1 sayfa, 12 ürün
2026-08-08 18:39:09,171 | INFO    | bookdata.pipeline.products | Kategori 'Tarih Felsefesi Kitapları': 1 sayfa, 12 ürün
2026-08-08 18:39:09,314 | INFO    | bookdata.pipeline.products | Kategori 'Dosya ve Klasörler': 1 sayfa, 12 ürün
2026-08-08 18:39:09,420 | INFO    | bookdata.pipeline.products | Kategori 'Başvuru Kitapları': 1 sayfa, 12 ürün
2026-08-08 18:39:09,524 | INFO    | bookdata.pipeline.products | Kategori 'Dünya Çocuk Klasikleri': 1 sayfa, 12 ürün
2026-08-08 18:39:09,628 | INFO    | bookdata.pipeline.products | Kategori 'Yapbozlu Kitapları': 1 sayfa, 12 ürün
2026-08-08 18:39:09,792 | INFO    | bookdata.pipeline.products | Kategori 'Dünya Tarihi Kitapları': 1 sayfa, 12 ürün
2026-08-08 18:39:09,927 | INFO    | bookdata.pipeline.products | Kategori 'Çocuk Çizgi Roman Kitapları': 1 sayfa, 12 ürün
2026-08-08 18:39:10,183 | INFO    | bookdata.pipeline.products | Kategori 'Alternatif Tıp Şifalı Bitkiler Kitapları': 1 sayfa, 12 ürün
2026-08-08 18:39:10,288 | INFO    | bookdata.pipeline.products | Kategori 'Tavsiye Kitapları': 1 sayfa, 12 ürün
2026-08-08 18:39:10,443 | INFO    | bookdata.pipeline.products | Kategori 'Dünya Klasikleri TOP 50': 1 sayfa, 12 ürün
2026-08-08 18:39:10,540 | INFO    | bookdata.pipeline.products | Kategori 'Çocuk Dil Eğitimi Kitapları': 1 sayfa, 4 ürün
2026-08-08 18:39:10,632 | INFO    | bookdata.pipeline.products | Kategori 'Bölgeler Tarihi Kitapları': 1 sayfa, 3 ürün
2026-08-08 18:39:10,722 | INFO    | bookdata.pipeline.products | Kategori 'Psikiyatri ve Psikanaliz Kitapları': 1 sayfa, 5 ürün
2026-08-08 18:39:10,873 | INFO    | bookdata.pipeline.products | Kategori 'Osmanlı Tarihi Kitapları': 1 sayfa, 12 ürün
2026-08-08 18:39:10,970 | INFO    | bookdata.pipeline.products | Kategori 'Tarihi Belgeler Kitapları': 1 sayfa, 2 ürün
2026-08-08 18:39:11,074 | INFO    | bookdata.pipeline.products | Kategori 'Tarihi Romanlar': 1 sayfa, 12 ürün
2026-08-08 18:39:11,158 | INFO    | bookdata.pipeline.products | Kategori 'Nöroloji Kitapları': 1 sayfa, 1 ürün
2026-08-08 18:39:11,322 | INFO    | bookdata.pipeline.products | Kategori 'Eleştiri İnceleme ve Kuram Kitapları': 1 sayfa, 12 ürün
2026-08-08 18:39:11,433 | INFO    | bookdata.pipeline.products | Kategori 'Kalemler ve Yazı Gereçleri': 1 sayfa, 12 ürün
2026-08-08 18:39:11,547 | INFO    | bookdata.pipeline.products | Kategori '1. Sınıf Kitapları': 1 sayfa, 12 ürün
2026-08-08 18:39:11,725 | INFO    | bookdata.pipeline.products | Kategori 'Psikoloji': 1 sayfa, 12 ürün
2026-08-08 18:39:11,882 | INFO    | bookdata.pipeline.products | Kategori 'Hamilelik ve Doğum Kitapları': 1 sayfa, 6 ürün
2026-08-08 18:39:11,966 | INFO    | bookdata.pipeline.products | Kategori 'Milletler Tarihi Kitapları': ürün bulunamadı (1 sayfa)
2026-08-08 18:39:12,075 | INFO    | bookdata.pipeline.products | Kategori 'İtalyan Edebiyatı': 1 sayfa, 12 ürün
2026-08-08 18:39:12,179 | INFO    | bookdata.pipeline.products | Kategori 'Türk Edebiyatı TOP 50': 1 sayfa, 12 ürün
2026-08-08 18:39:12,318 | INFO    | bookdata.pipeline.products | Kategori 'Coğrafya ve Genel Kitaplar': 1 sayfa, 1 ürün
2026-08-08 18:39:12,422 | INFO    | bookdata.pipeline.products | Kategori 'En Çok Satan Seri Katil Kitapları': 1 sayfa, 11 ürün
2026-08-08 18:39:12,528 | INFO    | bookdata.pipeline.products | Kategori '100 Temel Eser Kitapları': 1 sayfa, 12 ürün
2026-08-08 18:39:12,631 | INFO    | bookdata.pipeline.products | Kategori 'Eğitim Psikolojisi Kitapları': 1 sayfa, 12 ürün
2026-08-08 18:39:12,782 | INFO    | bookdata.pipeline.products | Kategori 'Dokun Hisset Kitapları': 1 sayfa, 10 ürün
2026-08-08 18:39:12,892 | INFO    | bookdata.pipeline.products | Kategori 'Defterler': 1 sayfa, 12 ürün
2026-08-08 18:39:12,996 | INFO    | bookdata.pipeline.products | Kategori 'Ofis Makineleri': 1 sayfa, 12 ürün
2026-08-08 18:39:13,158 | INFO    | bookdata.pipeline.products | Kategori 'Psikoloji Başvuru Kitapları': 1 sayfa, 12 ürün
2026-08-08 18:39:13,264 | INFO    | bookdata.pipeline.products | Kategori '0-3 Yaş Kitapları': 1 sayfa, 12 ürün
2026-08-08 18:39:13,359 | INFO    | bookdata.pipeline.products | Kategori 'Kurtuluş Savaşı Kitapları': 1 sayfa, 2 ürün
2026-08-08 18:39:13,463 | INFO    | bookdata.pipeline.products | Kategori 'Ortadoğu - Arap Edebiyatı Kitapları': 1 sayfa, 12 ürün
2026-08-08 18:39:13,615 | INFO    | bookdata.pipeline.products | Kategori 'Psikolojik Araştırma Teknikleri Kitapları': 1 sayfa, 1 ürün
2026-08-08 18:39:13,724 | INFO    | bookdata.pipeline.products | Kategori 'En Çok Satan Gizemli Kitaplar': 1 sayfa, 12 ürün
2026-08-08 18:39:13,834 | INFO    | bookdata.pipeline.products | Kategori 'Yunan Mitolojisi Kitapları': 1 sayfa, 11 ürün
2026-08-08 18:39:13,941 | INFO    | bookdata.pipeline.products | Kategori 'En Çok Okunan Karikatür Kitapları': 1 sayfa, 12 ürün
2026-08-08 18:39:14,108 | INFO    | bookdata.pipeline.products | Kategori 'II. Dünya Savaşı Kitapları': 1 sayfa, 12 ürün
2026-08-08 18:39:14,218 | INFO    | bookdata.pipeline.products | Kategori 'Çizgi Roman Kitapları': 1 sayfa, 12 ürün
2026-08-08 18:39:14,330 | INFO    | bookdata.pipeline.products | Kategori 'National Geographic Kids': 1 sayfa, 12 ürün
2026-08-08 18:39:14,442 | INFO    | bookdata.pipeline.products | Kategori 'En Çok Satan Gerilim Kitapları': 1 sayfa, 12 ürün
2026-08-08 18:39:14,614 | INFO    | bookdata.pipeline.products | Kategori 'Yakın Tarih Kitapları': 1 sayfa, 12 ürün
2026-08-08 18:39:14,731 | INFO    | bookdata.pipeline.products | Kategori 'Seçili Araştırma ve Tarih Kitapları': 1 sayfa, 12 ürün
2026-08-08 18:39:14,841 | INFO    | bookdata.pipeline.products | Kategori 'Bilim Kurgu Kitapları': 1 sayfa, 12 ürün
2026-08-08 18:39:15,003 | INFO    | bookdata.pipeline.products | Kategori 'Casusluk Kitapları': 1 sayfa, 12 ürün
2026-08-08 18:39:15,110 | INFO    | bookdata.pipeline.products | Kategori 'Kağıt Ürünleri': 1 sayfa, 12 ürün
2026-08-08 18:39:15,228 | INFO    | bookdata.pipeline.products | Kategori 'En Sevilen Çocuk Kitabı Setleri': 1 sayfa, 12 ürün
2026-08-08 18:39:15,332 | INFO    | bookdata.pipeline.products | Kategori 'Edebiyat Kitapları': 1 sayfa, 12 ürün
2026-08-08 18:39:15,512 | INFO    | bookdata.pipeline.products | Kategori 'Çocuk 4-5 Yaş Kitapları': 1 sayfa, 12 ürün
2026-08-08 18:39:15,622 | INFO    | bookdata.pipeline.products | Kategori 'Ajanda,Takvim Ve Planlayıcılar': 1 sayfa, 12 ürün
2026-08-08 18:39:15,726 | INFO    | bookdata.pipeline.products | Kategori 'Gezi ve Rehber Kitapları': 1 sayfa, 12 ürün
2026-08-08 18:39:15,840 | INFO    | bookdata.pipeline.products | Kategori 'Genel Psikoloji Kitapları': 1 sayfa, 12 ürün
2026-08-08 18:39:16,004 | INFO    | bookdata.pipeline.products | Kategori 'En Çok Satan Diyet Kitapları': 1 sayfa, 12 ürün
2026-08-08 18:39:16,119 | INFO    | bookdata.pipeline.products | Kategori 'Ofis Malzemeleri': 1 sayfa, 12 ürün
2026-08-08 18:39:16,224 | INFO    | bookdata.pipeline.products | Kategori 'Anı - Mektup - Günlük Kitapları': 1 sayfa, 12 ürün
2026-08-08 18:39:16,318 | INFO    | bookdata.pipeline.products | Kategori 'Arkeoloji Kitapları': 1 sayfa, 2 ürün
2026-08-08 18:39:16,471 | INFO    | bookdata.pipeline.products | Kategori 'Uzakdoğu Edebiyatı': 1 sayfa, 12 ürün
2026-08-08 18:39:16,589 | INFO    | bookdata.pipeline.products | Kategori 'Tarih Kitapları': 1 sayfa, 12 ürün
2026-08-08 18:39:16,696 | INFO    | bookdata.pipeline.products | Kategori 'Roman': 1 sayfa, 12 ürün
2026-08-08 18:39:16,866 | INFO    | bookdata.pipeline.products | Kategori 'Alman Edebiyatı Kitapları': 1 sayfa, 12 ürün
2026-08-08 18:39:16,975 | INFO    | bookdata.pipeline.products | Kategori 'Roman ve Öykü Kitapları': 1 sayfa, 12 ürün
2026-08-08 18:39:17,094 | INFO    | bookdata.pipeline.products | Kategori 'Öykü Kitapları': 1 sayfa, 12 ürün
2026-08-08 18:39:17,201 | INFO    | bookdata.pipeline.products | Kategori 'I. Dünya Savaşı Kitapları': 1 sayfa, 12 ürün
2026-08-08 18:39:17,383 | INFO    | bookdata.pipeline.products | Kategori 'Biyografi ve Otobiyografi Kitapları': 1 sayfa, 12 ürün
2026-08-08 18:39:17,505 | INFO    | bookdata.pipeline.products | Kategori 'Önemli Olaylar ve Biyografi ve Otobiyografi Kitapları': 1 sayfa, 12 ürün
2026-08-08 18:39:17,614 | INFO    | bookdata.pipeline.products | Kategori 'Gençlik Edebiyatı': 1 sayfa, 12 ürün
2026-08-08 18:39:17,700 | INFO    | bookdata.pipeline.products | Kategori 'Fizik Tedavi ve Rehabilitasyon Kitapları': 1 sayfa, 1 ürün
2026-08-08 18:39:17,875 | INFO    | bookdata.pipeline.products | Kategori 'En Çok Satan 50 Dünya Klasiği': 1 sayfa, 12 ürün
2026-08-08 18:39:17,991 | INFO    | bookdata.pipeline.products | Kategori 'Gezi ve Rehber Kitapları': 1 sayfa, 12 ürün
2026-08-08 18:39:18,097 | INFO    | bookdata.pipeline.products | Kategori 'İstanbul Rehberi Kitapları': 1 sayfa, 12 ürün
2026-08-08 18:39:18,201 | INFO    | bookdata.pipeline.products | Kategori 'Türk Klasikleri Kitapları': 1 sayfa, 12 ürün
2026-08-08 18:39:18,368 | INFO    | bookdata.pipeline.products | Kategori 'Çocuk Referans Kitaplar': 1 sayfa, 12 ürün
2026-08-08 18:39:18,474 | INFO    | bookdata.pipeline.products | Kategori 'Annelik ve Çocuk Bakımı Kitapları': 1 sayfa, 12 ürün
2026-08-08 18:39:18,582 | INFO    | bookdata.pipeline.products | Kategori 'En Çok Okunan Bilim Kurgu Kitapları': 1 sayfa, 12 ürün
2026-08-08 18:39:18,737 | INFO    | bookdata.pipeline.products | Kategori 'Referans Kitaplar': 1 sayfa, 12 ürün
2026-08-08 18:39:18,848 | INFO    | bookdata.pipeline.products | Kategori 'Matbu Evraklar ve Makbuzlar': 1 sayfa, 12 ürün
2026-08-08 18:39:18,954 | INFO    | bookdata.pipeline.products | Kategori 'Politik - Kurgu Kitapları': 1 sayfa, 12 ürün
2026-08-08 18:39:19,035 | INFO    | bookdata.pipeline.products | Kategori 'Çok Satanlar': ürün bulunamadı (1 sayfa)
2026-08-08 18:39:19,205 | INFO    | bookdata.pipeline.products | Kategori 'Çanta ve Mataralar': 1 sayfa, 12 ürün
2026-08-08 18:39:19,669 | INFO    | bookdata.pipeline.products | Kategori 'Araştırma - İnceleme Kitapları': 1 sayfa, 12 ürün
2026-08-08 18:39:19,784 | INFO    | bookdata.pipeline.products | Kategori 'Fantastik Çocuk Kitapları': 1 sayfa, 12 ürün
2026-08-08 18:39:19,958 | INFO    | bookdata.pipeline.products | Kategori 'Rus Edebiyatı': 1 sayfa, 12 ürün
2026-08-08 18:39:20,133 | INFO    | bookdata.pipeline.products | Kategori 'Mustafa Kemal Atatürk Kitapları': 1 sayfa, 12 ürün
2026-08-08 18:39:20,251 | INFO    | bookdata.pipeline.products | Kategori 'Masallar': 1 sayfa, 12 ürün
2026-08-08 18:39:20,362 | INFO    | bookdata.pipeline.products | Kategori 'Çocuk Kitapları': 1 sayfa, 12 ürün
2026-08-08 18:39:20,471 | INFO    | bookdata.pipeline.products | Kategori 'İspanyol Edebiyatı': 1 sayfa, 12 ürün
2026-08-08 18:39:20,649 | INFO    | bookdata.pipeline.products | Kategori 'Anlatı Kitapları': 1 sayfa, 12 ürün
2026-08-08 18:39:20,756 | INFO    | bookdata.pipeline.products | Kategori 'Dil Bilimi Kitapları': 1 sayfa, 12 ürün
2026-08-08 18:39:20,908 | INFO    | bookdata.pipeline.products | Kategori '5. Sınıf Kitapları': 1 sayfa, 12 ürün
2026-08-08 18:39:21,121 | INFO    | bookdata.pipeline.products | Kategori 'En Çok Okunan Cumhuriyet Tarihi Kitapları': 1 sayfa, 12 ürün
2026-08-08 18:39:21,284 | INFO    | bookdata.pipeline.products | Kategori 'Sanatsal Malzemeler': 1 sayfa, 12 ürün
2026-08-08 18:39:21,394 | INFO    | bookdata.pipeline.products | Kategori 'Genel Ülke Edebiyatları Kitapları': 1 sayfa, 12 ürün
2026-08-08 18:39:21,499 | INFO    | bookdata.pipeline.products | Kategori 'Yapıştırıcı ve Bantlar': 1 sayfa, 12 ürün
2026-08-08 18:39:21,695 | INFO    | bookdata.pipeline.products | Kategori 'En Çok Satan Biyografi Kitapları': 1 sayfa, 12 ürün
2026-08-08 18:39:21,802 | INFO    | bookdata.pipeline.products | Kategori 'Efsane ve Destan Kitapları': 1 sayfa, 12 ürün
2026-08-08 18:39:21,907 | INFO    | bookdata.pipeline.products | Kategori 'Karikatürler': 1 sayfa, 12 ürün
2026-08-08 18:39:22,014 | INFO    | bookdata.pipeline.products | Kategori 'Yabancı Dilde Edebiyat Kitapları': 1 sayfa, 12 ürün
2026-08-08 18:39:22,235 | INFO    | bookdata.pipeline.products | Kategori 'Selçuklu Dönemi Kitapları': 1 sayfa, 5 ürün
2026-08-08 18:39:22,345 | INFO    | bookdata.pipeline.products | Kategori 'Sağlık İletişimi Kitapları': 1 sayfa, 12 ürün
2026-08-08 18:39:22,541 | INFO    | bookdata.pipeline.products | Kategori 'Eğitici ve Öğretici Çocuk Kitapları': 1 sayfa, 12 ürün
2026-08-08 18:39:22,692 | INFO    | bookdata.pipeline.products | Kategori 'En Çok Satan Otobiyografi Kitapları': 1 sayfa, 12 ürün
2026-08-08 18:39:22,875 | INFO    | bookdata.pipeline.products | Kategori 'Çocuk 6-7 Yaş Kitapları': 1 sayfa, 12 ürün
2026-08-08 18:39:22,987 | INFO    | bookdata.pipeline.products | Kategori 'Aforizma': 1 sayfa, 12 ürün
2026-08-08 18:39:23,091 | INFO    | bookdata.pipeline.products | Kategori 'Divan Edebiyatı ve Halk Edebiyatı Kitapları': 1 sayfa, 12 ürün
2026-08-08 18:39:23,199 | INFO    | bookdata.pipeline.products | Kategori 'Genel Edebiyat Kitapları': 1 sayfa, 12 ürün
2026-08-08 18:39:23,393 | INFO    | bookdata.pipeline.products | Kategori 'Gençlik Lise Kitapları': 1 sayfa, 12 ürün
2026-08-08 18:39:23,491 | INFO    | bookdata.pipeline.products | Kategori 'Anadolu Tarihi Kitapları': 1 sayfa, 3 ürün
2026-08-08 18:39:23,598 | INFO    | bookdata.pipeline.products | Kategori 'Özel Eğitim Çocuk Kitapları': 1 sayfa, 12 ürün
2026-08-08 18:39:23,787 | INFO    | bookdata.pipeline.products | Kategori 'Korku ve Gerilim Edebiyatı': 1 sayfa, 12 ürün
2026-08-08 18:39:23,899 | INFO    | bookdata.pipeline.products | Kategori 'Okul Öncesi Şekilli Kitaplar': 1 sayfa, 12 ürün
2026-08-08 18:39:24,003 | INFO    | bookdata.pipeline.products | Kategori '2. Sınıf Kitapları': 1 sayfa, 12 ürün
2026-08-08 18:39:24,114 | INFO    | bookdata.pipeline.products | Kategori 'Gelişim Psikolojisi Kitapları': 1 sayfa, 12 ürün
2026-08-08 18:39:24,308 | INFO    | bookdata.pipeline.products | Kategori 'Çocuk 0-3 Yaş Kitapları': 1 sayfa, 12 ürün
2026-08-08 18:39:24,401 | INFO    | bookdata.pipeline.products | Kategori 'İlaç Rehber Kitapları': 1 sayfa, 1 ürün
2026-08-08 18:39:24,492 | INFO    | bookdata.pipeline.products | Kategori 'Tarih - Mitoloji Kitapları': 1 sayfa, 2 ürün
2026-08-08 18:39:24,604 | INFO    | bookdata.pipeline.products | Kategori 'Çocuk İlkokul Kitapları': 1 sayfa, 12 ürün
2026-08-08 18:39:24,777 | INFO    | bookdata.pipeline.products | Kategori 'Beslenme ve Diyet Kitapları': 1 sayfa, 12 ürün
2026-08-08 18:39:24,985 | INFO    | bookdata.pipeline.products | Kategori 'Hikayeler': 1 sayfa, 12 ürün
2026-08-08 18:39:25,128 | INFO    | bookdata.pipeline.products | Kategori 'Eğitim - Okula Yardımcı Kitaplar': 1 sayfa, 26 ürün
2026-08-08 18:39:25,306 | INFO    | bookdata.pipeline.products | Kategori 'Türk Edebiyatı Romanları': 1 sayfa, 12 ürün
2026-08-08 18:39:25,413 | INFO    | bookdata.pipeline.products | Kategori 'En Çok Satan Osmanlı Kitapları': 1 sayfa, 12 ürün
2026-08-08 18:39:25,502 | INFO    | bookdata.pipeline.products | Kategori 'Psikoloji Akımları Kitapları': 1 sayfa, 2 ürün
2026-08-08 18:39:25,669 | INFO    | bookdata.pipeline.products | Kategori 'Seyahatname Kitapları': 1 sayfa, 12 ürün
2026-08-08 18:39:25,781 | INFO    | bookdata.pipeline.products | Kategori 'Genel Sağlık Kitapları': 1 sayfa, 12 ürün
2026-08-08 18:39:25,887 | INFO    | bookdata.pipeline.products | Kategori 'Türkiye Rehber Kitapları': 1 sayfa, 12 ürün
2026-08-08 18:39:25,979 | INFO    | bookdata.pipeline.products | Kategori 'Psikiyatri Kitapları': 1 sayfa, 1 ürün
2026-08-08 18:39:26,170 | INFO    | bookdata.pipeline.products | Kategori 'Psikolojik Kitaplar': 1 sayfa, 12 ürün
2026-08-08 18:39:26,283 | INFO    | bookdata.pipeline.products | Kategori 'Din Eğitimi Kitapları': 1 sayfa, 12 ürün
2026-08-08 18:39:26,389 | INFO    | bookdata.pipeline.products | Kategori 'Çıkartmalı Kitaplar': 1 sayfa, 12 ürün
2026-08-08 18:39:26,649 | INFO    | bookdata.pipeline.products | Kategori 'Bilim Kurgu Kitapları': 1 sayfa, 7 ürün
2026-08-08 18:39:26,841 | INFO    | bookdata.pipeline.products | Kategori 'Tüm Kategoriler': ürün bulunamadı (1 sayfa)
2026-08-08 18:39:26,934 | INFO    | bookdata.pipeline.products | Kategori 'Slime ve Malzemeleri': 1 sayfa, 5 ürün
2026-08-08 18:39:27,116 | INFO    | bookdata.pipeline.products | Kategori 'Yazıcı ve Fotokopi Kağıtları': 1 sayfa, 5 ürün
2026-08-08 18:39:27,224 | INFO    | bookdata.pipeline.products | Kategori 'Antik Mısır Kitapları': 1 sayfa, 8 ürün
2026-08-08 18:39:27,334 | INFO    | bookdata.pipeline.products | Kategori 'Göktürk Tarihi Kitapları': 1 sayfa, 9 ürün
2026-08-08 18:39:27,438 | INFO    | bookdata.pipeline.products | Kategori '100 Temel Eser': 1 sayfa, 12 ürün
2026-08-08 18:39:27,626 | INFO    | bookdata.pipeline.products | Kategori '3-6 Yaş Kitapları': 1 sayfa, 12 ürün
2026-08-08 18:39:27,735 | INFO    | bookdata.pipeline.products | Kategori 'Gezi ve Rehber Referans Kitapları': 1 sayfa, 12 ürün
2026-08-08 18:39:27,852 | INFO    | bookdata.pipeline.products | Kategori 'Şiir Kitapları': 1 sayfa, 12 ürün
2026-08-08 18:39:28,102 | INFO    | bookdata.pipeline.products | Kategori 'Ülkeler Tarihi Kitapları': 1 sayfa, 2 ürün
2026-08-08 18:39:28,209 | INFO    | bookdata.pipeline.products | Kategori 'Çocuk Psikolojisi Kitapları': 1 sayfa, 12 ürün
2026-08-08 18:39:28,318 | INFO    | bookdata.pipeline.products | Kategori 'Latin Edebiyatı': 1 sayfa, 12 ürün
2026-08-08 18:39:28,423 | INFO    | bookdata.pipeline.products | Kategori 'Araştırma ve İnceleme Kitapları': 1 sayfa, 12 ürün
2026-08-08 18:39:28,621 | INFO    | bookdata.pipeline.products | Kategori 'En Çok Okunan Suç Kitapları': 1 sayfa, 12 ürün
2026-08-08 18:39:28,709 | INFO    | bookdata.pipeline.products | Kategori 'Sosyal Tarih Kitapları': 1 sayfa, 2 ürün
2026-08-08 18:39:28,849 | INFO    | bookdata.pipeline.products | Kategori 'Ülke Rehberi Kitapları': 1 sayfa, 12 ürün
2026-08-08 18:39:28,936 | INFO    | bookdata.pipeline.products | Kategori 'Yabancı Dilde Tarih Kitapları ': 1 sayfa, 1 ürün
2026-08-08 18:39:29,119 | INFO    | bookdata.pipeline.products | Kategori 'En Çok Satan Selçuklu Tarihi Kitapları': 1 sayfa, 12 ürün
2026-08-08 18:39:29,224 | INFO    | bookdata.pipeline.products | Kategori 'Çocuk Bilmece Bulmaca Kitapları': 1 sayfa, 12 ürün
2026-08-08 18:39:29,340 | INFO    | bookdata.pipeline.products | Kategori '3. Sınıf Kitapları': 1 sayfa, 12 ürün
2026-08-08 18:39:29,618 | INFO    | bookdata.pipeline.products | Kategori 'Takvim Ve Planlayıcılar': 1 sayfa, 12 ürün
2026-08-08 18:39:29,727 | INFO    | bookdata.pipeline.products | Kategori 'Derlemeler': 1 sayfa, 12 ürün
2026-08-08 18:39:29,841 | INFO    | bookdata.pipeline.products | Kategori 'Aksiyon ve Macera Kitapları': 1 sayfa, 12 ürün
2026-08-08 18:39:29,946 | INFO    | bookdata.pipeline.products | Kategori 'Okul Öncesi Çocuk Kitapları': 1 sayfa, 12 ürün
2026-08-08 18:39:30,250 | INFO    | bookdata.pipeline.products | Kategori 'Sessiz Kitaplar': 1 sayfa, 12 ürün
2026-08-08 18:39:30,470 | INFO    | bookdata.pipeline.products | Kategori 'Söyleşi Kitapları': 1 sayfa, 12 ürün
2026-08-08 18:39:30,705 | INFO    | bookdata.pipeline.products | Kategori 'Denemeler': 1 sayfa, 12 ürün
2026-08-08 18:39:30,857 | INFO    | bookdata.pipeline.products | Kategori 'Kürt Edebiyatı': 1 sayfa, 12 ürün
2026-08-08 18:39:30,964 | INFO    | bookdata.pipeline.products | Kategori 'Yabancı Dilde Çocuk Kitapları': 1 sayfa, 12 ürün
2026-08-08 18:39:31,270 | INFO    | bookdata.pipeline.products | Kategori 'Çok Satan Çizgi Romanlar': 1 sayfa, 12 ürün
2026-08-08 18:39:31,383 | INFO    | bookdata.pipeline.products | Kategori 'En Çok Satan 100 Tarih Kitabı': 1 sayfa, 12 ürün
2026-08-08 18:39:31,489 | INFO    | bookdata.pipeline.products | Kategori 'Psikolojik Danışma Kitapları ': 1 sayfa, 8 ürün
2026-08-08 18:39:31,596 | INFO    | bookdata.pipeline.products | Kategori 'Aile Sağlığı Kitapları': 1 sayfa, 12 ürün
2026-08-08 18:39:31,791 | INFO    | bookdata.pipeline.products | Kategori 'Aşk Kitapları': 1 sayfa, 12 ürün
2026-08-08 18:39:31,877 | INFO    | bookdata.pipeline.products | Kategori 'Yabancı Dilde Psikoloji Kitapları': ürün bulunamadı (1 sayfa)
2026-08-08 18:39:32,103 | INFO    | bookdata.pipeline.products | Kategori 'Bilimsel Kitaplar': 1 sayfa, 12 ürün
2026-08-08 18:39:32,328 | INFO    | bookdata.pipeline.products | Kategori 'Çocuk Boyama Kitapları': 1 sayfa, 12 ürün
2026-08-08 18:39:32,443 | INFO    | bookdata.pipeline.products | Kategori 'Yoga Meditasyon Kitapları': 1 sayfa, 12 ürün
2026-08-08 18:39:32,624 | INFO    | bookdata.pipeline.products | Kategori 'Polisiye Romanlar': 1 sayfa, 12 ürün
2026-08-08 18:39:32,848 | INFO    | bookdata.pipeline.products | Kategori 'Biyografi Otobiyografi Kitapları': 1 sayfa, 12 ürün
2026-08-08 18:39:32,959 | INFO    | bookdata.pipeline.products | Kategori 'Anaokulu': 1 sayfa, 12 ürün
2026-08-08 18:39:33,067 | INFO    | bookdata.pipeline.products | Kategori 'Ölçü ve Çizim Malzemeleri': 1 sayfa, 12 ürün
2026-08-08 18:39:33,174 | INFO    | bookdata.pipeline.products | Kategori 'Kent Rehberleri': 1 sayfa, 12 ürün
2026-08-08 18:39:33,365 | INFO    | bookdata.pipeline.products | Kategori 'Sağlıklı Yaşam Kitapları': 1 sayfa, 7 ürün
2026-08-08 18:39:33,931 | INFO    | bookdata.pipeline.products | Kategori 'Fantastik Kitaplar': 1 sayfa, 12 ürün
2026-08-08 18:39:34,031 | INFO    | bookdata.pipeline.products | Kategori 'Okunması Gereken Şiir Kitapları': 1 sayfa, 12 ürün
2026-08-08 18:39:34,218 | INFO    | bookdata.pipeline.products | Kategori 'Sosyal Psikoloji Kitapları ': 1 sayfa, 2 ürün
2026-08-08 18:39:34,401 | INFO    | bookdata.pipeline.products | Kategori 'Din Psikolojisi Kitapları': 1 sayfa, 12 ürün
2026-08-08 18:39:34,504 | INFO    | bookdata.pipeline.products | Kategori ' Mizah Kitapları': 1 sayfa, 12 ürün
2026-08-08 18:39:34,702 | INFO    | bookdata.pipeline.products | Kategori 'Antoloji Kitapları': 1 sayfa, 12 ürün
2026-08-08 18:39:35,249 | INFO    | bookdata.pipeline.products | Kategori 'Anatomi Kitapları': 1 sayfa, 1 ürün
2026-08-08 18:39:35,500 | INFO    | bookdata.pipeline.products | Kategori 'Yetişkin Masal Kitapları': 1 sayfa, 9 ürün
2026-08-08 18:39:35,709 | INFO    | bookdata.pipeline.products | Kategori 'Okul Öncesi Resimli Kitaplar': 1 sayfa, 12 ürün
2026-08-08 18:39:35,880 | INFO    | bookdata.pipeline.products | Kategori 'Edebiyat Referans Kitaplar': 1 sayfa, 3 ürün
2026-08-08 18:39:35,968 | INFO    | bookdata.pipeline.products | Kategori 'Biyoloji - Genetik Kitapları': 1 sayfa, 1 ürün
2026-08-08 18:39:36,182 | INFO    | bookdata.pipeline.products | Kategori '4. Sınıf Kitapları': 1 sayfa, 12 ürün
2026-08-08 18:39:36,284 | INFO    | bookdata.pipeline.products | Kategori 'Setler': 1 sayfa, 12 ürün
2026-08-08 18:39:36,368 | INFO    | bookdata.pipeline.products | Kategori 'Tahta ve Panolar': ürün bulunamadı (1 sayfa)
2026-08-08 18:39:37,253 | INFO    | bookdata.pipeline.products | Kategori 'Türkiye ve Cumhuriyet Tarihi Kitapları': 1 sayfa, 12 ürün
2026-08-08 18:39:37,361 | INFO    | bookdata.pipeline.products | Kategori 'Tiyatro ve Piyes Kitapları': 1 sayfa, 12 ürün
2026-08-08 18:39:37,467 | INFO    | bookdata.pipeline.products | Kategori 'Çocuk Bilim Kitapları': 1 sayfa, 12 ürün
2026-08-08 18:39:37,568 | INFO    | bookdata.pipeline.products | Kategori 'Dekoratif Ürünler': 1 sayfa, 7 ürün
2026-08-08 18:39:37,766 | INFO    | bookdata.pipeline.products | Kategori 'Tarihi Kişilikler Kitapları': 1 sayfa, 6 ürün
2026-08-08 18:39:37,954 | INFO    | bookdata.pipeline.products | Kategori 'En Çok Satan Dünya Tarihi Kitapları': 1 sayfa, 12 ürün
2026-08-08 18:39:38,055 | INFO    | bookdata.pipeline.products | Kategori 'Kinetik Kumlar': 1 sayfa, 12 ürün
2026-08-08 18:39:38,246 | INFO    | bookdata.pipeline.products | Kategori 'Araç ve Gereçler': 1 sayfa, 2 ürün
2026-08-08 18:39:38,361 | INFO    | bookdata.pipeline.products | Kategori 'Genel Tarih Kitapları ': 1 sayfa, 12 ürün
2026-08-08 18:39:38,467 | INFO    | bookdata.pipeline.products | Kategori 'Türk Tarihi Araştırmaları Kitapları': 1 sayfa, 12 ürün
2026-08-08 18:39:38,575 | INFO    | bookdata.pipeline.products | Kategori 'En Çok Satan Fantastik Kitaplar': 1 sayfa, 12 ürün
2026-08-08 18:39:39,194 | INFO    | bookdata.pipeline.products | Kategori 'KPSS Kitapları': ürün bulunamadı (1 sayfa)
2026-08-08 18:39:39,301 | INFO    | bookdata.pipeline.products | Kategori 'İngiliz Edebiyatı': 1 sayfa, 12 ürün
2026-08-08 18:39:39,613 | INFO    | bookdata.pipeline.products | Kategori 'Çocuk Şiir Kitapları': 1 sayfa, 12 ürün
2026-08-08 18:39:39,717 | INFO    | bookdata.pipeline.products | Kategori 'Çocuk Kitabı TOP 50': 1 sayfa, 12 ürün
2026-08-08 18:39:39,826 | INFO    | bookdata.pipeline.products | Kategori 'Gençlik Ortaokul Kitapları': 1 sayfa, 12 ürün
2026-08-08 18:39:39,920 | INFO    | bookdata.pipeline.products | Kategori 'Periyodik Yayınlar': 1 sayfa, 3 ürün
2026-08-08 18:39:40,141 | INFO    | bookdata.pipeline.products | Kategori 'En Çok Okunan Türk Tarihi Kitapları': 1 sayfa, 12 ürün
2026-08-08 18:39:40,248 | INFO    | bookdata.pipeline.products | Kategori 'Sağlık Kitapları': 1 sayfa, 12 ürün
2026-08-08 18:39:40,355 | INFO    | bookdata.pipeline.products | Kategori 'Boyalar ve Boya Ürünleri': 1 sayfa, 12 ürün
2026-08-08 18:39:41,066 | INFO    | bookdata.pipeline.products | Kategori 'Çocuk Rehber - Kişisel Gelişim Kitapları': 1 sayfa, 12 ürün
2026-08-08 18:39:41,260 | INFO    | bookdata.pipeline.products | Kategori 'Çocuk Gelişimi Kitapları': 1 sayfa, 12 ürün
2026-08-08 18:40:29,246 | INFO    | bookdata.pipeline.products | Kategori 'Yayınevi Listesi': ürün bulunamadı (50 sayfa)
2026-08-08 18:40:34,128 | INFO    | bookdata.pipeline.products | Kategori 'Yazar Listesi': ürün bulunamadı (50 sayfa)
2026-08-08 18:40:34,141 | INFO    | bookdata.pipeline.standardize | Standardize edildi: 2379 ham → 2135 ürün
2026-08-08 18:40:34,327 | INFO    | bookdata.pipeline.merge | Fiyat karşılaştırması: 2135 ürünün 2064 tanesinde değişiklik/yeni kayıt
2026-08-08 18:40:34,342 | INFO    | bookdata.adapters.storage | Veri setine 2064 yeni kayıt eklendi: Data/bkm_Datasets.csv
2026-08-08 18:40:34,352 | INFO    | bookdata.pipeline.runner | Özet: 246 kategori bulundu, 234 işlendi; 2135 ürün → 2064 kayıt eklendi (toplam 12262). İstek: 333, hata: 0
2026-08-08 18:40:36,739 | INFO    | bookdata.adapters.kaggle | Kaggle yayını tamamlandı: furkanzeki/bkm-book-dataset (2026-08-08)
2026-08-09 06:58:32,014 | INFO    | bookdata.pipeline.filter | Ignore kuralları gereği 12 kategori atlandı (10 desen)
2026-08-09 06:58:32,558 | INFO    | bookdata.pipeline.products | Kategori 'Genel Edebiyat Kitapları': 1 sayfa, 12 ürün
2026-08-09 06:58:32,745 | INFO    | bookdata.pipeline.products | Kategori 'Bölgeler Tarihi Kitapları': 1 sayfa, 3 ürün
2026-08-09 06:58:33,126 | INFO    | bookdata.pipeline.products | Kategori 'Annelik ve Çocuk Bakımı Kitapları': 1 sayfa, 12 ürün
2026-08-09 06:58:33,196 | INFO    | bookdata.pipeline.products | Kategori 'Ülkeler Tarihi Kitapları': 1 sayfa, 2 ürün
2026-08-09 06:58:33,274 | INFO    | bookdata.pipeline.products | Kategori 'Seyahatname Kitapları': 1 sayfa, 3 ürün
2026-08-09 06:58:33,390 | INFO    | bookdata.pipeline.products | Kategori '3-6 Yaş Kitapları': 1 sayfa, 12 ürün
2026-08-09 06:58:33,466 | INFO    | bookdata.pipeline.products | Kategori 'Ölçü ve Çizim Malzemeleri': 1 sayfa, 12 ürün
2026-08-09 06:58:33,547 | INFO    | bookdata.pipeline.products | Kategori 'Çocuk 0-3 Yaş Kitapları': 1 sayfa, 12 ürün
2026-08-09 06:58:33,885 | INFO    | bookdata.pipeline.products | Kategori 'Aile Sağlığı Kitapları': 1 sayfa, 12 ürün
2026-08-09 06:58:34,004 | INFO    | bookdata.pipeline.products | Kategori 'Antoloji Kitapları': 1 sayfa, 12 ürün
2026-08-09 06:58:34,087 | INFO    | bookdata.pipeline.products | Kategori 'National Geographic Kids': 1 sayfa, 12 ürün
2026-08-09 06:58:34,164 | INFO    | bookdata.pipeline.products | Kategori 'Yunan Mitolojisi Kitapları': 1 sayfa, 11 ürün
2026-08-09 06:58:34,244 | INFO    | bookdata.pipeline.products | Kategori 'En Çok Satan Dünya Tarihi Kitapları': 1 sayfa, 12 ürün
2026-08-09 06:58:34,350 | INFO    | bookdata.pipeline.products | Kategori 'Psikiyatri Kitapları': 1 sayfa, 1 ürün
2026-08-09 06:58:34,475 | INFO    | bookdata.pipeline.products | Kategori 'Klasik Romanlar ve Kitapları': 1 sayfa, 12 ürün
2026-08-09 06:58:34,626 | INFO    | bookdata.pipeline.products | Kategori 'İskandinav Edebiyatı': 1 sayfa, 3 ürün
2026-08-09 06:58:34,706 | INFO    | bookdata.pipeline.products | Kategori 'Eğitici ve Öğretici Çocuk Kitapları': 1 sayfa, 12 ürün
2026-08-09 06:58:34,815 | INFO    | bookdata.pipeline.products | Kategori 'Bilim Kurgu Kitapları': 1 sayfa, 7 ürün
2026-08-09 06:58:34,953 | INFO    | bookdata.pipeline.products | Kategori 'Ülke Rehberi Kitapları': 1 sayfa, 12 ürün
2026-08-09 06:58:35,020 | INFO    | bookdata.pipeline.products | Kategori 'Anatomi Kitapları': 1 sayfa, 1 ürün
2026-08-09 06:58:35,099 | INFO    | bookdata.pipeline.products | Kategori 'En Çok Okunan Suç Kitapları': 1 sayfa, 12 ürün
2026-08-09 06:58:35,350 | INFO    | bookdata.pipeline.products | Kategori 'Referans Kitaplar': 1 sayfa, 12 ürün
2026-08-09 06:58:35,432 | INFO    | bookdata.pipeline.products | Kategori 'Sessiz Kitaplar': 1 sayfa, 12 ürün
2026-08-09 06:58:35,497 | INFO    | bookdata.pipeline.products | Kategori 'Psikolojik Araştırma Teknikleri Kitapları': 1 sayfa, 1 ürün
2026-08-09 06:58:35,566 | INFO    | bookdata.pipeline.products | Kategori 'Psikiyatri ve Psikanaliz Kitapları': 1 sayfa, 5 ürün
2026-08-09 06:58:35,735 | INFO    | bookdata.pipeline.products | Kategori 'Din Psikolojisi Kitapları': 1 sayfa, 12 ürün
2026-08-09 06:58:35,815 | INFO    | bookdata.pipeline.products | Kategori 'Kağıt Ürünleri': 1 sayfa, 12 ürün
2026-08-09 06:58:35,897 | INFO    | bookdata.pipeline.products | Kategori 'Bilim Kurgu Kitapları': 1 sayfa, 12 ürün
2026-08-09 06:58:36,016 | INFO    | bookdata.pipeline.products | Kategori 'Yetişkin Masal Kitapları': 1 sayfa, 9 ürün
2026-08-09 06:58:36,273 | INFO    | bookdata.pipeline.products | Kategori 'Genel Çocuk Kitapları': 1 sayfa, 12 ürün
2026-08-09 06:58:36,414 | INFO    | bookdata.pipeline.products | Kategori 'İngiliz Edebiyatı': 1 sayfa, 12 ürün
2026-08-09 06:58:36,487 | INFO    | bookdata.pipeline.products | Kategori 'Yabancı Dilde Psikoloji Kitapları': ürün bulunamadı (1 sayfa)
2026-08-09 06:58:37,307 | INFO    | bookdata.pipeline.products | Kategori 'Çocuk Rehber - Kişisel Gelişim Kitapları': 1 sayfa, 12 ürün
2026-08-09 06:58:37,396 | INFO    | bookdata.pipeline.products | Kategori 'Hikayeler': 1 sayfa, 12 ürün
2026-08-09 06:58:37,475 | INFO    | bookdata.pipeline.products | Kategori 'Başvuru Kitapları': 1 sayfa, 12 ürün
2026-08-09 06:58:37,784 | INFO    | bookdata.pipeline.products | Kategori 'Araştırma ve İnceleme Kitapları': 1 sayfa, 12 ürün
2026-08-09 06:58:37,908 | INFO    | bookdata.pipeline.products | Kategori 'Senaryo Kitapları': 1 sayfa, 12 ürün
2026-08-09 06:58:37,988 | INFO    | bookdata.pipeline.products | Kategori 'Din Eğitimi Kitapları': 1 sayfa, 12 ürün
2026-08-09 06:58:38,070 | INFO    | bookdata.pipeline.products | Kategori 'Uzakdoğu Edebiyatı': 1 sayfa, 12 ürün
2026-08-09 06:58:38,362 | INFO    | bookdata.pipeline.products | Kategori 'Divan Edebiyatı ve Halk Edebiyatı Kitapları': 1 sayfa, 12 ürün
2026-08-09 06:58:38,799 | INFO    | bookdata.pipeline.products | Kategori '5. Sınıf Kitapları': 1 sayfa, 12 ürün
2026-08-09 06:58:38,868 | INFO    | bookdata.pipeline.products | Kategori 'Sosyal Psikoloji Kitapları ': 1 sayfa, 2 ürün
2026-08-09 06:58:38,981 | INFO    | bookdata.pipeline.products | Kategori 'Söyleşi Kitapları': 1 sayfa, 12 ürün
2026-08-09 06:58:39,162 | INFO    | bookdata.pipeline.products | Kategori 'Amerikan Edebiyatı': 1 sayfa, 12 ürün
2026-08-09 06:58:39,243 | INFO    | bookdata.pipeline.products | Kategori 'Fantastik Kitaplar': 1 sayfa, 12 ürün
2026-08-09 06:58:39,323 | INFO    | bookdata.pipeline.products | Kategori 'Mustafa Kemal Atatürk Kitapları': 1 sayfa, 12 ürün
2026-08-09 06:58:39,460 | INFO    | bookdata.pipeline.products | Kategori 'Takvim Ve Planlayıcılar': 1 sayfa, 12 ürün
2026-08-09 06:58:39,537 | INFO    | bookdata.pipeline.products | Kategori 'Dokun Hisset Kitapları': 1 sayfa, 10 ürün
2026-08-09 06:58:39,680 | INFO    | bookdata.pipeline.products | Kategori 'Türk Klasikleri Kitapları': 1 sayfa, 12 ürün
2026-08-09 06:58:39,810 | INFO    | bookdata.pipeline.products | Kategori '100 Temel Eser': 1 sayfa, 12 ürün
2026-08-09 06:58:39,879 | INFO    | bookdata.pipeline.products | Kategori 'Milletler Tarihi Kitapları': ürün bulunamadı (1 sayfa)
2026-08-09 06:58:40,029 | INFO    | bookdata.pipeline.products | Kategori 'Tiyatro ve Piyes Kitapları': 1 sayfa, 12 ürün
2026-08-09 06:58:40,166 | INFO    | bookdata.pipeline.products | Kategori 'Çocuk Dil Eğitimi Kitapları': 1 sayfa, 4 ürün
2026-08-09 06:58:40,316 | INFO    | bookdata.pipeline.products | Kategori 'Sosyal Tarih Kitapları': 1 sayfa, 2 ürün
2026-08-09 06:58:40,396 | INFO    | bookdata.pipeline.products | Kategori 'Sanatsal Malzemeler': 1 sayfa, 12 ürün
2026-08-09 06:58:40,478 | INFO    | bookdata.pipeline.products | Kategori 'En Çok Satan Selçuklu Tarihi Kitapları': 1 sayfa, 12 ürün
2026-08-09 06:58:40,671 | INFO    | bookdata.pipeline.products | Kategori 'Tarih Felsefesi Kitapları': 1 sayfa, 12 ürün
2026-08-09 06:58:40,753 | INFO    | bookdata.pipeline.products | Kategori 'Ofis Malzemeleri': 1 sayfa, 12 ürün
2026-08-09 06:58:40,836 | INFO    | bookdata.pipeline.products | Kategori 'Çocuk Kitabı TOP 50': 1 sayfa, 12 ürün
2026-08-09 06:58:41,333 | INFO    | bookdata.pipeline.products | Kategori 'Çocuk Boyama Kitapları': 1 sayfa, 12 ürün
2026-08-09 06:58:41,416 | INFO    | bookdata.pipeline.products | Kategori 'Boyalar ve Boya Ürünleri': 1 sayfa, 12 ürün
2026-08-09 06:58:41,848 | INFO    | bookdata.pipeline.products | Kategori 'Anı - Mektup - Günlük Kitapları': 1 sayfa, 12 ürün
2026-08-09 06:58:42,172 | INFO    | bookdata.pipeline.products | Kategori 'Öykü Kitapları': 1 sayfa, 12 ürün
2026-08-09 06:58:42,250 | INFO    | bookdata.pipeline.products | Kategori 'Edebiyat Referans Kitaplar': 1 sayfa, 3 ürün
2026-08-09 06:58:42,333 | INFO    | bookdata.pipeline.products | Kategori 'En Çok Okunan Cumhuriyet Tarihi Kitapları': 1 sayfa, 12 ürün
2026-08-09 06:58:42,414 | INFO    | bookdata.pipeline.products | Kategori 'Roman': 1 sayfa, 12 ürün
2026-08-09 06:58:42,546 | INFO    | bookdata.pipeline.products | Kategori '1. Sınıf Kitapları': 1 sayfa, 12 ürün
2026-08-09 06:58:42,692 | INFO    | bookdata.pipeline.products | Kategori 'Psikolojik Kitaplar': 1 sayfa, 12 ürün
2026-08-09 06:58:42,770 | INFO    | bookdata.pipeline.products | Kategori 'Fantastik Çocuk Kitapları': 1 sayfa, 12 ürün
2026-08-09 06:58:42,914 | INFO    | bookdata.pipeline.products | Kategori 'Çanta ve Mataralar': 1 sayfa, 12 ürün
2026-08-09 06:58:42,989 | INFO    | bookdata.pipeline.products | Kategori 'Dekoratif Ürünler': 1 sayfa, 7 ürün
2026-08-09 06:58:43,068 | INFO    | bookdata.pipeline.products | Kategori '100 Temel Eser Kitapları': 1 sayfa, 12 ürün
2026-08-09 06:58:43,137 | INFO    | bookdata.pipeline.products | Kategori 'Tarihi Belgeler Kitapları': 1 sayfa, 2 ürün
2026-08-09 06:58:43,270 | INFO    | bookdata.pipeline.products | Kategori 'Cinsellik Kitapları': 1 sayfa, 12 ürün
2026-08-09 06:58:44,073 | INFO    | bookdata.pipeline.products | Kategori '0-3 Yaş Kitapları': 1 sayfa, 12 ürün
2026-08-09 06:58:44,155 | INFO    | bookdata.pipeline.products | Kategori 'Tarih Kitapları': 1 sayfa, 12 ürün
2026-08-09 06:58:44,244 | INFO    | bookdata.pipeline.products | Kategori 'Gençlik Lise Kitapları': 1 sayfa, 12 ürün
2026-08-09 06:58:44,371 | INFO    | bookdata.pipeline.products | Kategori 'Dünya Çocuk Klasikleri': 1 sayfa, 12 ürün
2026-08-09 06:58:44,494 | INFO    | bookdata.pipeline.products | Kategori 'En Çok Satan Biyografi Kitapları': 1 sayfa, 12 ürün
2026-08-09 06:58:44,635 | INFO    | bookdata.pipeline.products | Kategori 'Tahta ve Panolar': ürün bulunamadı (1 sayfa)
2026-08-09 06:58:44,771 | INFO    | bookdata.pipeline.products | Kategori 'Göktürk Tarihi Kitapları': 1 sayfa, 9 ürün
2026-08-09 06:58:44,840 | INFO    | bookdata.pipeline.products | Kategori 'Periyodik Yayınlar': 1 sayfa, 3 ürün
2026-08-09 06:58:44,923 | INFO    | bookdata.pipeline.products | Kategori 'Çocuk Psikolojisi Kitapları': 1 sayfa, 12 ürün
2026-08-09 06:58:44,991 | INFO    | bookdata.pipeline.products | Kategori 'Araç ve Gereçler': 1 sayfa, 2 ürün
2026-08-09 06:58:45,168 | INFO    | bookdata.pipeline.products | Kategori 'Yabancı Dilde Edebiyat Kitapları': 1 sayfa, 12 ürün
2026-08-09 06:58:45,245 | INFO    | bookdata.pipeline.products | Kategori 'En Çok Okunan Türk Tarihi Kitapları': 1 sayfa, 12 ürün
2026-08-09 06:58:45,468 | INFO    | bookdata.pipeline.products | Kategori 'Çocuk Bilim Kitapları': 1 sayfa, 12 ürün
2026-08-09 06:58:45,600 | INFO    | bookdata.pipeline.products | Kategori 'Çok Satan Çizgi Romanlar': 1 sayfa, 12 ürün
2026-08-09 06:58:45,684 | INFO    | bookdata.pipeline.products | Kategori 'Ajanda,Takvim Ve Planlayıcılar': 1 sayfa, 12 ürün
2026-08-09 06:58:45,750 | INFO    | bookdata.pipeline.products | Kategori 'Histoloji ve Embriyoloji Kitapları': 1 sayfa, 1 ürün
2026-08-09 06:58:45,921 | INFO    | bookdata.pipeline.products | Kategori 'Coğrafya ve Genel Kitaplar': 1 sayfa, 1 ürün
2026-08-09 06:58:46,064 | INFO    | bookdata.pipeline.products | Kategori 'Sağlık İletişimi Kitapları': 1 sayfa, 12 ürün
2026-08-09 06:58:46,209 | INFO    | bookdata.pipeline.products | Kategori 'Dünya Klasikleri TOP 50': 1 sayfa, 12 ürün
2026-08-09 06:58:46,291 | INFO    | bookdata.pipeline.products | Kategori 'Eğitim Psikolojisi Kitapları': 1 sayfa, 12 ürün
2026-08-09 06:58:46,416 | INFO    | bookdata.pipeline.products | Kategori 'Arkeoloji Kitapları': 1 sayfa, 2 ürün
2026-08-09 06:58:46,500 | INFO    | bookdata.pipeline.products | Kategori 'Okunması Gereken Şiir Kitapları': 1 sayfa, 12 ürün
2026-08-09 06:58:46,578 | INFO    | bookdata.pipeline.products | Kategori 'Zeka Gelişimi Kitapları': 1 sayfa, 12 ürün
2026-08-09 06:58:46,658 | INFO    | bookdata.pipeline.products | Kategori 'Politik - Kurgu Kitapları': 1 sayfa, 12 ürün
2026-08-09 06:58:46,816 | INFO    | bookdata.pipeline.products | Kategori 'Rus Edebiyatı': 1 sayfa, 12 ürün
2026-08-09 06:58:47,251 | INFO    | bookdata.pipeline.products | Kategori 'Genel Tarih Kitapları ': 1 sayfa, 12 ürün
2026-08-09 06:58:47,332 | INFO    | bookdata.pipeline.products | Kategori 'İspanyol Edebiyatı': 1 sayfa, 12 ürün
2026-08-09 06:58:47,414 | INFO    | bookdata.pipeline.products | Kategori 'Gezi ve Rehber Kitapları': 1 sayfa, 12 ürün
2026-08-09 06:58:47,533 | INFO    | bookdata.pipeline.products | Kategori 'Fizik Tedavi ve Rehabilitasyon Kitapları': 1 sayfa, 1 ürün
2026-08-09 06:58:47,611 | INFO    | bookdata.pipeline.products | Kategori 'Gençlik Edebiyatı': 1 sayfa, 12 ürün
2026-08-09 06:58:47,690 | INFO    | bookdata.pipeline.products | Kategori 'Türkiye - Yakın Tarih Kitapları': 1 sayfa, 12 ürün
2026-08-09 06:58:47,774 | INFO    | bookdata.pipeline.products | Kategori 'Tarihi Romanlar': 1 sayfa, 12 ürün
2026-08-09 06:58:48,054 | INFO    | bookdata.pipeline.products | Kategori 'Kinetik Kumlar': 1 sayfa, 12 ürün
2026-08-09 06:58:48,135 | INFO    | bookdata.pipeline.products | Kategori 'Türk Tarihi Araştırmaları Kitapları': 1 sayfa, 12 ürün
2026-08-09 06:58:48,213 | INFO    | bookdata.pipeline.products | Kategori 'Dosya ve Klasörler': 1 sayfa, 12 ürün
2026-08-09 06:58:48,292 | INFO    | bookdata.pipeline.products | Kategori 'Okul Öncesi Şekilli Kitaplar': 1 sayfa, 12 ürün
2026-08-09 06:58:48,831 | INFO    | bookdata.pipeline.products | Kategori 'Seyahatname Kitapları': 1 sayfa, 12 ürün
2026-08-09 06:58:48,979 | INFO    | bookdata.pipeline.products | Kategori 'Roman ve Öykü Kitapları': 1 sayfa, 12 ürün
2026-08-09 06:58:49,123 | INFO    | bookdata.pipeline.products | Kategori 'Korku ve Gerilim Edebiyatı': 1 sayfa, 12 ürün
2026-08-09 06:58:49,253 | INFO    | bookdata.pipeline.products | Kategori 'Derlemeler': 1 sayfa, 12 ürün
2026-08-09 06:58:49,333 | INFO    | bookdata.pipeline.products | Kategori 'Yoga Meditasyon Kitapları': 1 sayfa, 12 ürün
2026-08-09 06:58:49,418 | INFO    | bookdata.pipeline.products | Kategori 'Çocuk İlkokul Kitapları': 1 sayfa, 12 ürün
2026-08-09 06:58:49,614 | INFO    | bookdata.pipeline.products | Kategori 'II. Dünya Savaşı Kitapları': 1 sayfa, 12 ürün
2026-08-09 06:58:49,829 | INFO    | bookdata.pipeline.products | Kategori 'Türk Edebiyatı TOP 50': 1 sayfa, 12 ürün
2026-08-09 06:58:49,910 | INFO    | bookdata.pipeline.products | Kategori 'En Çok Satan Diyet Kitapları': 1 sayfa, 12 ürün
2026-08-09 06:58:50,046 | INFO    | bookdata.pipeline.products | Kategori 'Çocuk Çizgi Roman Kitapları': 1 sayfa, 12 ürün
2026-08-09 06:58:50,243 | INFO    | bookdata.pipeline.products | Kategori 'Türkiye Rehber Kitapları': 1 sayfa, 12 ürün
2026-08-09 06:58:50,327 | INFO    | bookdata.pipeline.products | Kategori ' Mizah Kitapları': 1 sayfa, 12 ürün
2026-08-09 06:58:50,555 | INFO    | bookdata.pipeline.products | Kategori 'Eleştiri İnceleme ve Kuram Kitapları': 1 sayfa, 12 ürün
2026-08-09 06:58:50,696 | INFO    | bookdata.pipeline.products | Kategori 'Ortadoğu - Arap Edebiyatı Kitapları': 1 sayfa, 12 ürün
2026-08-09 06:58:50,834 | INFO    | bookdata.pipeline.products | Kategori 'Setler': 1 sayfa, 12 ürün
2026-08-09 06:58:51,013 | INFO    | bookdata.pipeline.products | Kategori 'Tüm Kategoriler': ürün bulunamadı (1 sayfa)
2026-08-09 06:58:51,236 | INFO    | bookdata.pipeline.products | Kategori 'Kalemler ve Yazı Gereçleri': 1 sayfa, 12 ürün
2026-08-09 06:58:51,313 | INFO    | bookdata.pipeline.products | Kategori 'Sağlık Kitapları': 1 sayfa, 12 ürün
2026-08-09 06:58:51,399 | INFO    | bookdata.pipeline.products | Kategori 'Tavsiye Kitapları': 1 sayfa, 12 ürün
2026-08-09 06:58:51,478 | INFO    | bookdata.pipeline.products | Kategori 'Psikoloji Başvuru Kitapları': 1 sayfa, 12 ürün
2026-08-09 06:58:51,616 | INFO    | bookdata.pipeline.products | Kategori 'Çocuk Gelişimi Kitapları': 1 sayfa, 12 ürün
2026-08-09 06:58:51,696 | INFO    | bookdata.pipeline.products | Kategori 'Casusluk Kitapları': 1 sayfa, 12 ürün
2026-08-09 06:58:52,024 | INFO    | bookdata.pipeline.products | Kategori 'Defterler': 1 sayfa, 12 ürün
2026-08-09 06:58:52,202 | INFO    | bookdata.pipeline.products | Kategori 'Aforizma': 1 sayfa, 12 ürün
2026-08-09 06:58:52,341 | INFO    | bookdata.pipeline.products | Kategori 'Gençlik Ortaokul Kitapları': 1 sayfa, 12 ürün
2026-08-09 06:58:52,422 | INFO    | bookdata.pipeline.products | Kategori 'Çocuk Şiir Kitapları': 1 sayfa, 12 ürün
2026-08-09 06:58:53,060 | INFO    | bookdata.pipeline.products | Kategori 'En Çok Okunan Karikatür Kitapları': 1 sayfa, 12 ürün
2026-08-09 06:58:53,147 | INFO    | bookdata.pipeline.products | Kategori 'Çizgi Roman Kitapları': 1 sayfa, 12 ürün
2026-08-09 06:58:53,230 | INFO    | bookdata.pipeline.products | Kategori 'Fransız Edebiyatı Kitapları': 1 sayfa, 12 ürün
2026-08-09 06:58:53,478 | INFO    | bookdata.pipeline.products | Kategori 'Masallar': 1 sayfa, 12 ürün
2026-08-09 06:58:53,634 | INFO    | bookdata.pipeline.products | Kategori 'Çocuk 4-5 Yaş Kitapları': 1 sayfa, 12 ürün
2026-08-09 06:58:53,724 | INFO    | bookdata.pipeline.products | Kategori 'Genel Psikoloji Kitapları': 1 sayfa, 12 ürün
2026-08-09 06:58:53,812 | INFO    | bookdata.pipeline.products | Kategori 'I. Dünya Savaşı Kitapları': 1 sayfa, 12 ürün
2026-08-09 06:58:54,599 | INFO    | bookdata.pipeline.products | Kategori 'Psikoloji Akımları Kitapları': 1 sayfa, 2 ürün
2026-08-09 06:58:54,683 | INFO    | bookdata.pipeline.products | Kategori 'Çocuk Referans Kitaplar': 1 sayfa, 12 ürün
2026-08-09 06:58:54,869 | INFO    | bookdata.pipeline.products | Kategori 'Ekol ve Yaklaşım Kitapları': 1 sayfa, 12 ürün
2026-08-09 06:58:55,059 | INFO    | bookdata.pipeline.products | Kategori 'Kent Rehberleri': 1 sayfa, 12 ürün
2026-08-09 06:58:55,206 | INFO    | bookdata.pipeline.products | Kategori 'Türkiye ve Cumhuriyet Tarihi Kitapları': 1 sayfa, 12 ürün
2026-08-09 06:58:55,287 | INFO    | bookdata.pipeline.products | Kategori 'Genel Sağlık Kitapları': 1 sayfa, 12 ürün
2026-08-09 06:58:55,441 | INFO    | bookdata.pipeline.products | Kategori 'Dünya Tarihi Kitapları': 1 sayfa, 12 ürün
2026-08-09 06:58:55,523 | INFO    | bookdata.pipeline.products | Kategori 'En Çok Satan Gizemli Kitaplar': 1 sayfa, 12 ürün
2026-08-09 06:58:55,605 | INFO    | bookdata.pipeline.products | Kategori 'Gezi Rehberi Kitapları': 1 sayfa, 12 ürün
2026-08-09 06:58:55,910 | INFO    | bookdata.pipeline.products | Kategori 'Beslenme ve Diyet Kitapları': 1 sayfa, 12 ürün
2026-08-09 06:58:55,994 | INFO    | bookdata.pipeline.products | Kategori 'Seçili Araştırma ve Tarih Kitapları': 1 sayfa, 12 ürün
2026-08-09 06:58:56,088 | INFO    | bookdata.pipeline.products | Kategori 'Bilimsel Kitaplar': 1 sayfa, 12 ürün
2026-08-09 06:58:56,169 | INFO    | bookdata.pipeline.products | Kategori 'Dil Bilimi Kitapları': 1 sayfa, 12 ürün
2026-08-09 06:58:56,631 | INFO    | bookdata.pipeline.products | Kategori 'Araştırma - İnceleme Kitapları': 1 sayfa, 12 ürün
2026-08-09 06:58:56,726 | INFO    | bookdata.pipeline.products | Kategori 'Çocuk 6-7 Yaş Kitapları': 1 sayfa, 12 ürün
2026-08-09 06:58:57,016 | INFO    | bookdata.pipeline.products | Kategori 'Sağlıklı Yaşam Kitapları': 1 sayfa, 7 ürün
2026-08-09 06:58:57,100 | INFO    | bookdata.pipeline.products | Kategori 'Biyografi ve Otobiyografi Kitapları': 1 sayfa, 12 ürün
2026-08-09 06:58:57,305 | INFO    | bookdata.pipeline.products | Kategori 'Aksiyon ve Macera Kitapları': 1 sayfa, 12 ürün
2026-08-09 06:58:57,384 | INFO    | bookdata.pipeline.products | Kategori 'Önemli Olaylar ve Biyografi ve Otobiyografi Kitapları': 1 sayfa, 12 ürün
2026-08-09 06:58:58,079 | INFO    | bookdata.pipeline.products | Kategori 'Tarihi Kişilikler Kitapları': 1 sayfa, 6 ürün
2026-08-09 06:58:58,403 | INFO    | bookdata.pipeline.products | Kategori 'Alternatif Tıp Şifalı Bitkiler Kitapları': 1 sayfa, 12 ürün
2026-08-09 06:58:58,484 | INFO    | bookdata.pipeline.products | Kategori 'Çocuk Etkinlik Kitapları': 1 sayfa, 12 ürün
2026-08-09 06:58:58,712 | INFO    | bookdata.pipeline.products | Kategori 'En Çok Satan 50 Dünya Klasiği': 1 sayfa, 12 ürün
2026-08-09 06:58:58,795 | INFO    | bookdata.pipeline.products | Kategori 'Özel Eğitim Çocuk Kitapları': 1 sayfa, 12 ürün
2026-08-09 06:58:58,877 | INFO    | bookdata.pipeline.products | Kategori 'Alman Edebiyatı Kitapları': 1 sayfa, 12 ürün
2026-08-09 06:58:59,020 | INFO    | bookdata.pipeline.products | Kategori 'Çocuk Kitapları': 1 sayfa, 12 ürün
2026-08-09 06:58:59,092 | INFO    | bookdata.pipeline.products | Kategori 'Selçuklu Dönemi Kitapları': 1 sayfa, 5 ürün
2026-08-09 06:58:59,170 | INFO    | bookdata.pipeline.products | Kategori 'Okul Öncesi Çocuk Kitapları': 1 sayfa, 12 ürün
2026-08-09 06:59:00,123 | INFO    | bookdata.pipeline.products | Kategori 'En Çok Satan Gerilim Kitapları': 1 sayfa, 12 ürün
2026-08-09 06:59:00,205 | INFO    | bookdata.pipeline.products | Kategori 'Anlatı Kitapları': 1 sayfa, 12 ürün
2026-08-09 06:59:00,276 | INFO    | bookdata.pipeline.products | Kategori 'Slime ve Malzemeleri': 1 sayfa, 5 ürün
2026-08-09 06:59:00,951 | INFO    | bookdata.pipeline.products | Kategori 'Yazıcı ve Fotokopi Kağıtları': 1 sayfa, 5 ürün
2026-08-09 06:59:01,207 | INFO    | bookdata.pipeline.products | Kategori 'Anaokulu': 1 sayfa, 12 ürün
2026-08-09 06:59:01,290 | INFO    | bookdata.pipeline.products | Kategori 'Matbu Evraklar ve Makbuzlar': 1 sayfa, 12 ürün
2026-08-09 06:59:01,482 | INFO    | bookdata.pipeline.products | Kategori 'Biyoloji - Genetik Kitapları': 1 sayfa, 1 ürün
2026-08-09 06:59:01,566 | INFO    | bookdata.pipeline.products | Kategori 'Yapbozlu Kitapları': 1 sayfa, 12 ürün
2026-08-09 06:59:01,643 | INFO    | bookdata.pipeline.products | Kategori 'Psikolojik Danışma Kitapları ': 1 sayfa, 8 ürün
2026-08-09 06:59:01,715 | INFO    | bookdata.pipeline.products | Kategori 'Anadolu Tarihi Kitapları': 1 sayfa, 3 ürün
2026-08-09 06:59:01,863 | INFO    | bookdata.pipeline.products | Kategori 'Çocuk Bilmece Bulmaca Kitapları': 1 sayfa, 12 ürün
2026-08-09 06:59:01,977 | INFO    | bookdata.pipeline.products | Kategori 'Psikoloji': 1 sayfa, 12 ürün
2026-08-09 06:59:02,169 | INFO    | bookdata.pipeline.products | Kategori 'Yakın Tarih Kitapları': 1 sayfa, 12 ürün
2026-08-09 06:59:02,378 | INFO    | bookdata.pipeline.products | Kategori 'Biyografi Otobiyografi Kitapları': 1 sayfa, 12 ürün
2026-08-09 06:59:04,013 | INFO    | bookdata.pipeline.products | Kategori 'Şiir Kitapları': 1 sayfa, 12 ürün
2026-08-09 06:59:04,157 | INFO    | bookdata.pipeline.products | Kategori 'Çocuk Boyama Kitapları': 1 sayfa, 12 ürün
2026-08-09 06:59:04,364 | INFO    | bookdata.pipeline.products | Kategori 'Karikatürler': 1 sayfa, 12 ürün
2026-08-09 06:59:04,451 | INFO    | bookdata.pipeline.products | Kategori 'Denemeler': 1 sayfa, 12 ürün
2026-08-09 06:59:04,529 | INFO    | bookdata.pipeline.products | Kategori 'En Çok Satan Seri Katil Kitapları': 1 sayfa, 11 ürün
2026-08-09 06:59:05,344 | INFO    | bookdata.pipeline.products | Kategori 'KPSS Kitapları': ürün bulunamadı (1 sayfa)
2026-08-09 06:59:05,421 | INFO    | bookdata.pipeline.products | Kategori 'Gelişim Psikolojisi Kitapları': 1 sayfa, 12 ürün
2026-08-09 06:59:05,487 | INFO    | bookdata.pipeline.products | Kategori 'Amerika Tarihi Kitapları': ürün bulunamadı (1 sayfa)
2026-08-09 06:59:05,552 | INFO    | bookdata.pipeline.products | Kategori 'Yabancı Dilde Tarih Kitapları ': 1 sayfa, 1 ürün
2026-08-09 06:59:06,211 | INFO    | bookdata.pipeline.products | Kategori 'Türk Edebiyatı Romanları': 1 sayfa, 12 ürün
2026-08-09 06:59:06,291 | INFO    | bookdata.pipeline.products | Kategori 'Yabancı Dilde Çocuk Kitapları': 1 sayfa, 12 ürün
2026-08-09 06:59:06,366 | INFO    | bookdata.pipeline.products | Kategori 'Antik Mısır Kitapları': 1 sayfa, 8 ürün
2026-08-09 06:59:07,160 | INFO    | bookdata.pipeline.products | Kategori 'En İyi Korku Kitapları': 1 sayfa, 12 ürün
2026-08-09 06:59:07,311 | INFO    | bookdata.pipeline.products | Kategori 'En Çok Satan Osmanlı Kitapları': 1 sayfa, 12 ürün
2026-08-09 06:59:07,589 | INFO    | bookdata.pipeline.products | Kategori 'İtalyan Edebiyatı': 1 sayfa, 12 ürün
2026-08-09 06:59:07,671 | INFO    | bookdata.pipeline.products | Kategori 'Etkinlik Kitapları': 1 sayfa, 12 ürün
2026-08-09 06:59:07,748 | INFO    | bookdata.pipeline.products | Kategori 'Çizgi Roman - Anime ve Mangalar': 1 sayfa, 12 ürün
2026-08-09 06:59:07,949 | INFO    | bookdata.pipeline.products | Kategori 'Gezi ve Rehber Referans Kitapları': 1 sayfa, 12 ürün
2026-08-09 06:59:08,029 | INFO    | bookdata.pipeline.products | Kategori 'En Çok Okunan Bilim Kurgu Kitapları': 1 sayfa, 12 ürün
2026-08-09 06:59:08,100 | INFO    | bookdata.pipeline.products | Kategori 'Hamilelik ve Doğum Kitapları': 1 sayfa, 6 ürün
2026-08-09 06:59:08,202 | INFO    | bookdata.pipeline.products | Kategori 'Eğitim - Okula Yardımcı Kitaplar': 1 sayfa, 26 ürün
2026-08-09 06:59:08,342 | INFO    | bookdata.pipeline.products | Kategori 'Çıkartmalı Kitaplar': 1 sayfa, 12 ürün
2026-08-09 06:59:08,984 | INFO    | bookdata.pipeline.products | Kategori 'Tarih - Mitoloji Kitapları': 1 sayfa, 2 ürün
2026-08-09 06:59:09,060 | INFO    | bookdata.pipeline.products | Kategori 'Kürt Edebiyatı': 1 sayfa, 12 ürün
2026-08-09 06:59:09,208 | INFO    | bookdata.pipeline.products | Kategori '2. Sınıf Kitapları': 1 sayfa, 12 ürün
2026-08-09 06:59:09,411 | INFO    | bookdata.pipeline.products | Kategori 'En Çok Satan Otobiyografi Kitapları': 1 sayfa, 12 ürün
2026-08-09 06:59:09,549 | INFO    | bookdata.pipeline.products | Kategori 'Nöroloji Kitapları': 1 sayfa, 1 ürün
2026-08-09 06:59:09,685 | INFO    | bookdata.pipeline.products | Kategori 'Kurtuluş Savaşı Kitapları': 1 sayfa, 2 ürün
2026-08-09 06:59:09,763 | INFO    | bookdata.pipeline.products | Kategori 'Edebiyat Kitapları': 1 sayfa, 12 ürün
2026-08-09 06:59:09,832 | INFO    | bookdata.pipeline.products | Kategori 'İlaç Rehber Kitapları': 1 sayfa, 1 ürün
2026-08-09 06:59:09,888 | INFO    | bookdata.pipeline.products | Kategori 'Çok Satanlar': ürün bulunamadı (1 sayfa)
2026-08-09 06:59:10,023 | INFO    | bookdata.pipeline.products | Kategori 'Genel Ülke Edebiyatları Kitapları': 1 sayfa, 12 ürün
2026-08-09 06:59:10,112 | INFO    | bookdata.pipeline.products | Kategori 'Latin Edebiyatı': 1 sayfa, 12 ürün
2026-08-09 06:59:11,055 | INFO    | bookdata.pipeline.products | Kategori '3. Sınıf Kitapları': 1 sayfa, 12 ürün
2026-08-09 06:59:11,140 | INFO    | bookdata.pipeline.products | Kategori 'Ofis Makineleri': 1 sayfa, 12 ürün
2026-08-09 06:59:11,225 | INFO    | bookdata.pipeline.products | Kategori 'Efsane ve Destan Kitapları': 1 sayfa, 12 ürün
2026-08-09 06:59:12,060 | INFO    | bookdata.pipeline.products | Kategori 'Okul Öncesi Resimli Kitaplar': 1 sayfa, 12 ürün
2026-08-09 06:59:12,375 | INFO    | bookdata.pipeline.products | Kategori 'Yapıştırıcı ve Bantlar': 1 sayfa, 12 ürün
2026-08-09 06:59:12,463 | INFO    | bookdata.pipeline.products | Kategori 'En Sevilen Çocuk Kitabı Setleri': 1 sayfa, 12 ürün
2026-08-09 06:59:12,688 | INFO    | bookdata.pipeline.products | Kategori 'İstanbul Rehberi Kitapları': 1 sayfa, 12 ürün
2026-08-09 06:59:12,774 | INFO    | bookdata.pipeline.products | Kategori 'Osmanlı Tarihi Kitapları': 1 sayfa, 12 ürün
2026-08-09 06:59:12,856 | INFO    | bookdata.pipeline.products | Kategori 'En Çok Satan 100 Tarih Kitabı': 1 sayfa, 12 ürün
2026-08-09 06:59:12,949 | INFO    | bookdata.pipeline.products | Kategori 'Aşk Kitapları': 1 sayfa, 12 ürün
2026-08-09 06:59:13,102 | INFO    | bookdata.pipeline.products | Kategori 'En Çok Satan Fantastik Kitaplar': 1 sayfa, 12 ürün
2026-08-09 06:59:13,185 | INFO    | bookdata.pipeline.products | Kategori 'Polisiye Romanlar': 1 sayfa, 12 ürün
2026-08-09 06:59:13,832 | INFO    | bookdata.pipeline.products | Kategori '4. Sınıf Kitapları': 1 sayfa, 12 ürün
2026-08-09 06:59:13,986 | INFO    | bookdata.pipeline.products | Kategori 'Gezi ve Rehber Kitapları': 1 sayfa, 12 ürün
2026-08-09 06:59:49,417 | INFO    | bookdata.pipeline.products | Kategori 'Yayınevi Listesi': ürün bulunamadı (50 sayfa)
2026-08-09 07:00:01,041 | INFO    | bookdata.pipeline.products | Kategori 'Yazar Listesi': ürün bulunamadı (50 sayfa)
2026-08-09 07:00:01,050 | INFO    | bookdata.pipeline.standardize | Standardize edildi: 2379 ham → 2135 ürün
2026-08-09 07:00:01,156 | INFO    | bookdata.pipeline.merge | Fiyat karşılaştırması: 2135 ürünün 2064 tanesinde değişiklik/yeni kayıt
2026-08-09 07:00:01,166 | INFO    | bookdata.adapters.storage | Veri setine 2064 yeni kayıt eklendi: Data/bkm_Datasets.csv
2026-08-09 07:00:01,173 | INFO    | bookdata.pipeline.runner | Özet: 246 kategori bulundu, 234 işlendi; 2135 ürün → 2064 kayıt eklendi (toplam 14326). İstek: 333, hata: 0
2026-08-09 07:00:03,489 | INFO    | bookdata.adapters.kaggle | Kaggle yayını tamamlandı: furkanzeki/bkm-book-dataset (2026-08-09)
2026-08-09 18:42:11,977 | INFO    | bookdata.pipeline.filter | Ignore kuralları gereği 12 kategori atlandı (10 desen)
2026-08-09 18:42:12,697 | INFO    | bookdata.pipeline.products | Kategori 'Türkiye Rehber Kitapları': 1 sayfa, 12 ürün
2026-08-09 18:42:12,899 | INFO    | bookdata.pipeline.products | Kategori 'Defterler': 1 sayfa, 12 ürün
2026-08-09 18:42:13,031 | INFO    | bookdata.pipeline.products | Kategori 'Psikoloji': 1 sayfa, 12 ürün
2026-08-09 18:42:13,188 | INFO    | bookdata.pipeline.products | Kategori 'National Geographic Kids': 1 sayfa, 12 ürün
2026-08-09 18:42:13,320 | INFO    | bookdata.pipeline.products | Kategori 'Tavsiye Kitapları': 1 sayfa, 12 ürün
2026-08-09 18:42:13,600 | INFO    | bookdata.pipeline.products | Kategori 'Etkinlik Kitapları': 1 sayfa, 12 ürün
2026-08-09 18:42:13,737 | INFO    | bookdata.pipeline.products | Kategori 'En Çok Satan Fantastik Kitaplar': 1 sayfa, 12 ürün
2026-08-09 18:42:13,868 | INFO    | bookdata.pipeline.products | Kategori 'Aforizma': 1 sayfa, 12 ürün
2026-08-09 18:42:14,035 | INFO    | bookdata.pipeline.products | Kategori 'Annelik ve Çocuk Bakımı Kitapları': 1 sayfa, 12 ürün
2026-08-09 18:42:14,176 | INFO    | bookdata.pipeline.products | Kategori 'Cinsellik Kitapları': 1 sayfa, 12 ürün
2026-08-09 18:42:14,305 | INFO    | bookdata.pipeline.products | Kategori 'Gezi ve Rehber Referans Kitapları': 1 sayfa, 12 ürün
2026-08-09 18:42:14,419 | INFO    | bookdata.pipeline.products | Kategori 'Tarihi Belgeler Kitapları': 1 sayfa, 2 ürün
2026-08-09 18:42:14,592 | INFO    | bookdata.pipeline.products | Kategori 'Rus Edebiyatı': 1 sayfa, 12 ürün
2026-08-09 18:42:14,720 | INFO    | bookdata.pipeline.products | Kategori 'Din Eğitimi Kitapları': 1 sayfa, 12 ürün
2026-08-09 18:42:14,828 | INFO    | bookdata.pipeline.products | Kategori 'Amerika Tarihi Kitapları': ürün bulunamadı (1 sayfa)
2026-08-09 18:42:14,934 | INFO    | bookdata.pipeline.products | Kategori 'KPSS Kitapları': ürün bulunamadı (1 sayfa)
2026-08-09 18:42:15,101 | INFO    | bookdata.pipeline.products | Kategori 'Çanta ve Mataralar': 1 sayfa, 12 ürün
2026-08-09 18:42:15,331 | INFO    | bookdata.pipeline.products | Kategori 'En Çok Satan 50 Dünya Klasiği': 1 sayfa, 12 ürün
2026-08-09 18:42:15,444 | INFO    | bookdata.pipeline.products | Kategori 'İlaç Rehber Kitapları': 1 sayfa, 1 ürün
2026-08-09 18:42:15,619 | INFO    | bookdata.pipeline.products | Kategori 'Anı - Mektup - Günlük Kitapları': 1 sayfa, 12 ürün
2026-08-09 18:42:15,751 | INFO    | bookdata.pipeline.products | Kategori 'Yunan Mitolojisi Kitapları': 1 sayfa, 11 ürün
2026-08-09 18:42:15,879 | INFO    | bookdata.pipeline.products | Kategori ' Mizah Kitapları': 1 sayfa, 12 ürün
2026-08-09 18:42:16,019 | INFO    | bookdata.pipeline.products | Kategori 'Araştırma - İnceleme Kitapları': 1 sayfa, 12 ürün
2026-08-09 18:42:16,200 | INFO    | bookdata.pipeline.products | Kategori 'Özel Eğitim Çocuk Kitapları': 1 sayfa, 12 ürün
2026-08-09 18:42:16,430 | INFO    | bookdata.pipeline.products | Kategori 'Edebiyat Kitapları': 1 sayfa, 12 ürün
2026-08-09 18:42:16,626 | INFO    | bookdata.pipeline.products | Kategori 'Yoga Meditasyon Kitapları': 1 sayfa, 12 ürün
2026-08-09 18:42:16,728 | INFO    | bookdata.pipeline.products | Kategori 'Çok Satanlar': ürün bulunamadı (1 sayfa)
2026-08-09 18:42:16,859 | INFO    | bookdata.pipeline.products | Kategori '100 Temel Eser Kitapları': 1 sayfa, 12 ürün
2026-08-09 18:42:16,992 | INFO    | bookdata.pipeline.products | Kategori 'Söyleşi Kitapları': 1 sayfa, 12 ürün
2026-08-09 18:42:17,109 | INFO    | bookdata.pipeline.products | Kategori 'Psikiyatri ve Psikanaliz Kitapları': 1 sayfa, 5 ürün
2026-08-09 18:42:17,295 | INFO    | bookdata.pipeline.products | Kategori 'Eğitim Psikolojisi Kitapları': 1 sayfa, 12 ürün
2026-08-09 18:42:17,438 | INFO    | bookdata.pipeline.products | Kategori 'Gençlik Lise Kitapları': 1 sayfa, 12 ürün
2026-08-09 18:42:17,568 | INFO    | bookdata.pipeline.products | Kategori 'İtalyan Edebiyatı': 1 sayfa, 12 ürün
2026-08-09 18:42:17,721 | INFO    | bookdata.pipeline.products | Kategori 'Fizik Tedavi ve Rehabilitasyon Kitapları': 1 sayfa, 1 ürün
2026-08-09 18:42:17,964 | INFO    | bookdata.pipeline.products | Kategori 'Aksiyon ve Macera Kitapları': 1 sayfa, 12 ürün
2026-08-09 18:42:18,096 | INFO    | bookdata.pipeline.products | Kategori 'Yapıştırıcı ve Bantlar': 1 sayfa, 12 ürün
2026-08-09 18:42:18,281 | INFO    | bookdata.pipeline.products | Kategori 'Uzakdoğu Edebiyatı': 1 sayfa, 12 ürün
2026-08-09 18:42:18,412 | INFO    | bookdata.pipeline.products | Kategori 'Kağıt Ürünleri': 1 sayfa, 12 ürün
2026-08-09 18:42:18,545 | INFO    | bookdata.pipeline.products | Kategori 'Anaokulu': 1 sayfa, 12 ürün
2026-08-09 18:42:18,672 | INFO    | bookdata.pipeline.products | Kategori 'Fantastik Çocuk Kitapları': 1 sayfa, 12 ürün
2026-08-09 18:42:18,853 | INFO    | bookdata.pipeline.products | Kategori 'En Çok Satan Dünya Tarihi Kitapları': 1 sayfa, 12 ürün
2026-08-09 18:42:18,969 | INFO    | bookdata.pipeline.products | Kategori 'Ülkeler Tarihi Kitapları': 1 sayfa, 2 ürün
2026-08-09 18:42:19,097 | INFO    | bookdata.pipeline.products | Kategori 'II. Dünya Savaşı Kitapları': 1 sayfa, 12 ürün
2026-08-09 18:42:19,227 | INFO    | bookdata.pipeline.products | Kategori 'Fransız Edebiyatı Kitapları': 1 sayfa, 12 ürün
2026-08-09 18:42:19,406 | INFO    | bookdata.pipeline.products | Kategori 'Mustafa Kemal Atatürk Kitapları': 1 sayfa, 12 ürün
2026-08-09 18:42:19,639 | INFO    | bookdata.pipeline.products | Kategori 'Tarihi Romanlar': 1 sayfa, 12 ürün
2026-08-09 18:42:19,776 | INFO    | bookdata.pipeline.products | Kategori 'Okunması Gereken Şiir Kitapları': 1 sayfa, 12 ürün
2026-08-09 18:42:19,963 | INFO    | bookdata.pipeline.products | Kategori 'En Sevilen Çocuk Kitabı Setleri': 1 sayfa, 12 ürün
2026-08-09 18:42:20,085 | INFO    | bookdata.pipeline.products | Kategori 'Tarihi Kişilikler Kitapları': 1 sayfa, 6 ürün
2026-08-09 18:42:20,219 | INFO    | bookdata.pipeline.products | Kategori 'Çok Satan Çizgi Romanlar': 1 sayfa, 12 ürün
2026-08-09 18:42:20,343 | INFO    | bookdata.pipeline.products | Kategori 'Antik Mısır Kitapları': 1 sayfa, 8 ürün
2026-08-09 18:42:20,530 | INFO    | bookdata.pipeline.products | Kategori 'Sanatsal Malzemeler': 1 sayfa, 12 ürün
2026-08-09 18:42:20,665 | INFO    | bookdata.pipeline.products | Kategori 'Kinetik Kumlar': 1 sayfa, 12 ürün
2026-08-09 18:42:20,797 | INFO    | bookdata.pipeline.products | Kategori 'Casusluk Kitapları': 1 sayfa, 12 ürün
2026-08-09 18:42:20,992 | INFO    | bookdata.pipeline.products | Kategori 'Şiir Kitapları': 1 sayfa, 12 ürün
2026-08-09 18:42:21,133 | INFO    | bookdata.pipeline.products | Kategori 'Masallar': 1 sayfa, 12 ürün
2026-08-09 18:42:21,249 | INFO    | bookdata.pipeline.products | Kategori 'Arkeoloji Kitapları': 1 sayfa, 2 ürün
2026-08-09 18:42:21,383 | INFO    | bookdata.pipeline.products | Kategori 'Aile Sağlığı Kitapları': 1 sayfa, 12 ürün
2026-08-09 18:42:21,555 | INFO    | bookdata.pipeline.products | Kategori 'Seyahatname Kitapları': 1 sayfa, 3 ürün
2026-08-09 18:42:21,788 | INFO    | bookdata.pipeline.products | Kategori 'Türkiye - Yakın Tarih Kitapları': 1 sayfa, 12 ürün
2026-08-09 18:42:21,909 | INFO    | bookdata.pipeline.products | Kategori 'Selçuklu Dönemi Kitapları': 1 sayfa, 5 ürün
2026-08-09 18:42:22,111 | INFO    | bookdata.pipeline.products | Kategori 'Roman ve Öykü Kitapları': 1 sayfa, 12 ürün
2026-08-09 18:42:22,222 | INFO    | bookdata.pipeline.products | Kategori 'Kurtuluş Savaşı Kitapları': 1 sayfa, 2 ürün
2026-08-09 18:42:22,335 | INFO    | bookdata.pipeline.products | Kategori 'Psikoloji Akımları Kitapları': 1 sayfa, 2 ürün
2026-08-09 18:42:22,448 | INFO    | bookdata.pipeline.products | Kategori 'Edebiyat Referans Kitaplar': 1 sayfa, 3 ürün
2026-08-09 18:42:22,645 | INFO    | bookdata.pipeline.products | Kategori 'Dünya Tarihi Kitapları': 1 sayfa, 12 ürün
2026-08-09 18:42:22,782 | INFO    | bookdata.pipeline.products | Kategori 'Başvuru Kitapları': 1 sayfa, 12 ürün
2026-08-09 18:42:22,913 | INFO    | bookdata.pipeline.products | Kategori 'Çocuk Şiir Kitapları': 1 sayfa, 12 ürün
2026-08-09 18:42:23,043 | INFO    | bookdata.pipeline.products | Kategori 'Genel Ülke Edebiyatları Kitapları': 1 sayfa, 12 ürün
2026-08-09 18:42:23,233 | INFO    | bookdata.pipeline.products | Kategori 'Yabancı Dilde Çocuk Kitapları': 1 sayfa, 12 ürün
2026-08-09 18:42:23,466 | INFO    | bookdata.pipeline.products | Kategori 'Çocuk Psikolojisi Kitapları': 1 sayfa, 12 ürün
2026-08-09 18:42:23,601 | INFO    | bookdata.pipeline.products | Kategori 'Çocuk Bilmece Bulmaca Kitapları': 1 sayfa, 12 ürün
2026-08-09 18:42:23,801 | INFO    | bookdata.pipeline.products | Kategori 'Çıkartmalı Kitaplar': 1 sayfa, 12 ürün
2026-08-09 18:42:23,935 | INFO    | bookdata.pipeline.products | Kategori 'Kent Rehberleri': 1 sayfa, 12 ürün
2026-08-09 18:42:24,065 | INFO    | bookdata.pipeline.products | Kategori 'Karikatürler': 1 sayfa, 12 ürün
2026-08-09 18:42:24,181 | INFO    | bookdata.pipeline.products | Kategori 'Sosyal Tarih Kitapları': 1 sayfa, 2 ürün
2026-08-09 18:42:24,380 | INFO    | bookdata.pipeline.products | Kategori 'Efsane ve Destan Kitapları': 1 sayfa, 12 ürün
2026-08-09 18:42:24,512 | INFO    | bookdata.pipeline.products | Kategori 'Setler': 1 sayfa, 12 ürün
2026-08-09 18:42:24,643 | INFO    | bookdata.pipeline.products | Kategori 'Yakın Tarih Kitapları': 1 sayfa, 12 ürün
2026-08-09 18:42:24,777 | INFO    | bookdata.pipeline.products | Kategori '100 Temel Eser': 1 sayfa, 12 ürün
2026-08-09 18:42:25,067 | INFO    | bookdata.pipeline.products | Kategori 'Türkiye ve Cumhuriyet Tarihi Kitapları': 1 sayfa, 12 ürün
2026-08-09 18:42:25,188 | INFO    | bookdata.pipeline.products | Kategori 'Bölgeler Tarihi Kitapları': 1 sayfa, 3 ürün
2026-08-09 18:42:25,317 | INFO    | bookdata.pipeline.products | Kategori 'Alternatif Tıp Şifalı Bitkiler Kitapları': 1 sayfa, 12 ürün
2026-08-09 18:42:25,494 | INFO    | bookdata.pipeline.products | Kategori 'İskandinav Edebiyatı': 1 sayfa, 3 ürün
2026-08-09 18:42:25,629 | INFO    | bookdata.pipeline.products | Kategori 'En Çok Okunan Cumhuriyet Tarihi Kitapları': 1 sayfa, 12 ürün
2026-08-09 18:42:25,760 | INFO    | bookdata.pipeline.products | Kategori 'Yabancı Dilde Edebiyat Kitapları': 1 sayfa, 12 ürün
2026-08-09 18:42:25,889 | INFO    | bookdata.pipeline.products | Kategori 'Dil Bilimi Kitapları': 1 sayfa, 12 ürün
2026-08-09 18:42:26,092 | INFO    | bookdata.pipeline.products | Kategori 'Eğitici ve Öğretici Çocuk Kitapları': 1 sayfa, 12 ürün
2026-08-09 18:42:26,517 | INFO    | bookdata.pipeline.products | Kategori 'Türk Edebiyatı TOP 50': 1 sayfa, 12 ürün
2026-08-09 18:42:26,788 | INFO    | bookdata.pipeline.products | Kategori 'Anatomi Kitapları': 1 sayfa, 1 ürün
2026-08-09 18:42:26,899 | INFO    | bookdata.pipeline.products | Kategori 'Psikiyatri Kitapları': 1 sayfa, 1 ürün
2026-08-09 18:42:27,033 | INFO    | bookdata.pipeline.products | Kategori 'Çocuk Etkinlik Kitapları': 1 sayfa, 12 ürün
2026-08-09 18:42:27,171 | INFO    | bookdata.pipeline.products | Kategori '4. Sınıf Kitapları': 1 sayfa, 12 ürün
2026-08-09 18:42:27,368 | INFO    | bookdata.pipeline.products | Kategori 'Divan Edebiyatı ve Halk Edebiyatı Kitapları': 1 sayfa, 12 ürün
2026-08-09 18:42:27,500 | INFO    | bookdata.pipeline.products | Kategori '3-6 Yaş Kitapları': 1 sayfa, 12 ürün
2026-08-09 18:42:27,636 | INFO    | bookdata.pipeline.products | Kategori 'Denemeler': 1 sayfa, 12 ürün
2026-08-09 18:42:27,849 | INFO    | bookdata.pipeline.products | Kategori 'Hikayeler': 1 sayfa, 12 ürün
2026-08-09 18:42:27,978 | INFO    | bookdata.pipeline.products | Kategori 'En Çok Satan Diyet Kitapları': 1 sayfa, 12 ürün
2026-08-09 18:42:28,399 | INFO    | bookdata.pipeline.products | Kategori 'En Çok Satan Seri Katil Kitapları': 1 sayfa, 11 ürün
2026-08-09 18:42:28,537 | INFO    | bookdata.pipeline.products | Kategori 'Çocuk Bilim Kitapları': 1 sayfa, 12 ürün
2026-08-09 18:42:28,695 | INFO    | bookdata.pipeline.products | Kategori 'Çocuk Boyama Kitapları': 1 sayfa, 12 ürün
2026-08-09 18:42:28,825 | INFO    | bookdata.pipeline.products | Kategori 'Tarih Felsefesi Kitapları': 1 sayfa, 12 ürün
2026-08-09 18:42:29,050 | INFO    | bookdata.pipeline.products | Kategori 'Çocuk İlkokul Kitapları': 1 sayfa, 12 ürün
2026-08-09 18:42:29,183 | INFO    | bookdata.pipeline.products | Kategori 'Önemli Olaylar ve Biyografi ve Otobiyografi Kitapları': 1 sayfa, 12 ürün
2026-08-09 18:42:29,412 | INFO    | bookdata.pipeline.products | Kategori 'Tüm Kategoriler': ürün bulunamadı (1 sayfa)
2026-08-09 18:42:29,618 | INFO    | bookdata.pipeline.products | Kategori 'Tiyatro ve Piyes Kitapları': 1 sayfa, 12 ürün
2026-08-09 18:42:29,749 | INFO    | bookdata.pipeline.products | Kategori 'Gençlik Edebiyatı': 1 sayfa, 12 ürün
2026-08-09 18:42:29,881 | INFO    | bookdata.pipeline.products | Kategori 'Fantastik Kitaplar': 1 sayfa, 12 ürün
2026-08-09 18:42:30,301 | INFO    | bookdata.pipeline.products | Kategori 'Genel Çocuk Kitapları': 1 sayfa, 12 ürün
2026-08-09 18:42:30,429 | INFO    | bookdata.pipeline.products | Kategori 'İspanyol Edebiyatı': 1 sayfa, 12 ürün
2026-08-09 18:42:30,556 | INFO    | bookdata.pipeline.products | Kategori 'Dokun Hisset Kitapları': 1 sayfa, 10 ürün
2026-08-09 18:42:30,774 | INFO    | bookdata.pipeline.products | Kategori 'Öykü Kitapları': 1 sayfa, 12 ürün
2026-08-09 18:42:30,906 | INFO    | bookdata.pipeline.products | Kategori 'Çizgi Roman - Anime ve Mangalar': 1 sayfa, 12 ürün
2026-08-09 18:42:31,046 | INFO    | bookdata.pipeline.products | Kategori 'Çocuk 6-7 Yaş Kitapları': 1 sayfa, 12 ürün
2026-08-09 18:42:31,270 | INFO    | bookdata.pipeline.products | Kategori 'En Çok Okunan Karikatür Kitapları': 1 sayfa, 12 ürün
2026-08-09 18:42:31,478 | INFO    | bookdata.pipeline.products | Kategori 'Yabancı Dilde Psikoloji Kitapları': ürün bulunamadı (1 sayfa)
2026-08-09 18:42:31,613 | INFO    | bookdata.pipeline.products | Kategori 'Korku ve Gerilim Edebiyatı': 1 sayfa, 12 ürün
2026-08-09 18:42:31,835 | INFO    | bookdata.pipeline.products | Kategori 'En Çok Satan Otobiyografi Kitapları': 1 sayfa, 12 ürün
2026-08-09 18:42:32,076 | INFO    | bookdata.pipeline.products | Kategori 'Gezi ve Rehber Kitapları': 1 sayfa, 12 ürün
2026-08-09 18:42:32,211 | INFO    | bookdata.pipeline.products | Kategori 'Beslenme ve Diyet Kitapları': 1 sayfa, 12 ürün
2026-08-09 18:42:32,453 | INFO    | bookdata.pipeline.products | Kategori 'Aşk Kitapları': 1 sayfa, 12 ürün
2026-08-09 18:42:32,584 | INFO    | bookdata.pipeline.products | Kategori 'Yetişkin Masal Kitapları': 1 sayfa, 9 ürün
2026-08-09 18:42:32,821 | INFO    | bookdata.pipeline.products | Kategori 'Genel Psikoloji Kitapları': 1 sayfa, 12 ürün
2026-08-09 18:42:33,060 | INFO    | bookdata.pipeline.products | Kategori 'Tarih Kitapları': 1 sayfa, 12 ürün
2026-08-09 18:42:33,200 | INFO    | bookdata.pipeline.products | Kategori 'Bilimsel Kitaplar': 1 sayfa, 12 ürün
2026-08-09 18:42:33,312 | INFO    | bookdata.pipeline.products | Kategori 'Coğrafya ve Genel Kitaplar': 1 sayfa, 1 ürün
2026-08-09 18:42:33,449 | INFO    | bookdata.pipeline.products | Kategori 'Alman Edebiyatı Kitapları': 1 sayfa, 12 ürün
2026-08-09 18:42:33,662 | INFO    | bookdata.pipeline.products | Kategori 'Periyodik Yayınlar': 1 sayfa, 3 ürün
2026-08-09 18:42:33,913 | INFO    | bookdata.pipeline.products | Kategori 'Çocuk Kitabı TOP 50': 1 sayfa, 12 ürün
2026-08-09 18:42:34,250 | INFO    | bookdata.pipeline.products | Kategori 'Matbu Evraklar ve Makbuzlar': 1 sayfa, 12 ürün
2026-08-09 18:42:34,381 | INFO    | bookdata.pipeline.products | Kategori 'Politik - Kurgu Kitapları': 1 sayfa, 12 ürün
2026-08-09 18:42:34,527 | INFO    | bookdata.pipeline.products | Kategori 'I. Dünya Savaşı Kitapları': 1 sayfa, 12 ürün
2026-08-09 18:42:34,651 | INFO    | bookdata.pipeline.products | Kategori 'Bilim Kurgu Kitapları': 1 sayfa, 7 ürün
2026-08-09 18:42:34,869 | INFO    | bookdata.pipeline.products | Kategori 'Zeka Gelişimi Kitapları': 1 sayfa, 12 ürün
2026-08-09 18:42:35,008 | INFO    | bookdata.pipeline.products | Kategori 'Psikoloji Başvuru Kitapları': 1 sayfa, 12 ürün
2026-08-09 18:42:35,120 | INFO    | bookdata.pipeline.products | Kategori 'Histoloji ve Embriyoloji Kitapları': 1 sayfa, 1 ürün
2026-08-09 18:42:35,252 | INFO    | bookdata.pipeline.products | Kategori 'En Çok Satan Gerilim Kitapları': 1 sayfa, 12 ürün
2026-08-09 18:42:35,481 | INFO    | bookdata.pipeline.products | Kategori 'Okul Öncesi Çocuk Kitapları': 1 sayfa, 12 ürün
2026-08-09 18:42:35,718 | INFO    | bookdata.pipeline.products | Kategori 'Senaryo Kitapları': 1 sayfa, 12 ürün
2026-08-09 18:42:35,829 | INFO    | bookdata.pipeline.products | Kategori 'Tarih - Mitoloji Kitapları': 1 sayfa, 2 ürün
2026-08-09 18:42:36,162 | INFO    | bookdata.pipeline.products | Kategori 'En Çok Okunan Suç Kitapları': 1 sayfa, 12 ürün
2026-08-09 18:42:36,293 | INFO    | bookdata.pipeline.products | Kategori 'Gezi ve Rehber Kitapları': 1 sayfa, 12 ürün
2026-08-09 18:42:36,401 | INFO    | bookdata.pipeline.products | Kategori 'Milletler Tarihi Kitapları': ürün bulunamadı (1 sayfa)
2026-08-09 18:42:36,626 | INFO    | bookdata.pipeline.products | Kategori 'Amerikan Edebiyatı': 1 sayfa, 12 ürün
2026-08-09 18:42:36,859 | INFO    | bookdata.pipeline.products | Kategori 'Takvim Ve Planlayıcılar': 1 sayfa, 12 ürün
2026-08-09 18:42:36,995 | INFO    | bookdata.pipeline.products | Kategori 'En Çok Satan Gizemli Kitaplar': 1 sayfa, 12 ürün
2026-08-09 18:42:37,234 | INFO    | bookdata.pipeline.products | Kategori 'Klasik Romanlar ve Kitapları': 1 sayfa, 12 ürün
2026-08-09 18:42:37,374 | INFO    | bookdata.pipeline.products | Kategori 'Okul Öncesi Resimli Kitaplar': 1 sayfa, 12 ürün
2026-08-09 18:42:37,497 | INFO    | bookdata.pipeline.products | Kategori 'Sağlıklı Yaşam Kitapları': 1 sayfa, 7 ürün
2026-08-09 18:42:37,629 | INFO    | bookdata.pipeline.products | Kategori 'En Çok Satan Selçuklu Tarihi Kitapları': 1 sayfa, 12 ürün
2026-08-09 18:42:37,845 | INFO    | bookdata.pipeline.products | Kategori 'Dünya Klasikleri TOP 50': 1 sayfa, 12 ürün
2026-08-09 18:42:38,164 | INFO    | bookdata.pipeline.products | Kategori 'Çocuk Dil Eğitimi Kitapları': 1 sayfa, 4 ürün
2026-08-09 18:42:38,382 | INFO    | bookdata.pipeline.products | Kategori 'Çocuk Boyama Kitapları': 1 sayfa, 12 ürün
2026-08-09 18:42:38,519 | INFO    | bookdata.pipeline.products | Kategori '5. Sınıf Kitapları': 1 sayfa, 12 ürün
2026-08-09 18:42:38,637 | INFO    | bookdata.pipeline.products | Kategori 'Tahta ve Panolar': ürün bulunamadı (1 sayfa)
2026-08-09 18:42:38,769 | INFO    | bookdata.pipeline.products | Kategori 'En İyi Korku Kitapları': 1 sayfa, 12 ürün
2026-08-09 18:42:38,997 | INFO    | bookdata.pipeline.products | Kategori 'Çocuk Rehber - Kişisel Gelişim Kitapları': 1 sayfa, 12 ürün
2026-08-09 18:42:39,133 | INFO    | bookdata.pipeline.products | Kategori 'Dosya ve Klasörler': 1 sayfa, 12 ürün
2026-08-09 18:42:39,275 | INFO    | bookdata.pipeline.products | Kategori 'Genel Sağlık Kitapları': 1 sayfa, 12 ürün
2026-08-09 18:42:39,603 | INFO    | bookdata.pipeline.products | Kategori 'En Çok Okunan Türk Tarihi Kitapları': 1 sayfa, 12 ürün
2026-08-09 18:42:39,734 | INFO    | bookdata.pipeline.products | Kategori 'Yapbozlu Kitapları': 1 sayfa, 12 ürün
2026-08-09 18:42:39,864 | INFO    | bookdata.pipeline.products | Kategori 'Çocuk 0-3 Yaş Kitapları': 1 sayfa, 12 ürün
2026-08-09 18:42:40,192 | INFO    | bookdata.pipeline.products | Kategori 'Sağlık İletişimi Kitapları': 1 sayfa, 12 ürün
2026-08-09 18:42:40,326 | INFO    | bookdata.pipeline.products | Kategori 'Ofis Malzemeleri': 1 sayfa, 12 ürün
2026-08-09 18:42:40,462 | INFO    | bookdata.pipeline.products | Kategori 'Referans Kitaplar': 1 sayfa, 12 ürün
2026-08-09 18:42:40,572 | INFO    | bookdata.pipeline.products | Kategori 'Psikolojik Araştırma Teknikleri Kitapları': 1 sayfa, 1 ürün
2026-08-09 18:42:40,812 | INFO    | bookdata.pipeline.products | Kategori 'Antoloji Kitapları': 1 sayfa, 12 ürün
2026-08-09 18:42:41,055 | INFO    | bookdata.pipeline.products | Kategori 'En Çok Satan 100 Tarih Kitabı': 1 sayfa, 12 ürün
2026-08-09 18:42:41,186 | INFO    | bookdata.pipeline.products | Kategori '3. Sınıf Kitapları': 1 sayfa, 12 ürün
2026-08-09 18:42:41,418 | INFO    | bookdata.pipeline.products | Kategori 'Ortadoğu - Arap Edebiyatı Kitapları': 1 sayfa, 12 ürün
2026-08-09 18:42:41,860 | INFO    | bookdata.pipeline.products | Kategori 'Derlemeler': 1 sayfa, 12 ürün
2026-08-09 18:42:42,068 | INFO    | bookdata.pipeline.products | Kategori 'Göktürk Tarihi Kitapları': 1 sayfa, 9 ürün
2026-08-09 18:42:42,209 | INFO    | bookdata.pipeline.products | Kategori 'En Çok Okunan Bilim Kurgu Kitapları': 1 sayfa, 12 ürün
2026-08-09 18:42:42,328 | INFO    | bookdata.pipeline.products | Kategori 'Anadolu Tarihi Kitapları': 1 sayfa, 3 ürün
2026-08-09 18:42:42,462 | INFO    | bookdata.pipeline.products | Kategori 'Ajanda,Takvim Ve Planlayıcılar': 1 sayfa, 12 ürün
2026-08-09 18:42:42,692 | INFO    | bookdata.pipeline.products | Kategori 'Psikolojik Danışma Kitapları ': 1 sayfa, 8 ürün
2026-08-09 18:42:42,929 | INFO    | bookdata.pipeline.products | Kategori 'İngiliz Edebiyatı': 1 sayfa, 12 ürün
2026-08-09 18:42:43,060 | INFO    | bookdata.pipeline.products | Kategori 'Ekol ve Yaklaşım Kitapları': 1 sayfa, 12 ürün
2026-08-09 18:42:43,333 | INFO    | bookdata.pipeline.products | Kategori 'Eğitim - Okula Yardımcı Kitaplar': 1 sayfa, 26 ürün
2026-08-09 18:42:43,575 | INFO    | bookdata.pipeline.products | Kategori 'Genel Tarih Kitapları ': 1 sayfa, 12 ürün
2026-08-09 18:42:43,715 | INFO    | bookdata.pipeline.products | Kategori 'Sessiz Kitaplar': 1 sayfa, 12 ürün
2026-08-09 18:42:43,917 | INFO    | bookdata.pipeline.products | Kategori 'Araç ve Gereçler': 1 sayfa, 2 ürün
2026-08-09 18:42:44,026 | INFO    | bookdata.pipeline.products | Kategori 'Yabancı Dilde Tarih Kitapları ': 1 sayfa, 1 ürün
2026-08-09 18:42:44,159 | INFO    | bookdata.pipeline.products | Kategori 'Türk Edebiyatı Romanları': 1 sayfa, 12 ürün
2026-08-09 18:42:44,289 | INFO    | bookdata.pipeline.products | Kategori 'Kalemler ve Yazı Gereçleri': 1 sayfa, 12 ürün
2026-08-09 18:42:44,517 | INFO    | bookdata.pipeline.products | Kategori 'Çizgi Roman Kitapları': 1 sayfa, 12 ürün
2026-08-09 18:42:44,654 | INFO    | bookdata.pipeline.products | Kategori 'Din Psikolojisi Kitapları': 1 sayfa, 12 ürün
2026-08-09 18:42:44,788 | INFO    | bookdata.pipeline.products | Kategori '2. Sınıf Kitapları': 1 sayfa, 12 ürün
2026-08-09 18:42:45,082 | INFO    | bookdata.pipeline.products | Kategori 'Biyoloji - Genetik Kitapları': 1 sayfa, 1 ürün
2026-08-09 18:42:45,193 | INFO    | bookdata.pipeline.products | Kategori 'Nöroloji Kitapları': 1 sayfa, 1 ürün
2026-08-09 18:42:45,427 | INFO    | bookdata.pipeline.products | Kategori 'En Çok Satan Biyografi Kitapları': 1 sayfa, 12 ürün
2026-08-09 18:42:45,657 | INFO    | bookdata.pipeline.products | Kategori 'Roman': 1 sayfa, 12 ürün
2026-08-09 18:42:45,790 | INFO    | bookdata.pipeline.products | Kategori 'Polisiye Romanlar': 1 sayfa, 12 ürün
2026-08-09 18:42:45,937 | INFO    | bookdata.pipeline.products | Kategori 'Psikolojik Kitaplar': 1 sayfa, 12 ürün
2026-08-09 18:42:46,067 | INFO    | bookdata.pipeline.products | Kategori 'Türk Klasikleri Kitapları': 1 sayfa, 12 ürün
2026-08-09 18:42:46,391 | INFO    | bookdata.pipeline.products | Kategori 'Sağlık Kitapları': 1 sayfa, 12 ürün
2026-08-09 18:42:46,523 | INFO    | bookdata.pipeline.products | Kategori 'Ölçü ve Çizim Malzemeleri': 1 sayfa, 12 ürün
2026-08-09 18:42:47,402 | INFO    | bookdata.pipeline.products | Kategori 'Seçili Araştırma ve Tarih Kitapları': 1 sayfa, 12 ürün
2026-08-09 18:42:47,537 | INFO    | bookdata.pipeline.products | Kategori 'Latin Edebiyatı': 1 sayfa, 12 ürün
2026-08-09 18:42:47,672 | INFO    | bookdata.pipeline.products | Kategori 'Gençlik Ortaokul Kitapları': 1 sayfa, 12 ürün
2026-08-09 18:42:47,805 | INFO    | bookdata.pipeline.products | Kategori 'Kürt Edebiyatı': 1 sayfa, 12 ürün
2026-08-09 18:42:48,020 | INFO    | bookdata.pipeline.products | Kategori 'Slime ve Malzemeleri': 1 sayfa, 5 ürün
2026-08-09 18:42:48,142 | INFO    | bookdata.pipeline.products | Kategori 'Dekoratif Ürünler': 1 sayfa, 7 ürün
2026-08-09 18:42:48,353 | INFO    | bookdata.pipeline.products | Kategori 'Sosyal Psikoloji Kitapları ': 1 sayfa, 2 ürün
2026-08-09 18:42:48,586 | INFO    | bookdata.pipeline.products | Kategori 'Çocuk Çizgi Roman Kitapları': 1 sayfa, 12 ürün
2026-08-09 18:42:48,725 | INFO    | bookdata.pipeline.products | Kategori 'Biyografi ve Otobiyografi Kitapları': 1 sayfa, 12 ürün
2026-08-09 18:42:49,297 | INFO    | bookdata.pipeline.products | Kategori 'Eleştiri İnceleme ve Kuram Kitapları': 1 sayfa, 12 ürün
2026-08-09 18:42:49,514 | INFO    | bookdata.pipeline.products | Kategori 'Osmanlı Tarihi Kitapları': 1 sayfa, 12 ürün
2026-08-09 18:42:49,661 | INFO    | bookdata.pipeline.products | Kategori 'Gelişim Psikolojisi Kitapları': 1 sayfa, 12 ürün
2026-08-09 18:42:49,800 | INFO    | bookdata.pipeline.products | Kategori 'Türk Tarihi Araştırmaları Kitapları': 1 sayfa, 12 ürün
2026-08-09 18:42:50,014 | INFO    | bookdata.pipeline.products | Kategori 'Genel Edebiyat Kitapları': 1 sayfa, 12 ürün
2026-08-09 18:42:50,157 | INFO    | bookdata.pipeline.products | Kategori 'Gezi Rehberi Kitapları': 1 sayfa, 12 ürün
2026-08-09 18:42:50,289 | INFO    | bookdata.pipeline.products | Kategori 'Araştırma ve İnceleme Kitapları': 1 sayfa, 12 ürün
2026-08-09 18:42:50,419 | INFO    | bookdata.pipeline.products | Kategori 'Okul Öncesi Şekilli Kitaplar': 1 sayfa, 12 ürün
2026-08-09 18:42:50,734 | INFO    | bookdata.pipeline.products | Kategori '1. Sınıf Kitapları': 1 sayfa, 12 ürün
2026-08-09 18:42:50,873 | INFO    | bookdata.pipeline.products | Kategori 'Çocuk Gelişimi Kitapları': 1 sayfa, 12 ürün
2026-08-09 18:42:51,002 | INFO    | bookdata.pipeline.products | Kategori 'Ofis Makineleri': 1 sayfa, 12 ürün
2026-08-09 18:42:51,352 | INFO    | bookdata.pipeline.products | Kategori 'Yazıcı ve Fotokopi Kağıtları': 1 sayfa, 5 ürün
2026-08-09 18:42:51,483 | INFO    | bookdata.pipeline.products | Kategori 'Boyalar ve Boya Ürünleri': 1 sayfa, 12 ürün
2026-08-09 18:42:51,615 | INFO    | bookdata.pipeline.products | Kategori '0-3 Yaş Kitapları': 1 sayfa, 12 ürün
2026-08-09 18:42:51,856 | INFO    | bookdata.pipeline.products | Kategori 'Çocuk Referans Kitaplar': 1 sayfa, 12 ürün
2026-08-09 18:42:51,986 | INFO    | bookdata.pipeline.products | Kategori 'Ülke Rehberi Kitapları': 1 sayfa, 12 ürün
2026-08-09 18:42:52,222 | INFO    | bookdata.pipeline.products | Kategori 'Çocuk 4-5 Yaş Kitapları': 1 sayfa, 12 ürün
2026-08-09 18:42:52,460 | INFO    | bookdata.pipeline.products | Kategori 'Çocuk Kitapları': 1 sayfa, 12 ürün
2026-08-09 18:42:52,907 | INFO    | bookdata.pipeline.products | Kategori 'En Çok Satan Osmanlı Kitapları': 1 sayfa, 12 ürün
2026-08-09 18:42:53,042 | INFO    | bookdata.pipeline.products | Kategori 'Seyahatname Kitapları': 1 sayfa, 12 ürün
2026-08-09 18:42:53,254 | INFO    | bookdata.pipeline.products | Kategori 'Hamilelik ve Doğum Kitapları': 1 sayfa, 6 ürün
2026-08-09 18:42:53,384 | INFO    | bookdata.pipeline.products | Kategori 'Anlatı Kitapları': 1 sayfa, 12 ürün
2026-08-09 18:42:53,620 | INFO    | bookdata.pipeline.products | Kategori 'Bilim Kurgu Kitapları': 1 sayfa, 12 ürün
2026-08-09 18:42:53,841 | INFO    | bookdata.pipeline.products | Kategori 'Dünya Çocuk Klasikleri': 1 sayfa, 12 ürün
2026-08-09 18:42:53,973 | INFO    | bookdata.pipeline.products | Kategori 'Biyografi Otobiyografi Kitapları': 1 sayfa, 12 ürün
2026-08-09 18:42:54,103 | INFO    | bookdata.pipeline.products | Kategori 'İstanbul Rehberi Kitapları': 1 sayfa, 12 ürün
2026-08-09 18:43:26,350 | INFO    | bookdata.pipeline.products | Kategori 'Yayınevi Listesi': ürün bulunamadı (50 sayfa)
2026-08-09 18:43:41,600 | INFO    | bookdata.pipeline.products | Kategori 'Yazar Listesi': ürün bulunamadı (50 sayfa)
2026-08-09 18:43:41,612 | INFO    | bookdata.pipeline.standardize | Standardize edildi: 2379 ham → 2135 ürün
2026-08-09 18:43:41,786 | INFO    | bookdata.pipeline.merge | Fiyat karşılaştırması: 2135 ürünün 2064 tanesinde değişiklik/yeni kayıt
2026-08-09 18:43:41,802 | INFO    | bookdata.adapters.storage | Veri setine 2064 yeni kayıt eklendi: Data/bkm_Datasets.csv
2026-08-09 18:43:41,814 | INFO    | bookdata.pipeline.runner | Özet: 246 kategori bulundu, 234 işlendi; 2135 ürün → 2064 kayıt eklendi (toplam 16390). İstek: 333, hata: 0
2026-08-09 18:43:44,387 | INFO    | bookdata.adapters.kaggle | Kaggle yayını tamamlandı: furkanzeki/bkm-book-dataset (2026-08-09)
2026-08-10 07:44:16,992 | INFO    | bookdata.pipeline.filter | Ignore kuralları gereği 12 kategori atlandı (10 desen)
2026-08-10 07:44:17,525 | INFO    | bookdata.pipeline.products | Kategori 'Senaryo Kitapları': 1 sayfa, 12 ürün
2026-08-10 07:44:17,685 | INFO    | bookdata.pipeline.products | Kategori 'Kürt Edebiyatı': 1 sayfa, 12 ürün
2026-08-10 07:44:17,928 | INFO    | bookdata.pipeline.products | Kategori 'Psikoloji Başvuru Kitapları': 1 sayfa, 12 ürün
2026-08-10 07:44:18,064 | INFO    | bookdata.pipeline.products | Kategori 'Denemeler': 1 sayfa, 12 ürün
2026-08-10 07:44:18,191 | INFO    | bookdata.pipeline.products | Kategori 'Yabancı Dilde Çocuk Kitapları': 1 sayfa, 12 ürün
2026-08-10 07:44:18,362 | INFO    | bookdata.pipeline.products | Kategori 'Okunması Gereken Şiir Kitapları': 1 sayfa, 12 ürün
2026-08-10 07:44:18,487 | INFO    | bookdata.pipeline.products | Kategori 'Takvim Ve Planlayıcılar': 1 sayfa, 12 ürün
2026-08-10 07:44:18,629 | INFO    | bookdata.pipeline.products | Kategori '3-6 Yaş Kitapları': 1 sayfa, 12 ürün
2026-08-10 07:44:18,769 | INFO    | bookdata.pipeline.products | Kategori 'Annelik ve Çocuk Bakımı Kitapları': 1 sayfa, 12 ürün
2026-08-10 07:44:18,911 | INFO    | bookdata.pipeline.products | Kategori 'İlaç Rehber Kitapları': 1 sayfa, 1 ürün
2026-08-10 07:44:19,022 | INFO    | bookdata.pipeline.products | Kategori 'Ülkeler Tarihi Kitapları': 1 sayfa, 2 ürün
2026-08-10 07:44:19,152 | INFO    | bookdata.pipeline.products | Kategori 'Başvuru Kitapları': 1 sayfa, 12 ürün
2026-08-10 07:44:19,279 | INFO    | bookdata.pipeline.products | Kategori 'Türkiye - Yakın Tarih Kitapları': 1 sayfa, 12 ürün
2026-08-10 07:44:19,411 | INFO    | bookdata.pipeline.products | Kategori 'Çok Satanlar': ürün bulunamadı (1 sayfa)
2026-08-10 07:44:19,552 | INFO    | bookdata.pipeline.products | Kategori 'Okul Öncesi Resimli Kitaplar': 1 sayfa, 12 ürün
2026-08-10 07:44:19,682 | INFO    | bookdata.pipeline.products | Kategori 'Okul Öncesi Çocuk Kitapları': 1 sayfa, 12 ürün
2026-08-10 07:44:19,812 | INFO    | bookdata.pipeline.products | Kategori 'Latin Edebiyatı': 1 sayfa, 12 ürün
2026-08-10 07:44:19,941 | INFO    | bookdata.pipeline.products | Kategori 'KPSS Kitapları': ürün bulunamadı (1 sayfa)
2026-08-10 07:44:20,064 | INFO    | bookdata.pipeline.products | Kategori 'Antik Mısır Kitapları': 1 sayfa, 8 ürün
2026-08-10 07:44:20,203 | INFO    | bookdata.pipeline.products | Kategori '1. Sınıf Kitapları': 1 sayfa, 12 ürün
2026-08-10 07:44:20,329 | INFO    | bookdata.pipeline.products | Kategori 'Genel Edebiyat Kitapları': 1 sayfa, 12 ürün
2026-08-10 07:44:20,490 | INFO    | bookdata.pipeline.products | Kategori 'Klasik Romanlar ve Kitapları': 1 sayfa, 12 ürün
2026-08-10 07:44:20,599 | INFO    | bookdata.pipeline.products | Kategori 'İskandinav Edebiyatı': 1 sayfa, 3 ürün
2026-08-10 07:44:20,729 | INFO    | bookdata.pipeline.products | Kategori 'Tiyatro ve Piyes Kitapları': 1 sayfa, 12 ürün
2026-08-10 07:44:20,888 | INFO    | bookdata.pipeline.products | Kategori 'Çocuk Bilmece Bulmaca Kitapları': 1 sayfa, 12 ürün
2026-08-10 07:44:21,032 | INFO    | bookdata.pipeline.products | Kategori 'Tarihi Romanlar': 1 sayfa, 12 ürün
2026-08-10 07:44:21,160 | INFO    | bookdata.pipeline.products | Kategori 'Gençlik Edebiyatı': 1 sayfa, 12 ürün
2026-08-10 07:44:21,295 | INFO    | bookdata.pipeline.products | Kategori 'Şiir Kitapları': 1 sayfa, 12 ürün
2026-08-10 07:44:21,446 | INFO    | bookdata.pipeline.products | Kategori 'Tarihi Belgeler Kitapları': 1 sayfa, 2 ürün
2026-08-10 07:44:21,576 | INFO    | bookdata.pipeline.products | Kategori 'Eleştiri İnceleme ve Kuram Kitapları': 1 sayfa, 12 ürün
2026-08-10 07:44:21,710 | INFO    | bookdata.pipeline.products | Kategori 'Roman': 1 sayfa, 12 ürün
2026-08-10 07:44:21,845 | INFO    | bookdata.pipeline.products | Kategori 'Karikatürler': 1 sayfa, 12 ürün
2026-08-10 07:44:22,010 | INFO    | bookdata.pipeline.products | Kategori 'Referans Kitaplar': 1 sayfa, 12 ürün
2026-08-10 07:44:22,156 | INFO    | bookdata.pipeline.products | Kategori 'Ortadoğu - Arap Edebiyatı Kitapları': 1 sayfa, 12 ürün
2026-08-10 07:44:22,301 | INFO    | bookdata.pipeline.products | Kategori 'Roman ve Öykü Kitapları': 1 sayfa, 12 ürün
2026-08-10 07:44:22,428 | INFO    | bookdata.pipeline.products | Kategori 'Söyleşi Kitapları': 1 sayfa, 12 ürün
2026-08-10 07:44:22,577 | INFO    | bookdata.pipeline.products | Kategori 'Yabancı Dilde Psikoloji Kitapları': ürün bulunamadı (1 sayfa)
2026-08-10 07:44:22,697 | INFO    | bookdata.pipeline.products | Kategori 'Slime ve Malzemeleri': 1 sayfa, 5 ürün
2026-08-10 07:44:22,833 | INFO    | bookdata.pipeline.products | Kategori 'Gezi ve Rehber Referans Kitapları': 1 sayfa, 12 ürün
2026-08-10 07:44:23,093 | INFO    | bookdata.pipeline.products | Kategori 'Tüm Kategoriler': ürün bulunamadı (1 sayfa)
2026-08-10 07:44:23,228 | INFO    | bookdata.pipeline.products | Kategori 'Çocuk Rehber - Kişisel Gelişim Kitapları': 1 sayfa, 12 ürün
2026-08-10 07:44:23,355 | INFO    | bookdata.pipeline.products | Kategori 'Çocuk Psikolojisi Kitapları': 1 sayfa, 12 ürün
2026-08-10 07:44:23,485 | INFO    | bookdata.pipeline.products | Kategori 'Eğitici ve Öğretici Çocuk Kitapları': 1 sayfa, 12 ürün
2026-08-10 07:44:23,651 | INFO    | bookdata.pipeline.products | Kategori 'Gençlik Ortaokul Kitapları': 1 sayfa, 12 ürün
2026-08-10 07:44:23,781 | INFO    | bookdata.pipeline.products | Kategori 'Bilimsel Kitaplar': 1 sayfa, 12 ürün
2026-08-10 07:44:23,908 | INFO    | bookdata.pipeline.products | Kategori 'En Çok Okunan Bilim Kurgu Kitapları': 1 sayfa, 12 ürün
2026-08-10 07:44:24,075 | INFO    | bookdata.pipeline.products | Kategori '100 Temel Eser Kitapları': 1 sayfa, 12 ürün
2026-08-10 07:44:24,207 | INFO    | bookdata.pipeline.products | Kategori 'Çocuk Etkinlik Kitapları': 1 sayfa, 12 ürün
2026-08-10 07:44:24,342 | INFO    | bookdata.pipeline.products | Kategori 'Anı - Mektup - Günlük Kitapları': 1 sayfa, 12 ürün
2026-08-10 07:44:24,470 | INFO    | bookdata.pipeline.products | Kategori 'En Çok Satan Biyografi Kitapları': 1 sayfa, 12 ürün
2026-08-10 07:44:24,639 | INFO    | bookdata.pipeline.products | Kategori 'Ajanda,Takvim Ve Planlayıcılar': 1 sayfa, 12 ürün
2026-08-10 07:44:24,765 | INFO    | bookdata.pipeline.products | Kategori 'En Çok Okunan Karikatür Kitapları': 1 sayfa, 12 ürün
2026-08-10 07:44:24,895 | INFO    | bookdata.pipeline.products | Kategori 'Önemli Olaylar ve Biyografi ve Otobiyografi Kitapları': 1 sayfa, 12 ürün
2026-08-10 07:44:25,030 | INFO    | bookdata.pipeline.products | Kategori 'Yapıştırıcı ve Bantlar': 1 sayfa, 12 ürün
2026-08-10 07:44:25,202 | INFO    | bookdata.pipeline.products | Kategori 'Genel Psikoloji Kitapları': 1 sayfa, 12 ürün
2026-08-10 07:44:25,329 | INFO    | bookdata.pipeline.products | Kategori 'Yakın Tarih Kitapları': 1 sayfa, 12 ürün
2026-08-10 07:44:25,457 | INFO    | bookdata.pipeline.products | Kategori 'Dünya Tarihi Kitapları': 1 sayfa, 12 ürün
2026-08-10 07:44:25,623 | INFO    | bookdata.pipeline.products | Kategori 'Genel Çocuk Kitapları': 1 sayfa, 12 ürün
2026-08-10 07:44:25,757 | INFO    | bookdata.pipeline.products | Kategori 'Bilim Kurgu Kitapları': 1 sayfa, 12 ürün
2026-08-10 07:44:25,899 | INFO    | bookdata.pipeline.products | Kategori 'Çocuk İlkokul Kitapları': 1 sayfa, 12 ürün
2026-08-10 07:44:26,026 | INFO    | bookdata.pipeline.products | Kategori 'Mustafa Kemal Atatürk Kitapları': 1 sayfa, 12 ürün
2026-08-10 07:44:26,205 | INFO    | bookdata.pipeline.products | Kategori 'Aforizma': 1 sayfa, 12 ürün
2026-08-10 07:44:26,341 | INFO    | bookdata.pipeline.products | Kategori 'Aşk Kitapları': 1 sayfa, 12 ürün
2026-08-10 07:44:26,475 | INFO    | bookdata.pipeline.products | Kategori 'Kinetik Kumlar': 1 sayfa, 12 ürün
2026-08-10 07:44:26,608 | INFO    | bookdata.pipeline.products | Kategori 'En Sevilen Çocuk Kitabı Setleri': 1 sayfa, 12 ürün
2026-08-10 07:44:26,762 | INFO    | bookdata.pipeline.products | Kategori 'Psikiyatri ve Psikanaliz Kitapları': 1 sayfa, 5 ürün
2026-08-10 07:44:26,873 | INFO    | bookdata.pipeline.products | Kategori 'Anadolu Tarihi Kitapları': 1 sayfa, 3 ürün
2026-08-10 07:44:27,003 | INFO    | bookdata.pipeline.products | Kategori 'Fantastik Çocuk Kitapları': 1 sayfa, 12 ürün
2026-08-10 07:44:27,132 | INFO    | bookdata.pipeline.products | Kategori 'Çanta ve Mataralar': 1 sayfa, 12 ürün
2026-08-10 07:44:27,296 | INFO    | bookdata.pipeline.products | Kategori 'Ofis Malzemeleri': 1 sayfa, 12 ürün
2026-08-10 07:44:27,428 | INFO    | bookdata.pipeline.products | Kategori 'Yetişkin Masal Kitapları': 1 sayfa, 9 ürün
2026-08-10 07:44:27,574 | INFO    | bookdata.pipeline.products | Kategori 'Etkinlik Kitapları': 1 sayfa, 12 ürün
2026-08-10 07:44:27,702 | INFO    | bookdata.pipeline.products | Kategori 'Gezi ve Rehber Kitapları': 1 sayfa, 12 ürün
2026-08-10 07:44:27,870 | INFO    | bookdata.pipeline.products | Kategori 'Çocuk Kitabı TOP 50': 1 sayfa, 12 ürün
2026-08-10 07:44:28,000 | INFO    | bookdata.pipeline.products | Kategori 'Özel Eğitim Çocuk Kitapları': 1 sayfa, 12 ürün
2026-08-10 07:44:28,108 | INFO    | bookdata.pipeline.products | Kategori 'Coğrafya ve Genel Kitaplar': 1 sayfa, 1 ürün
2026-08-10 07:44:28,276 | INFO    | bookdata.pipeline.products | Kategori 'Dünya Klasikleri TOP 50': 1 sayfa, 12 ürün
2026-08-10 07:44:28,405 | INFO    | bookdata.pipeline.products | Kategori '0-3 Yaş Kitapları': 1 sayfa, 12 ürün
2026-08-10 07:44:28,534 | INFO    | bookdata.pipeline.products | Kategori 'Çocuk 0-3 Yaş Kitapları': 1 sayfa, 12 ürün
2026-08-10 07:44:28,653 | INFO    | bookdata.pipeline.products | Kategori 'Tarihi Kişilikler Kitapları': 1 sayfa, 6 ürün
2026-08-10 07:44:28,826 | INFO    | bookdata.pipeline.products | Kategori 'Yabancı Dilde Edebiyat Kitapları': 1 sayfa, 12 ürün
2026-08-10 07:44:28,954 | INFO    | bookdata.pipeline.products | Kategori 'Politik - Kurgu Kitapları': 1 sayfa, 12 ürün
2026-08-10 07:44:29,084 | INFO    | bookdata.pipeline.products | Kategori 'Dünya Çocuk Klasikleri': 1 sayfa, 12 ürün
2026-08-10 07:44:29,214 | INFO    | bookdata.pipeline.products | Kategori 'Sessiz Kitaplar': 1 sayfa, 12 ürün
2026-08-10 07:44:29,388 | INFO    | bookdata.pipeline.products | Kategori 'Uzakdoğu Edebiyatı': 1 sayfa, 12 ürün
2026-08-10 07:44:29,603 | INFO    | bookdata.pipeline.products | Kategori 'Tarih - Mitoloji Kitapları': 1 sayfa, 2 ürün
2026-08-10 07:44:29,734 | INFO    | bookdata.pipeline.products | Kategori 'Ofis Makineleri': 1 sayfa, 12 ürün
2026-08-10 07:44:29,903 | INFO    | bookdata.pipeline.products | Kategori 'Türk Edebiyatı Romanları': 1 sayfa, 12 ürün
2026-08-10 07:44:30,033 | INFO    | bookdata.pipeline.products | Kategori 'En Çok Satan 100 Tarih Kitabı': 1 sayfa, 12 ürün
2026-08-10 07:44:30,160 | INFO    | bookdata.pipeline.products | Kategori 'Derlemeler': 1 sayfa, 12 ürün
2026-08-10 07:44:30,290 | INFO    | bookdata.pipeline.products | Kategori 'Din Psikolojisi Kitapları': 1 sayfa, 12 ürün
2026-08-10 07:44:30,464 | INFO    | bookdata.pipeline.products | Kategori 'Sağlık Kitapları': 1 sayfa, 12 ürün
2026-08-10 07:44:30,600 | INFO    | bookdata.pipeline.products | Kategori 'Korku ve Gerilim Edebiyatı': 1 sayfa, 12 ürün
2026-08-10 07:44:30,722 | INFO    | bookdata.pipeline.products | Kategori 'Sağlıklı Yaşam Kitapları': 1 sayfa, 7 ürün
2026-08-10 07:44:30,849 | INFO    | bookdata.pipeline.products | Kategori '2. Sınıf Kitapları': 1 sayfa, 12 ürün
2026-08-10 07:44:31,030 | INFO    | bookdata.pipeline.products | Kategori 'Masallar': 1 sayfa, 12 ürün
2026-08-10 07:44:31,255 | INFO    | bookdata.pipeline.products | Kategori 'Tavsiye Kitapları': 1 sayfa, 12 ürün
2026-08-10 07:44:31,425 | INFO    | bookdata.pipeline.products | Kategori 'Çocuk Şiir Kitapları': 1 sayfa, 12 ürün
2026-08-10 07:44:31,556 | INFO    | bookdata.pipeline.products | Kategori 'Dil Bilimi Kitapları': 1 sayfa, 12 ürün
2026-08-10 07:44:31,688 | INFO    | bookdata.pipeline.products | Kategori 'II. Dünya Savaşı Kitapları': 1 sayfa, 12 ürün
2026-08-10 07:44:31,818 | INFO    | bookdata.pipeline.products | Kategori 'Araştırma - İnceleme Kitapları': 1 sayfa, 12 ürün
2026-08-10 07:44:32,006 | INFO    | bookdata.pipeline.products | Kategori 'Matbu Evraklar ve Makbuzlar': 1 sayfa, 12 ürün
2026-08-10 07:44:32,117 | INFO    | bookdata.pipeline.products | Kategori 'Anatomi Kitapları': 1 sayfa, 1 ürün
2026-08-10 07:44:32,245 | INFO    | bookdata.pipeline.products | Kategori 'En Çok Satan Gerilim Kitapları': 1 sayfa, 12 ürün
2026-08-10 07:44:32,530 | INFO    | bookdata.pipeline.products | Kategori 'Yapbozlu Kitapları': 1 sayfa, 12 ürün
2026-08-10 07:44:32,660 | INFO    | bookdata.pipeline.products | Kategori 'Türk Tarihi Araştırmaları Kitapları': 1 sayfa, 12 ürün
2026-08-10 07:44:32,793 | INFO    | bookdata.pipeline.products | Kategori 'En Çok Satan Diyet Kitapları': 1 sayfa, 12 ürün
2026-08-10 07:44:32,906 | INFO    | bookdata.pipeline.products | Kategori 'Seyahatname Kitapları': 1 sayfa, 3 ürün
2026-08-10 07:44:33,096 | INFO    | bookdata.pipeline.products | Kategori 'Din Eğitimi Kitapları': 1 sayfa, 12 ürün
2026-08-10 07:44:33,226 | INFO    | bookdata.pipeline.products | Kategori 'Aile Sağlığı Kitapları': 1 sayfa, 12 ürün
2026-08-10 07:44:33,353 | INFO    | bookdata.pipeline.products | Kategori 'Çizgi Roman - Anime ve Mangalar': 1 sayfa, 12 ürün
2026-08-10 07:44:33,482 | INFO    | bookdata.pipeline.products | Kategori 'Anaokulu': 1 sayfa, 12 ürün
2026-08-10 07:44:33,675 | INFO    | bookdata.pipeline.products | Kategori 'Rus Edebiyatı': 1 sayfa, 12 ürün
2026-08-10 07:44:33,805 | INFO    | bookdata.pipeline.products | Kategori 'Anlatı Kitapları': 1 sayfa, 12 ürün
2026-08-10 07:44:33,937 | INFO    | bookdata.pipeline.products | Kategori 'Osmanlı Tarihi Kitapları': 1 sayfa, 12 ürün
2026-08-10 07:44:34,221 | INFO    | bookdata.pipeline.products | Kategori 'En Çok Satan Gizemli Kitaplar': 1 sayfa, 12 ürün
2026-08-10 07:44:34,354 | INFO    | bookdata.pipeline.products | Kategori 'Çocuk Boyama Kitapları': 1 sayfa, 12 ürün
2026-08-10 07:44:34,482 | INFO    | bookdata.pipeline.products | Kategori 'Türk Edebiyatı TOP 50': 1 sayfa, 12 ürün
2026-08-10 07:44:34,607 | INFO    | bookdata.pipeline.products | Kategori 'En Çok Satan Dünya Tarihi Kitapları': 1 sayfa, 12 ürün
2026-08-10 07:44:34,789 | INFO    | bookdata.pipeline.products | Kategori 'En Çok Okunan Cumhuriyet Tarihi Kitapları': 1 sayfa, 12 ürün
2026-08-10 07:44:34,916 | INFO    | bookdata.pipeline.products | Kategori 'En Çok Satan Fantastik Kitaplar': 1 sayfa, 12 ürün
2026-08-10 07:44:35,048 | INFO    | bookdata.pipeline.products | Kategori 'Beslenme ve Diyet Kitapları': 1 sayfa, 12 ürün
2026-08-10 07:44:35,225 | INFO    | bookdata.pipeline.products | Kategori 'En Çok Okunan Türk Tarihi Kitapları': 1 sayfa, 12 ürün
2026-08-10 07:44:35,332 | INFO    | bookdata.pipeline.products | Kategori 'Tahta ve Panolar': ürün bulunamadı (1 sayfa)
2026-08-10 07:44:35,559 | INFO    | bookdata.pipeline.products | Kategori 'Sağlık İletişimi Kitapları': 1 sayfa, 12 ürün
2026-08-10 07:44:35,728 | INFO    | bookdata.pipeline.products | Kategori 'Edebiyat Referans Kitaplar': 1 sayfa, 3 ürün
2026-08-10 07:44:35,857 | INFO    | bookdata.pipeline.products | Kategori 'Boyalar ve Boya Ürünleri': 1 sayfa, 12 ürün
2026-08-10 07:44:35,989 | INFO    | bookdata.pipeline.products | Kategori '5. Sınıf Kitapları': 1 sayfa, 12 ürün
2026-08-10 07:44:36,118 | INFO    | bookdata.pipeline.products | Kategori 'En İyi Korku Kitapları': 1 sayfa, 12 ürün
2026-08-10 07:44:36,300 | INFO    | bookdata.pipeline.products | Kategori 'Genel Sağlık Kitapları': 1 sayfa, 12 ürün
2026-08-10 07:44:36,439 | INFO    | bookdata.pipeline.products | Kategori 'Tarih Kitapları': 1 sayfa, 12 ürün
2026-08-10 07:44:36,555 | INFO    | bookdata.pipeline.products | Kategori 'Bilim Kurgu Kitapları': 1 sayfa, 7 ürün
2026-08-10 07:44:36,664 | INFO    | bookdata.pipeline.products | Kategori 'Sosyal Tarih Kitapları': 1 sayfa, 2 ürün
2026-08-10 07:44:36,936 | INFO    | bookdata.pipeline.products | Kategori 'Kurtuluş Savaşı Kitapları': 1 sayfa, 2 ürün
2026-08-10 07:44:37,067 | INFO    | bookdata.pipeline.products | Kategori 'Türk Klasikleri Kitapları': 1 sayfa, 12 ürün
2026-08-10 07:44:37,193 | INFO    | bookdata.pipeline.products | Kategori 'En Çok Satan Seri Katil Kitapları': 1 sayfa, 11 ürün
2026-08-10 07:44:37,404 | INFO    | bookdata.pipeline.products | Kategori 'Aksiyon ve Macera Kitapları': 1 sayfa, 12 ürün
2026-08-10 07:44:37,540 | INFO    | bookdata.pipeline.products | Kategori ' Mizah Kitapları': 1 sayfa, 12 ürün
2026-08-10 07:44:37,674 | INFO    | bookdata.pipeline.products | Kategori 'Gençlik Lise Kitapları': 1 sayfa, 12 ürün
2026-08-10 07:44:37,804 | INFO    | bookdata.pipeline.products | Kategori 'Cinsellik Kitapları': 1 sayfa, 12 ürün
2026-08-10 07:44:37,995 | INFO    | bookdata.pipeline.products | Kategori 'Polisiye Romanlar': 1 sayfa, 12 ürün
2026-08-10 07:44:38,126 | INFO    | bookdata.pipeline.products | Kategori 'Araştırma ve İnceleme Kitapları': 1 sayfa, 12 ürün
2026-08-10 07:44:38,355 | INFO    | bookdata.pipeline.products | Kategori 'Zeka Gelişimi Kitapları': 1 sayfa, 12 ürün
2026-08-10 07:44:38,626 | INFO    | bookdata.pipeline.products | Kategori 'Amerika Tarihi Kitapları': ürün bulunamadı (1 sayfa)
2026-08-10 07:44:38,741 | INFO    | bookdata.pipeline.products | Kategori 'Nöroloji Kitapları': 1 sayfa, 1 ürün
2026-08-10 07:44:38,870 | INFO    | bookdata.pipeline.products | Kategori 'Ülke Rehberi Kitapları': 1 sayfa, 12 ürün
2026-08-10 07:44:39,045 | INFO    | bookdata.pipeline.products | Kategori 'Dekoratif Ürünler': 1 sayfa, 7 ürün
2026-08-10 07:44:39,172 | INFO    | bookdata.pipeline.products | Kategori 'Casusluk Kitapları': 1 sayfa, 12 ürün
2026-08-10 07:44:39,302 | INFO    | bookdata.pipeline.products | Kategori 'Ekol ve Yaklaşım Kitapları': 1 sayfa, 12 ürün
2026-08-10 07:44:39,439 | INFO    | bookdata.pipeline.products | Kategori 'Çocuk 6-7 Yaş Kitapları': 1 sayfa, 12 ürün
2026-08-10 07:44:39,627 | INFO    | bookdata.pipeline.products | Kategori 'Divan Edebiyatı ve Halk Edebiyatı Kitapları': 1 sayfa, 12 ürün
2026-08-10 07:44:39,832 | INFO    | bookdata.pipeline.products | Kategori 'Bölgeler Tarihi Kitapları': 1 sayfa, 3 ürün
2026-08-10 07:44:39,959 | INFO    | bookdata.pipeline.products | Kategori 'Seçili Araştırma ve Tarih Kitapları': 1 sayfa, 12 ürün
2026-08-10 07:44:40,146 | INFO    | bookdata.pipeline.products | Kategori 'Antoloji Kitapları': 1 sayfa, 12 ürün
2026-08-10 07:44:40,380 | INFO    | bookdata.pipeline.products | Kategori 'Kağıt Ürünleri': 1 sayfa, 12 ürün
2026-08-10 07:44:40,484 | INFO    | bookdata.pipeline.products | Kategori 'Psikiyatri Kitapları': 1 sayfa, 1 ürün
2026-08-10 07:44:40,650 | INFO    | bookdata.pipeline.products | Kategori 'Psikolojik Araştırma Teknikleri Kitapları': 1 sayfa, 1 ürün
2026-08-10 07:44:40,779 | INFO    | bookdata.pipeline.products | Kategori '3. Sınıf Kitapları': 1 sayfa, 12 ürün
2026-08-10 07:44:40,905 | INFO    | bookdata.pipeline.products | Kategori 'Çocuk Dil Eğitimi Kitapları': 1 sayfa, 4 ürün
2026-08-10 07:44:41,041 | INFO    | bookdata.pipeline.products | Kategori 'Çizgi Roman Kitapları': 1 sayfa, 12 ürün
2026-08-10 07:44:41,236 | INFO    | bookdata.pipeline.products | Kategori 'İstanbul Rehberi Kitapları': 1 sayfa, 12 ürün
2026-08-10 07:44:41,366 | INFO    | bookdata.pipeline.products | Kategori 'Gezi ve Rehber Kitapları': 1 sayfa, 12 ürün
2026-08-10 07:44:41,597 | INFO    | bookdata.pipeline.products | Kategori 'Öykü Kitapları': 1 sayfa, 12 ürün
2026-08-10 07:44:41,775 | INFO    | bookdata.pipeline.products | Kategori 'Arkeoloji Kitapları': 1 sayfa, 2 ürün
2026-08-10 07:44:42,003 | INFO    | bookdata.pipeline.products | Kategori 'En Çok Satan Otobiyografi Kitapları': 1 sayfa, 12 ürün
2026-08-10 07:44:42,205 | INFO    | bookdata.pipeline.products | Kategori 'Tarih Felsefesi Kitapları': 1 sayfa, 12 ürün
2026-08-10 07:44:42,407 | INFO    | bookdata.pipeline.products | Kategori 'Türkiye Rehber Kitapları': 1 sayfa, 12 ürün
2026-08-10 07:44:42,550 | INFO    | bookdata.pipeline.products | Kategori 'Hikayeler': 1 sayfa, 12 ürün
2026-08-10 07:44:42,679 | INFO    | bookdata.pipeline.products | Kategori 'Amerikan Edebiyatı': 1 sayfa, 12 ürün
2026-08-10 07:44:42,975 | INFO    | bookdata.pipeline.products | Kategori 'İngiliz Edebiyatı': 1 sayfa, 12 ürün
2026-08-10 07:44:43,109 | INFO    | bookdata.pipeline.products | Kategori 'Çocuk Çizgi Roman Kitapları': 1 sayfa, 12 ürün
2026-08-10 07:44:43,275 | INFO    | bookdata.pipeline.products | Kategori 'Eğitim - Okula Yardımcı Kitaplar': 1 sayfa, 26 ürün
2026-08-10 07:44:43,720 | INFO    | bookdata.pipeline.products | Kategori 'İspanyol Edebiyatı': 1 sayfa, 12 ürün
2026-08-10 07:44:43,841 | INFO    | bookdata.pipeline.products | Kategori 'Psikolojik Danışma Kitapları ': 1 sayfa, 8 ürün
2026-08-10 07:44:43,973 | INFO    | bookdata.pipeline.products | Kategori 'Psikolojik Kitaplar': 1 sayfa, 12 ürün
2026-08-10 07:44:44,180 | INFO    | bookdata.pipeline.products | Kategori 'Genel Tarih Kitapları ': 1 sayfa, 12 ürün
2026-08-10 07:44:44,306 | INFO    | bookdata.pipeline.products | Kategori 'Biyografi Otobiyografi Kitapları': 1 sayfa, 12 ürün
2026-08-10 07:44:44,526 | INFO    | bookdata.pipeline.products | Kategori 'Alternatif Tıp Şifalı Bitkiler Kitapları': 1 sayfa, 12 ürün
2026-08-10 07:44:45,015 | INFO    | bookdata.pipeline.products | Kategori 'Sosyal Psikoloji Kitapları ': 1 sayfa, 2 ürün
2026-08-10 07:44:45,144 | INFO    | bookdata.pipeline.products | Kategori 'Seyahatname Kitapları': 1 sayfa, 12 ürün
2026-08-10 07:44:45,279 | INFO    | bookdata.pipeline.products | Kategori '100 Temel Eser': 1 sayfa, 12 ürün
2026-08-10 07:44:45,479 | INFO    | bookdata.pipeline.products | Kategori 'Okul Öncesi Şekilli Kitaplar': 1 sayfa, 12 ürün
2026-08-10 07:44:45,605 | INFO    | bookdata.pipeline.products | Kategori 'Sanatsal Malzemeler': 1 sayfa, 12 ürün
2026-08-10 07:44:45,836 | INFO    | bookdata.pipeline.products | Kategori 'Çocuk 4-5 Yaş Kitapları': 1 sayfa, 12 ürün
2026-08-10 07:44:46,036 | INFO    | bookdata.pipeline.products | Kategori 'Türkiye ve Cumhuriyet Tarihi Kitapları': 1 sayfa, 12 ürün
2026-08-10 07:44:46,267 | INFO    | bookdata.pipeline.products | Kategori 'Araç ve Gereçler': 1 sayfa, 2 ürün
2026-08-10 07:44:46,394 | INFO    | bookdata.pipeline.products | Kategori 'En Çok Satan Osmanlı Kitapları': 1 sayfa, 12 ürün
2026-08-10 07:44:46,601 | INFO    | bookdata.pipeline.products | Kategori 'Kalemler ve Yazı Gereçleri': 1 sayfa, 12 ürün
2026-08-10 07:44:46,739 | INFO    | bookdata.pipeline.products | Kategori 'Çocuk Boyama Kitapları': 1 sayfa, 12 ürün
2026-08-10 07:44:46,873 | INFO    | bookdata.pipeline.products | Kategori 'Çocuk Gelişimi Kitapları': 1 sayfa, 12 ürün
2026-08-10 07:44:47,173 | INFO    | bookdata.pipeline.products | Kategori 'Efsane ve Destan Kitapları': 1 sayfa, 12 ürün
2026-08-10 07:44:47,313 | INFO    | bookdata.pipeline.products | Kategori 'Fantastik Kitaplar': 1 sayfa, 12 ürün
2026-08-10 07:44:47,438 | INFO    | bookdata.pipeline.products | Kategori 'Defterler': 1 sayfa, 12 ürün
2026-08-10 07:44:47,638 | INFO    | bookdata.pipeline.products | Kategori 'Gezi Rehberi Kitapları': 1 sayfa, 12 ürün
2026-08-10 07:44:47,762 | INFO    | bookdata.pipeline.products | Kategori 'Fransız Edebiyatı Kitapları': 1 sayfa, 12 ürün
2026-08-10 07:44:47,968 | INFO    | bookdata.pipeline.products | Kategori 'Yabancı Dilde Tarih Kitapları ': 1 sayfa, 1 ürün
2026-08-10 07:44:48,184 | INFO    | bookdata.pipeline.products | Kategori 'Çocuk Bilim Kitapları': 1 sayfa, 12 ürün
2026-08-10 07:44:48,313 | INFO    | bookdata.pipeline.products | Kategori 'Yoga Meditasyon Kitapları': 1 sayfa, 12 ürün
2026-08-10 07:44:48,548 | INFO    | bookdata.pipeline.products | Kategori 'Genel Ülke Edebiyatları Kitapları': 1 sayfa, 12 ürün
2026-08-10 07:44:48,783 | INFO    | bookdata.pipeline.products | Kategori 'Setler': 1 sayfa, 12 ürün
2026-08-10 07:44:48,913 | INFO    | bookdata.pipeline.products | Kategori 'Gelişim Psikolojisi Kitapları': 1 sayfa, 12 ürün
2026-08-10 07:44:49,041 | INFO    | bookdata.pipeline.products | Kategori 'Çıkartmalı Kitaplar': 1 sayfa, 12 ürün
2026-08-10 07:44:49,167 | INFO    | bookdata.pipeline.products | Kategori 'En Çok Satan 50 Dünya Klasiği': 1 sayfa, 12 ürün
2026-08-10 07:44:49,370 | INFO    | bookdata.pipeline.products | Kategori 'I. Dünya Savaşı Kitapları': 1 sayfa, 12 ürün
2026-08-10 07:44:49,480 | INFO    | bookdata.pipeline.products | Kategori 'Histoloji ve Embriyoloji Kitapları': 1 sayfa, 1 ürün
2026-08-10 07:44:49,616 | INFO    | bookdata.pipeline.products | Kategori 'Biyografi ve Otobiyografi Kitapları': 1 sayfa, 12 ürün
2026-08-10 07:44:50,038 | INFO    | bookdata.pipeline.products | Kategori 'Psikoloji Akımları Kitapları': 1 sayfa, 2 ürün
2026-08-10 07:44:50,159 | INFO    | bookdata.pipeline.products | Kategori 'Hamilelik ve Doğum Kitapları': 1 sayfa, 6 ürün
2026-08-10 07:44:50,385 | INFO    | bookdata.pipeline.products | Kategori 'Edebiyat Kitapları': 1 sayfa, 12 ürün
2026-08-10 07:44:50,598 | INFO    | bookdata.pipeline.products | Kategori 'İtalyan Edebiyatı': 1 sayfa, 12 ürün
2026-08-10 07:44:50,732 | INFO    | bookdata.pipeline.products | Kategori 'Kent Rehberleri': 1 sayfa, 12 ürün
2026-08-10 07:44:50,859 | INFO    | bookdata.pipeline.products | Kategori 'Psikoloji': 1 sayfa, 12 ürün
2026-08-10 07:44:50,986 | INFO    | bookdata.pipeline.products | Kategori 'Çocuk Referans Kitaplar': 1 sayfa, 12 ürün
2026-08-10 07:44:51,188 | INFO    | bookdata.pipeline.products | Kategori 'Selçuklu Dönemi Kitapları': 1 sayfa, 5 ürün
2026-08-10 07:44:51,288 | INFO    | bookdata.pipeline.products | Kategori 'Milletler Tarihi Kitapları': ürün bulunamadı (1 sayfa)
2026-08-10 07:44:51,512 | INFO    | bookdata.pipeline.products | Kategori 'Göktürk Tarihi Kitapları': 1 sayfa, 9 ürün
2026-08-10 07:44:51,729 | INFO    | bookdata.pipeline.products | Kategori 'Çocuk Kitapları': 1 sayfa, 12 ürün
2026-08-10 07:44:51,859 | INFO    | bookdata.pipeline.products | Kategori 'Yunan Mitolojisi Kitapları': 1 sayfa, 11 ürün
2026-08-10 07:44:51,995 | INFO    | bookdata.pipeline.products | Kategori 'En Çok Okunan Suç Kitapları': 1 sayfa, 12 ürün
2026-08-10 07:44:52,131 | INFO    | bookdata.pipeline.products | Kategori 'Dosya ve Klasörler': 1 sayfa, 12 ürün
2026-08-10 07:44:52,432 | INFO    | bookdata.pipeline.products | Kategori 'Alman Edebiyatı Kitapları': 1 sayfa, 12 ürün
2026-08-10 07:44:52,559 | INFO    | bookdata.pipeline.products | Kategori 'En Çok Satan Selçuklu Tarihi Kitapları': 1 sayfa, 12 ürün
2026-08-10 07:44:52,682 | INFO    | bookdata.pipeline.products | Kategori 'Dokun Hisset Kitapları': 1 sayfa, 10 ürün
2026-08-10 07:44:52,880 | INFO    | bookdata.pipeline.products | Kategori 'Ölçü ve Çizim Malzemeleri': 1 sayfa, 12 ürün
2026-08-10 07:44:53,010 | INFO    | bookdata.pipeline.products | Kategori '4. Sınıf Kitapları': 1 sayfa, 12 ürün
2026-08-10 07:44:53,139 | INFO    | bookdata.pipeline.products | Kategori 'National Geographic Kids': 1 sayfa, 12 ürün
2026-08-10 07:44:53,436 | INFO    | bookdata.pipeline.products | Kategori 'Periyodik Yayınlar': 1 sayfa, 3 ürün
2026-08-10 07:44:53,550 | INFO    | bookdata.pipeline.products | Kategori 'Yazıcı ve Fotokopi Kağıtları': 1 sayfa, 5 ürün
2026-08-10 07:44:53,686 | INFO    | bookdata.pipeline.products | Kategori 'Çok Satan Çizgi Romanlar': 1 sayfa, 12 ürün
2026-08-10 07:44:53,791 | INFO    | bookdata.pipeline.products | Kategori 'Biyoloji - Genetik Kitapları': 1 sayfa, 1 ürün
2026-08-10 07:44:53,979 | INFO    | bookdata.pipeline.products | Kategori 'Fizik Tedavi ve Rehabilitasyon Kitapları': 1 sayfa, 1 ürün
2026-08-10 07:44:54,204 | INFO    | bookdata.pipeline.products | Kategori 'Eğitim Psikolojisi Kitapları': 1 sayfa, 12 ürün
2026-08-10 07:45:31,538 | INFO    | bookdata.pipeline.products | Kategori 'Yayınevi Listesi': ürün bulunamadı (50 sayfa)
2026-08-10 07:45:38,911 | INFO    | bookdata.pipeline.products | Kategori 'Yazar Listesi': ürün bulunamadı (50 sayfa)
2026-08-10 07:45:38,924 | INFO    | bookdata.pipeline.standardize | Standardize edildi: 2379 ham → 2135 ürün
2026-08-10 07:45:39,096 | INFO    | bookdata.pipeline.merge | Fiyat karşılaştırması: 2135 ürünün 2064 tanesinde değişiklik/yeni kayıt
2026-08-10 07:45:39,111 | INFO    | bookdata.adapters.storage | Veri setine 2064 yeni kayıt eklendi: Data/bkm_Datasets.csv
2026-08-10 07:45:39,124 | INFO    | bookdata.pipeline.runner | Özet: 246 kategori bulundu, 234 işlendi; 2135 ürün → 2064 kayıt eklendi (toplam 18454). İstek: 333, hata: 0
2026-08-10 07:45:40,989 | INFO    | bookdata.adapters.kaggle | Kaggle yayını tamamlandı: furkanzeki/bkm-book-dataset (2026-08-10)
2026-08-10 18:59:16,448 | INFO    | bookdata.pipeline.filter | Ignore kuralları gereği 12 kategori atlandı (10 desen)
2026-08-10 18:59:17,156 | INFO    | bookdata.pipeline.products | Kategori 'Alternatif Tıp Şifalı Bitkiler Kitapları': 1 sayfa, 12 ürün
2026-08-10 18:59:17,480 | INFO    | bookdata.pipeline.products | Kategori 'Fransız Edebiyatı Kitapları': 1 sayfa, 12 ürün
2026-08-10 18:59:17,616 | INFO    | bookdata.pipeline.products | Kategori '5. Sınıf Kitapları': 1 sayfa, 12 ürün
2026-08-10 18:59:17,855 | INFO    | bookdata.pipeline.products | Kategori 'Psikolojik Kitaplar': 1 sayfa, 12 ürün
2026-08-10 18:59:17,984 | INFO    | bookdata.pipeline.products | Kategori '4. Sınıf Kitapları': 1 sayfa, 12 ürün
2026-08-10 18:59:18,156 | INFO    | bookdata.pipeline.products | Kategori 'İtalyan Edebiyatı': 1 sayfa, 12 ürün
2026-08-10 18:59:18,281 | INFO    | bookdata.pipeline.products | Kategori 'Başvuru Kitapları': 1 sayfa, 12 ürün
2026-08-10 18:59:18,413 | INFO    | bookdata.pipeline.products | Kategori 'Dünya Klasikleri TOP 50': 1 sayfa, 12 ürün
2026-08-10 18:59:18,542 | INFO    | bookdata.pipeline.products | Kategori 'Bilimsel Kitaplar': 1 sayfa, 12 ürün
2026-08-10 18:59:18,684 | INFO    | bookdata.pipeline.products | Kategori 'Sosyal Psikoloji Kitapları ': 1 sayfa, 2 ürün
2026-08-10 18:59:18,823 | INFO    | bookdata.pipeline.products | Kategori 'Denemeler': 1 sayfa, 12 ürün
2026-08-10 18:59:18,958 | INFO    | bookdata.pipeline.products | Kategori 'Söyleşi Kitapları': 1 sayfa, 12 ürün
2026-08-10 18:59:19,128 | INFO    | bookdata.pipeline.products | Kategori 'Genel Psikoloji Kitapları': 1 sayfa, 12 ürün
2026-08-10 18:59:19,259 | INFO    | bookdata.pipeline.products | Kategori 'İstanbul Rehberi Kitapları': 1 sayfa, 12 ürün
2026-08-10 18:59:19,392 | INFO    | bookdata.pipeline.products | Kategori 'En Çok Satan Otobiyografi Kitapları': 1 sayfa, 12 ürün
2026-08-10 18:59:19,522 | INFO    | bookdata.pipeline.products | Kategori 'Türk Edebiyatı TOP 50': 1 sayfa, 12 ürün
2026-08-10 18:59:19,703 | INFO    | bookdata.pipeline.products | Kategori 'Bilim Kurgu Kitapları': 1 sayfa, 12 ürün
2026-08-10 18:59:19,808 | INFO    | bookdata.pipeline.products | Kategori 'Nöroloji Kitapları': 1 sayfa, 1 ürün
2026-08-10 18:59:19,939 | INFO    | bookdata.pipeline.products | Kategori 'En Çok Satan Dünya Tarihi Kitapları': 1 sayfa, 12 ürün
2026-08-10 18:59:20,053 | INFO    | bookdata.pipeline.products | Kategori 'Periyodik Yayınlar': 1 sayfa, 3 ürün
2026-08-10 18:59:20,204 | INFO    | bookdata.pipeline.products | Kategori 'Tarihi Belgeler Kitapları': 1 sayfa, 2 ürün
2026-08-10 18:59:20,314 | INFO    | bookdata.pipeline.products | Kategori 'Psikiyatri Kitapları': 1 sayfa, 1 ürün
2026-08-10 18:59:20,422 | INFO    | bookdata.pipeline.products | Kategori 'Biyoloji - Genetik Kitapları': 1 sayfa, 1 ürün
2026-08-10 18:59:20,556 | INFO    | bookdata.pipeline.products | Kategori 'Ortadoğu - Arap Edebiyatı Kitapları': 1 sayfa, 12 ürün
2026-08-10 18:59:20,720 | INFO    | bookdata.pipeline.products | Kategori 'Ofis Makineleri': 1 sayfa, 12 ürün
2026-08-10 18:59:20,851 | INFO    | bookdata.pipeline.products | Kategori 'En Çok Okunan Bilim Kurgu Kitapları': 1 sayfa, 12 ürün
2026-08-10 18:59:20,979 | INFO    | bookdata.pipeline.products | Kategori 'Ülke Rehberi Kitapları': 1 sayfa, 12 ürün
2026-08-10 18:59:21,121 | INFO    | bookdata.pipeline.products | Kategori 'Aksiyon ve Macera Kitapları': 1 sayfa, 12 ürün
2026-08-10 18:59:21,286 | INFO    | bookdata.pipeline.products | Kategori 'Dünya Çocuk Klasikleri': 1 sayfa, 12 ürün
2026-08-10 18:59:21,414 | INFO    | bookdata.pipeline.products | Kategori 'Kalemler ve Yazı Gereçleri': 1 sayfa, 12 ürün
2026-08-10 18:59:21,647 | INFO    | bookdata.pipeline.products | Kategori 'Çocuk Şiir Kitapları': 1 sayfa, 12 ürün
2026-08-10 18:59:21,790 | INFO    | bookdata.pipeline.products | Kategori 'Amerika Tarihi Kitapları': ürün bulunamadı (1 sayfa)
2026-08-10 18:59:21,921 | INFO    | bookdata.pipeline.products | Kategori 'Çanta ve Mataralar': 1 sayfa, 12 ürün
2026-08-10 18:59:22,049 | INFO    | bookdata.pipeline.products | Kategori 'Türkiye Rehber Kitapları': 1 sayfa, 12 ürün
2026-08-10 18:59:22,179 | INFO    | bookdata.pipeline.products | Kategori 'Anlatı Kitapları': 1 sayfa, 12 ürün
2026-08-10 18:59:22,337 | INFO    | bookdata.pipeline.products | Kategori 'Histoloji ve Embriyoloji Kitapları': 1 sayfa, 1 ürün
2026-08-10 18:59:22,459 | INFO    | bookdata.pipeline.products | Kategori 'Yazıcı ve Fotokopi Kağıtları': 1 sayfa, 5 ürün
2026-08-10 18:59:22,588 | INFO    | bookdata.pipeline.products | Kategori 'Din Eğitimi Kitapları': 1 sayfa, 12 ürün
2026-08-10 18:59:22,718 | INFO    | bookdata.pipeline.products | Kategori 'Yabancı Dilde Edebiyat Kitapları': 1 sayfa, 12 ürün
2026-08-10 18:59:22,895 | INFO    | bookdata.pipeline.products | Kategori 'Yakın Tarih Kitapları': 1 sayfa, 12 ürün
2026-08-10 18:59:23,036 | INFO    | bookdata.pipeline.products | Kategori 'Çocuk İlkokul Kitapları': 1 sayfa, 12 ürün
2026-08-10 18:59:23,144 | INFO    | bookdata.pipeline.products | Kategori 'Psikoloji Akımları Kitapları': 1 sayfa, 2 ürün
2026-08-10 18:59:23,424 | INFO    | bookdata.pipeline.products | Kategori 'Referans Kitaplar': 1 sayfa, 12 ürün
2026-08-10 18:59:23,552 | INFO    | bookdata.pipeline.products | Kategori 'En Çok Satan Fantastik Kitaplar': 1 sayfa, 12 ürün
2026-08-10 18:59:23,686 | INFO    | bookdata.pipeline.products | Kategori 'Sağlık Kitapları': 1 sayfa, 12 ürün
2026-08-10 18:59:23,827 | INFO    | bookdata.pipeline.products | Kategori 'Çocuk Gelişimi Kitapları': 1 sayfa, 12 ürün
2026-08-10 18:59:24,015 | INFO    | bookdata.pipeline.products | Kategori 'Uzakdoğu Edebiyatı': 1 sayfa, 12 ürün
2026-08-10 18:59:24,150 | INFO    | bookdata.pipeline.products | Kategori 'Çocuk Etkinlik Kitapları': 1 sayfa, 12 ürün
2026-08-10 18:59:24,284 | INFO    | bookdata.pipeline.products | Kategori 'Tarihi Romanlar': 1 sayfa, 12 ürün
2026-08-10 18:59:24,470 | INFO    | bookdata.pipeline.products | Kategori 'Çocuk Psikolojisi Kitapları': 1 sayfa, 12 ürün
2026-08-10 18:59:24,600 | INFO    | bookdata.pipeline.products | Kategori 'Latin Edebiyatı': 1 sayfa, 12 ürün
2026-08-10 18:59:24,731 | INFO    | bookdata.pipeline.products | Kategori 'Anaokulu': 1 sayfa, 12 ürün
2026-08-10 18:59:24,861 | INFO    | bookdata.pipeline.products | Kategori 'Yetişkin Masal Kitapları': 1 sayfa, 9 ürün
2026-08-10 18:59:25,061 | INFO    | bookdata.pipeline.products | Kategori 'Kürt Edebiyatı': 1 sayfa, 12 ürün
2026-08-10 18:59:25,182 | INFO    | bookdata.pipeline.products | Kategori 'Edebiyat Referans Kitaplar': 1 sayfa, 3 ürün
2026-08-10 18:59:25,430 | INFO    | bookdata.pipeline.products | Kategori 'Çizgi Roman Kitapları': 1 sayfa, 12 ürün
2026-08-10 18:59:25,619 | INFO    | bookdata.pipeline.products | Kategori 'Antik Mısır Kitapları': 1 sayfa, 8 ürün
2026-08-10 18:59:25,748 | INFO    | bookdata.pipeline.products | Kategori 'Çocuk Referans Kitaplar': 1 sayfa, 12 ürün
2026-08-10 18:59:25,878 | INFO    | bookdata.pipeline.products | Kategori 'Casusluk Kitapları': 1 sayfa, 12 ürün
2026-08-10 18:59:26,006 | INFO    | bookdata.pipeline.products | Kategori 'Divan Edebiyatı ve Halk Edebiyatı Kitapları': 1 sayfa, 12 ürün
2026-08-10 18:59:26,194 | INFO    | bookdata.pipeline.products | Kategori 'Gezi ve Rehber Referans Kitapları': 1 sayfa, 12 ürün
2026-08-10 18:59:26,327 | INFO    | bookdata.pipeline.products | Kategori 'Roman': 1 sayfa, 12 ürün
2026-08-10 18:59:26,468 | INFO    | bookdata.pipeline.products | Kategori 'İngiliz Edebiyatı': 1 sayfa, 12 ürün
2026-08-10 18:59:26,594 | INFO    | bookdata.pipeline.products | Kategori 'I. Dünya Savaşı Kitapları': 1 sayfa, 12 ürün
2026-08-10 18:59:26,781 | INFO    | bookdata.pipeline.products | Kategori 'En Sevilen Çocuk Kitabı Setleri': 1 sayfa, 12 ürün
2026-08-10 18:59:26,909 | INFO    | bookdata.pipeline.products | Kategori 'Çocuk 4-5 Yaş Kitapları': 1 sayfa, 12 ürün
2026-08-10 18:59:27,031 | INFO    | bookdata.pipeline.products | Kategori 'Psikolojik Danışma Kitapları ': 1 sayfa, 8 ürün
2026-08-10 18:59:27,303 | INFO    | bookdata.pipeline.products | Kategori 'İlaç Rehber Kitapları': 1 sayfa, 1 ürün
2026-08-10 18:59:27,439 | INFO    | bookdata.pipeline.products | Kategori 'Türk Edebiyatı Romanları': 1 sayfa, 12 ürün
2026-08-10 18:59:27,569 | INFO    | bookdata.pipeline.products | Kategori 'Osmanlı Tarihi Kitapları': 1 sayfa, 12 ürün
2026-08-10 18:59:27,763 | INFO    | bookdata.pipeline.products | Kategori 'Annelik ve Çocuk Bakımı Kitapları': 1 sayfa, 12 ürün
2026-08-10 18:59:27,897 | INFO    | bookdata.pipeline.products | Kategori '1. Sınıf Kitapları': 1 sayfa, 12 ürün
2026-08-10 18:59:28,024 | INFO    | bookdata.pipeline.products | Kategori 'Tavsiye Kitapları': 1 sayfa, 12 ürün
2026-08-10 18:59:28,158 | INFO    | bookdata.pipeline.products | Kategori 'Biyografi Otobiyografi Kitapları': 1 sayfa, 12 ürün
2026-08-10 18:59:28,364 | INFO    | bookdata.pipeline.products | Kategori 'Korku ve Gerilim Edebiyatı': 1 sayfa, 12 ürün
2026-08-10 18:59:28,509 | INFO    | bookdata.pipeline.products | Kategori 'Çocuk Çizgi Roman Kitapları': 1 sayfa, 12 ürün
2026-08-10 18:59:28,613 | INFO    | bookdata.pipeline.products | Kategori 'KPSS Kitapları': ürün bulunamadı (1 sayfa)
2026-08-10 18:59:28,902 | INFO    | bookdata.pipeline.products | Kategori 'Sağlıklı Yaşam Kitapları': 1 sayfa, 7 ürün
2026-08-10 18:59:29,046 | INFO    | bookdata.pipeline.products | Kategori 'Okul Öncesi Resimli Kitaplar': 1 sayfa, 12 ürün
2026-08-10 18:59:29,156 | INFO    | bookdata.pipeline.products | Kategori 'Tarih - Mitoloji Kitapları': 1 sayfa, 2 ürün
2026-08-10 18:59:29,287 | INFO    | bookdata.pipeline.products | Kategori 'Psikoloji Başvuru Kitapları': 1 sayfa, 12 ürün
2026-08-10 18:59:29,482 | INFO    | bookdata.pipeline.products | Kategori 'Derlemeler': 1 sayfa, 12 ürün
2026-08-10 18:59:29,592 | INFO    | bookdata.pipeline.products | Kategori 'Arkeoloji Kitapları': 1 sayfa, 2 ürün
2026-08-10 18:59:29,724 | INFO    | bookdata.pipeline.products | Kategori 'Yoga Meditasyon Kitapları': 1 sayfa, 12 ürün
2026-08-10 18:59:29,850 | INFO    | bookdata.pipeline.products | Kategori 'Alman Edebiyatı Kitapları': 1 sayfa, 12 ürün
2026-08-10 18:59:30,039 | INFO    | bookdata.pipeline.products | Kategori 'Gelişim Psikolojisi Kitapları': 1 sayfa, 12 ürün
2026-08-10 18:59:30,174 | INFO    | bookdata.pipeline.products | Kategori 'Tarih Felsefesi Kitapları': 1 sayfa, 12 ürün
2026-08-10 18:59:30,302 | INFO    | bookdata.pipeline.products | Kategori 'Eğitim Psikolojisi Kitapları': 1 sayfa, 12 ürün
2026-08-10 18:59:30,435 | INFO    | bookdata.pipeline.products | Kategori 'Önemli Olaylar ve Biyografi ve Otobiyografi Kitapları': 1 sayfa, 12 ürün
2026-08-10 18:59:30,657 | INFO    | bookdata.pipeline.products | Kategori 'Yabancı Dilde Çocuk Kitapları': 1 sayfa, 12 ürün
2026-08-10 18:59:30,893 | INFO    | bookdata.pipeline.products | Kategori 'Anı - Mektup - Günlük Kitapları': 1 sayfa, 12 ürün
2026-08-10 18:59:31,028 | INFO    | bookdata.pipeline.products | Kategori 'Rus Edebiyatı': 1 sayfa, 12 ürün
2026-08-10 18:59:31,222 | INFO    | bookdata.pipeline.products | Kategori 'Şiir Kitapları': 1 sayfa, 12 ürün
2026-08-10 18:59:31,360 | INFO    | bookdata.pipeline.products | Kategori 'Biyografi ve Otobiyografi Kitapları': 1 sayfa, 12 ürün
2026-08-10 18:59:31,490 | INFO    | bookdata.pipeline.products | Kategori '3-6 Yaş Kitapları': 1 sayfa, 12 ürün
2026-08-10 18:59:31,683 | INFO    | bookdata.pipeline.products | Kategori 'En Çok Okunan Cumhuriyet Tarihi Kitapları': 1 sayfa, 12 ürün
2026-08-10 18:59:31,927 | INFO    | bookdata.pipeline.products | Kategori 'Masallar': 1 sayfa, 12 ürün
2026-08-10 18:59:32,052 | INFO    | bookdata.pipeline.products | Kategori 'Boyalar ve Boya Ürünleri': 1 sayfa, 12 ürün
2026-08-10 18:59:32,221 | INFO    | bookdata.pipeline.products | Kategori 'Anadolu Tarihi Kitapları': 1 sayfa, 3 ürün
2026-08-10 18:59:32,336 | INFO    | bookdata.pipeline.products | Kategori 'Çocuk Dil Eğitimi Kitapları': 1 sayfa, 4 ürün
2026-08-10 18:59:32,454 | INFO    | bookdata.pipeline.products | Kategori 'Hamilelik ve Doğum Kitapları': 1 sayfa, 6 ürün
2026-08-10 18:59:32,582 | INFO    | bookdata.pipeline.products | Kategori 'En Çok Satan 50 Dünya Klasiği': 1 sayfa, 12 ürün
2026-08-10 18:59:32,772 | INFO    | bookdata.pipeline.products | Kategori 'En Çok Okunan Karikatür Kitapları': 1 sayfa, 12 ürün
2026-08-10 18:59:33,050 | INFO    | bookdata.pipeline.products | Kategori 'Yabancı Dilde Tarih Kitapları ': 1 sayfa, 1 ürün
2026-08-10 18:59:33,351 | INFO    | bookdata.pipeline.products | Kategori '0-3 Yaş Kitapları': 1 sayfa, 12 ürün
2026-08-10 18:59:33,481 | INFO    | bookdata.pipeline.products | Kategori '3. Sınıf Kitapları': 1 sayfa, 12 ürün
2026-08-10 18:59:33,592 | INFO    | bookdata.pipeline.products | Kategori 'Bölgeler Tarihi Kitapları': 1 sayfa, 3 ürün
2026-08-10 18:59:33,757 | INFO    | bookdata.pipeline.products | Kategori 'Çizgi Roman - Anime ve Mangalar': 1 sayfa, 12 ürün
2026-08-10 18:59:33,972 | INFO    | bookdata.pipeline.products | Kategori 'Ofis Malzemeleri': 1 sayfa, 12 ürün
2026-08-10 18:59:34,103 | INFO    | bookdata.pipeline.products | Kategori 'En İyi Korku Kitapları': 1 sayfa, 12 ürün
2026-08-10 18:59:34,309 | INFO    | bookdata.pipeline.products | Kategori 'Milletler Tarihi Kitapları': ürün bulunamadı (1 sayfa)
2026-08-10 18:59:34,540 | INFO    | bookdata.pipeline.products | Kategori 'Aşk Kitapları': 1 sayfa, 12 ürün
2026-08-10 18:59:34,681 | INFO    | bookdata.pipeline.products | Kategori 'Türkiye ve Cumhuriyet Tarihi Kitapları': 1 sayfa, 12 ürün
2026-08-10 18:59:34,911 | INFO    | bookdata.pipeline.products | Kategori 'Ekol ve Yaklaşım Kitapları': 1 sayfa, 12 ürün
2026-08-10 18:59:35,141 | INFO    | bookdata.pipeline.products | Kategori 'Fantastik Kitaplar': 1 sayfa, 12 ürün
2026-08-10 18:59:35,278 | INFO    | bookdata.pipeline.products | Kategori 'Türk Klasikleri Kitapları': 1 sayfa, 12 ürün
2026-08-10 18:59:35,397 | INFO    | bookdata.pipeline.products | Kategori 'Tarihi Kişilikler Kitapları': 1 sayfa, 6 ürün
2026-08-10 18:59:35,534 | INFO    | bookdata.pipeline.products | Kategori 'Senaryo Kitapları': 1 sayfa, 12 ürün
2026-08-10 18:59:35,758 | INFO    | bookdata.pipeline.products | Kategori 'En Çok Satan 100 Tarih Kitabı': 1 sayfa, 12 ürün
2026-08-10 18:59:35,989 | INFO    | bookdata.pipeline.products | Kategori 'Çocuk Bilmece Bulmaca Kitapları': 1 sayfa, 12 ürün
2026-08-10 18:59:36,123 | INFO    | bookdata.pipeline.products | Kategori 'Tarih Kitapları': 1 sayfa, 12 ürün
2026-08-10 18:59:36,342 | INFO    | bookdata.pipeline.products | Kategori 'Aforizma': 1 sayfa, 12 ürün
2026-08-10 18:59:36,466 | INFO    | bookdata.pipeline.products | Kategori 'Psikiyatri ve Psikanaliz Kitapları': 1 sayfa, 5 ürün
2026-08-10 18:59:36,690 | INFO    | bookdata.pipeline.products | Kategori 'Tüm Kategoriler': ürün bulunamadı (1 sayfa)
2026-08-10 18:59:36,910 | INFO    | bookdata.pipeline.products | Kategori 'Yapbozlu Kitapları': 1 sayfa, 12 ürün
2026-08-10 18:59:37,040 | INFO    | bookdata.pipeline.products | Kategori 'Dil Bilimi Kitapları': 1 sayfa, 12 ürün
2026-08-10 18:59:37,285 | INFO    | bookdata.pipeline.products | Kategori 'En Çok Okunan Türk Tarihi Kitapları': 1 sayfa, 12 ürün
2026-08-10 18:59:37,506 | INFO    | bookdata.pipeline.products | Kategori 'En Çok Satan Gizemli Kitaplar': 1 sayfa, 12 ürün
2026-08-10 18:59:37,641 | INFO    | bookdata.pipeline.products | Kategori 'Sağlık İletişimi Kitapları': 1 sayfa, 12 ürün
2026-08-10 18:59:37,779 | INFO    | bookdata.pipeline.products | Kategori 'Gençlik Lise Kitapları': 1 sayfa, 12 ürün
2026-08-10 18:59:37,987 | INFO    | bookdata.pipeline.products | Kategori 'Gençlik Ortaokul Kitapları': 1 sayfa, 12 ürün
2026-08-10 18:59:38,226 | INFO    | bookdata.pipeline.products | Kategori 'Çocuk 6-7 Yaş Kitapları': 1 sayfa, 12 ürün
2026-08-10 18:59:38,363 | INFO    | bookdata.pipeline.products | Kategori 'Antoloji Kitapları': 1 sayfa, 12 ürün
2026-08-10 18:59:38,593 | INFO    | bookdata.pipeline.products | Kategori 'Çocuk Boyama Kitapları': 1 sayfa, 12 ürün
2026-08-10 18:59:38,721 | INFO    | bookdata.pipeline.products | Kategori 'Eğitici ve Öğretici Çocuk Kitapları': 1 sayfa, 12 ürün
2026-08-10 18:59:38,861 | INFO    | bookdata.pipeline.products | Kategori 'Araştırma - İnceleme Kitapları': 1 sayfa, 12 ürün
2026-08-10 18:59:38,989 | INFO    | bookdata.pipeline.products | Kategori 'Yunan Mitolojisi Kitapları': 1 sayfa, 11 ürün
2026-08-10 18:59:39,227 | INFO    | bookdata.pipeline.products | Kategori 'Gençlik Edebiyatı': 1 sayfa, 12 ürün
2026-08-10 18:59:39,456 | INFO    | bookdata.pipeline.products | Kategori 'En Çok Satan Diyet Kitapları': 1 sayfa, 12 ürün
2026-08-10 18:59:39,556 | INFO    | bookdata.pipeline.products | Kategori 'Çok Satanlar': ürün bulunamadı (1 sayfa)
2026-08-10 18:59:39,793 | INFO    | bookdata.pipeline.products | Kategori 'Dokun Hisset Kitapları': 1 sayfa, 10 ürün
2026-08-10 18:59:39,937 | INFO    | bookdata.pipeline.products | Kategori 'Mustafa Kemal Atatürk Kitapları': 1 sayfa, 12 ürün
2026-08-10 18:59:40,184 | INFO    | bookdata.pipeline.products | Kategori 'Dünya Tarihi Kitapları': 1 sayfa, 12 ürün
2026-08-10 18:59:40,411 | INFO    | bookdata.pipeline.products | Kategori 'Araştırma ve İnceleme Kitapları': 1 sayfa, 12 ürün
2026-08-10 18:59:40,526 | INFO    | bookdata.pipeline.products | Kategori 'Ülkeler Tarihi Kitapları': 1 sayfa, 2 ürün
2026-08-10 18:59:40,658 | INFO    | bookdata.pipeline.products | Kategori 'Genel Tarih Kitapları ': 1 sayfa, 12 ürün
2026-08-10 18:59:40,787 | INFO    | bookdata.pipeline.products | Kategori '100 Temel Eser': 1 sayfa, 12 ürün
2026-08-10 18:59:41,006 | INFO    | bookdata.pipeline.products | Kategori 'En Çok Satan Selçuklu Tarihi Kitapları': 1 sayfa, 12 ürün
2026-08-10 18:59:41,137 | INFO    | bookdata.pipeline.products | Kategori 'Sessiz Kitaplar': 1 sayfa, 12 ürün
2026-08-10 18:59:41,269 | INFO    | bookdata.pipeline.products | Kategori 'Genel Sağlık Kitapları': 1 sayfa, 12 ürün
2026-08-10 18:59:41,710 | INFO    | bookdata.pipeline.products | Kategori 'Kağıt Ürünleri': 1 sayfa, 12 ürün
2026-08-10 18:59:41,820 | INFO    | bookdata.pipeline.products | Kategori 'Kurtuluş Savaşı Kitapları': 1 sayfa, 2 ürün
2026-08-10 18:59:41,952 | INFO    | bookdata.pipeline.products | Kategori 'Efsane ve Destan Kitapları': 1 sayfa, 12 ürün
2026-08-10 18:59:42,152 | INFO    | bookdata.pipeline.products | Kategori 'Tahta ve Panolar': ürün bulunamadı (1 sayfa)
2026-08-10 18:59:42,286 | INFO    | bookdata.pipeline.products | Kategori 'İspanyol Edebiyatı': 1 sayfa, 12 ürün
2026-08-10 18:59:42,433 | INFO    | bookdata.pipeline.products | Kategori 'Öykü Kitapları': 1 sayfa, 12 ürün
2026-08-10 18:59:42,754 | INFO    | bookdata.pipeline.products | Kategori 'National Geographic Kids': 1 sayfa, 12 ürün
2026-08-10 18:59:42,896 | INFO    | bookdata.pipeline.products | Kategori 'Zeka Gelişimi Kitapları': 1 sayfa, 12 ürün
2026-08-10 18:59:43,038 | INFO    | bookdata.pipeline.products | Kategori 'Okul Öncesi Şekilli Kitaplar': 1 sayfa, 12 ürün
2026-08-10 18:59:43,361 | INFO    | bookdata.pipeline.products | Kategori 'Amerikan Edebiyatı': 1 sayfa, 12 ürün
2026-08-10 18:59:43,494 | INFO    | bookdata.pipeline.products | Kategori 'En Çok Satan Gerilim Kitapları': 1 sayfa, 12 ürün
2026-08-10 18:59:43,635 | INFO    | bookdata.pipeline.products | Kategori 'Seyahatname Kitapları': 1 sayfa, 12 ürün
2026-08-10 18:59:43,992 | INFO    | bookdata.pipeline.products | Kategori 'Çok Satan Çizgi Romanlar': 1 sayfa, 12 ürün
2026-08-10 18:59:44,138 | INFO    | bookdata.pipeline.products | Kategori 'Çıkartmalı Kitaplar': 1 sayfa, 12 ürün
2026-08-10 18:59:44,283 | INFO    | bookdata.pipeline.products | Kategori 'Okunması Gereken Şiir Kitapları': 1 sayfa, 12 ürün
2026-08-10 18:59:44,503 | INFO    | bookdata.pipeline.products | Kategori 'II. Dünya Savaşı Kitapları': 1 sayfa, 12 ürün
2026-08-10 18:59:44,640 | INFO    | bookdata.pipeline.products | Kategori 'Çocuk Kitapları': 1 sayfa, 12 ürün
2026-08-10 18:59:44,774 | INFO    | bookdata.pipeline.products | Kategori 'Aile Sağlığı Kitapları': 1 sayfa, 12 ürün
2026-08-10 18:59:45,122 | INFO    | bookdata.pipeline.products | Kategori 'Genel Ülke Edebiyatları Kitapları': 1 sayfa, 12 ürün
2026-08-10 18:59:45,336 | INFO    | bookdata.pipeline.products | Kategori 'İskandinav Edebiyatı': 1 sayfa, 3 ürün
2026-08-10 18:59:45,468 | INFO    | bookdata.pipeline.products | Kategori 'Klasik Romanlar ve Kitapları': 1 sayfa, 12 ürün
2026-08-10 18:59:45,712 | INFO    | bookdata.pipeline.products | Kategori 'Dosya ve Klasörler': 1 sayfa, 12 ürün
2026-08-10 18:59:45,855 | INFO    | bookdata.pipeline.products | Kategori 'Roman ve Öykü Kitapları': 1 sayfa, 12 ürün
2026-08-10 18:59:45,999 | INFO    | bookdata.pipeline.products | Kategori 'Ölçü ve Çizim Malzemeleri': 1 sayfa, 12 ürün
2026-08-10 18:59:46,128 | INFO    | bookdata.pipeline.products | Kategori '100 Temel Eser Kitapları': 1 sayfa, 12 ürün
2026-08-10 18:59:46,355 | INFO    | bookdata.pipeline.products | Kategori 'Fizik Tedavi ve Rehabilitasyon Kitapları': 1 sayfa, 1 ürün
2026-08-10 18:59:46,494 | INFO    | bookdata.pipeline.products | Kategori 'En Çok Satan Biyografi Kitapları': 1 sayfa, 12 ürün
2026-08-10 18:59:46,627 | INFO    | bookdata.pipeline.products | Kategori 'Okul Öncesi Çocuk Kitapları': 1 sayfa, 12 ürün
2026-08-10 18:59:46,767 | INFO    | bookdata.pipeline.products | Kategori ' Mizah Kitapları': 1 sayfa, 12 ürün
2026-08-10 18:59:47,216 | INFO    | bookdata.pipeline.products | Kategori 'Takvim Ve Planlayıcılar': 1 sayfa, 12 ürün
2026-08-10 18:59:47,351 | INFO    | bookdata.pipeline.products | Kategori 'Edebiyat Kitapları': 1 sayfa, 12 ürün
2026-08-10 18:59:47,573 | INFO    | bookdata.pipeline.products | Kategori 'Araç ve Gereçler': 1 sayfa, 2 ürün
2026-08-10 18:59:47,719 | INFO    | bookdata.pipeline.products | Kategori 'Cinsellik Kitapları': 1 sayfa, 12 ürün
2026-08-10 18:59:47,853 | INFO    | bookdata.pipeline.products | Kategori 'Tiyatro ve Piyes Kitapları': 1 sayfa, 12 ürün
2026-08-10 18:59:47,990 | INFO    | bookdata.pipeline.products | Kategori 'En Çok Okunan Suç Kitapları': 1 sayfa, 12 ürün
2026-08-10 18:59:48,240 | INFO    | bookdata.pipeline.products | Kategori 'Türkiye - Yakın Tarih Kitapları': 1 sayfa, 12 ürün
2026-08-10 18:59:48,374 | INFO    | bookdata.pipeline.products | Kategori 'Seçili Araştırma ve Tarih Kitapları': 1 sayfa, 12 ürün
2026-08-10 18:59:48,614 | INFO    | bookdata.pipeline.products | Kategori 'En Çok Satan Osmanlı Kitapları': 1 sayfa, 12 ürün
2026-08-10 18:59:48,856 | INFO    | bookdata.pipeline.products | Kategori 'Setler': 1 sayfa, 12 ürün
2026-08-10 18:59:48,971 | INFO    | bookdata.pipeline.products | Kategori 'Yabancı Dilde Psikoloji Kitapları': ürün bulunamadı (1 sayfa)
2026-08-10 18:59:49,104 | INFO    | bookdata.pipeline.products | Kategori 'Gezi ve Rehber Kitapları': 1 sayfa, 12 ürün
2026-08-10 18:59:49,238 | INFO    | bookdata.pipeline.products | Kategori 'Eleştiri İnceleme ve Kuram Kitapları': 1 sayfa, 12 ürün
2026-08-10 18:59:49,491 | INFO    | bookdata.pipeline.products | Kategori 'Genel Çocuk Kitapları': 1 sayfa, 12 ürün
2026-08-10 18:59:49,718 | INFO    | bookdata.pipeline.products | Kategori 'Bilim Kurgu Kitapları': 1 sayfa, 7 ürün
2026-08-10 18:59:49,831 | INFO    | bookdata.pipeline.products | Kategori 'Psikolojik Araştırma Teknikleri Kitapları': 1 sayfa, 1 ürün
2026-08-10 18:59:50,070 | INFO    | bookdata.pipeline.products | Kategori 'Gezi ve Rehber Kitapları': 1 sayfa, 12 ürün
2026-08-10 18:59:50,188 | INFO    | bookdata.pipeline.products | Kategori 'Sosyal Tarih Kitapları': 1 sayfa, 2 ürün
2026-08-10 18:59:50,326 | INFO    | bookdata.pipeline.products | Kategori 'Karikatürler': 1 sayfa, 12 ürün
2026-08-10 18:59:50,672 | INFO    | bookdata.pipeline.products | Kategori 'Çocuk Bilim Kitapları': 1 sayfa, 12 ürün
2026-08-10 18:59:50,813 | INFO    | bookdata.pipeline.products | Kategori 'Özel Eğitim Çocuk Kitapları': 1 sayfa, 12 ürün
2026-08-10 18:59:50,951 | INFO    | bookdata.pipeline.products | Kategori 'Psikoloji': 1 sayfa, 12 ürün
2026-08-10 18:59:51,086 | INFO    | bookdata.pipeline.products | Kategori 'Din Psikolojisi Kitapları': 1 sayfa, 12 ürün
2026-08-10 18:59:51,336 | INFO    | bookdata.pipeline.products | Kategori 'Çocuk Rehber - Kişisel Gelişim Kitapları': 1 sayfa, 12 ürün
2026-08-10 18:59:51,477 | INFO    | bookdata.pipeline.products | Kategori 'Kinetik Kumlar': 1 sayfa, 12 ürün
2026-08-10 18:59:51,600 | INFO    | bookdata.pipeline.products | Kategori 'Slime ve Malzemeleri': 1 sayfa, 5 ürün
2026-08-10 18:59:52,053 | INFO    | bookdata.pipeline.products | Kategori 'Çocuk 0-3 Yaş Kitapları': 1 sayfa, 12 ürün
2026-08-10 18:59:52,168 | INFO    | bookdata.pipeline.products | Kategori 'Coğrafya ve Genel Kitaplar': 1 sayfa, 1 ürün
2026-08-10 18:59:52,303 | INFO    | bookdata.pipeline.products | Kategori 'Matbu Evraklar ve Makbuzlar': 1 sayfa, 12 ürün
2026-08-10 18:59:52,555 | INFO    | bookdata.pipeline.products | Kategori 'Ajanda,Takvim Ve Planlayıcılar': 1 sayfa, 12 ürün
2026-08-10 18:59:52,696 | INFO    | bookdata.pipeline.products | Kategori 'Polisiye Romanlar': 1 sayfa, 12 ürün
2026-08-10 18:59:52,832 | INFO    | bookdata.pipeline.products | Kategori 'Kent Rehberleri': 1 sayfa, 12 ürün
2026-08-10 18:59:53,075 | INFO    | bookdata.pipeline.products | Kategori '2. Sınıf Kitapları': 1 sayfa, 12 ürün
2026-08-10 18:59:53,224 | INFO    | bookdata.pipeline.products | Kategori 'Çocuk Boyama Kitapları': 1 sayfa, 12 ürün
2026-08-10 18:59:53,358 | INFO    | bookdata.pipeline.products | Kategori 'Fantastik Çocuk Kitapları': 1 sayfa, 12 ürün
2026-08-10 18:59:53,493 | INFO    | bookdata.pipeline.products | Kategori 'Göktürk Tarihi Kitapları': 1 sayfa, 9 ürün
2026-08-10 18:59:53,754 | INFO    | bookdata.pipeline.products | Kategori 'Sanatsal Malzemeler': 1 sayfa, 12 ürün
2026-08-10 18:59:53,890 | INFO    | bookdata.pipeline.products | Kategori 'Defterler': 1 sayfa, 12 ürün
2026-08-10 18:59:54,031 | INFO    | bookdata.pipeline.products | Kategori 'Türk Tarihi Araştırmaları Kitapları': 1 sayfa, 12 ürün
2026-08-10 18:59:54,394 | INFO    | bookdata.pipeline.products | Kategori 'Seyahatname Kitapları': 1 sayfa, 3 ürün
2026-08-10 18:59:54,533 | INFO    | bookdata.pipeline.products | Kategori 'Yapıştırıcı ve Bantlar': 1 sayfa, 12 ürün
2026-08-10 18:59:54,776 | INFO    | bookdata.pipeline.products | Kategori 'Politik - Kurgu Kitapları': 1 sayfa, 12 ürün
2026-08-10 18:59:55,011 | INFO    | bookdata.pipeline.products | Kategori 'Anatomi Kitapları': 1 sayfa, 1 ürün
2026-08-10 18:59:55,151 | INFO    | bookdata.pipeline.products | Kategori 'En Çok Satan Seri Katil Kitapları': 1 sayfa, 11 ürün
2026-08-10 18:59:55,289 | INFO    | bookdata.pipeline.products | Kategori 'Genel Edebiyat Kitapları': 1 sayfa, 12 ürün
2026-08-10 18:59:55,425 | INFO    | bookdata.pipeline.products | Kategori 'Gezi Rehberi Kitapları': 1 sayfa, 12 ürün
2026-08-10 18:59:55,679 | INFO    | bookdata.pipeline.products | Kategori 'Çocuk Kitabı TOP 50': 1 sayfa, 12 ürün
2026-08-10 18:59:55,837 | INFO    | bookdata.pipeline.products | Kategori 'Hikayeler': 1 sayfa, 12 ürün
2026-08-10 18:59:55,960 | INFO    | bookdata.pipeline.products | Kategori 'Dekoratif Ürünler': 1 sayfa, 7 ürün
2026-08-10 18:59:56,092 | INFO    | bookdata.pipeline.products | Kategori 'Beslenme ve Diyet Kitapları': 1 sayfa, 12 ürün
2026-08-10 18:59:56,388 | INFO    | bookdata.pipeline.products | Kategori 'Eğitim - Okula Yardımcı Kitaplar': 1 sayfa, 26 ürün
2026-08-10 18:59:56,714 | INFO    | bookdata.pipeline.products | Kategori 'Selçuklu Dönemi Kitapları': 1 sayfa, 5 ürün
2026-08-10 18:59:56,964 | INFO    | bookdata.pipeline.products | Kategori 'Etkinlik Kitapları': 1 sayfa, 12 ürün
2026-08-10 19:00:35,941 | INFO    | bookdata.pipeline.products | Kategori 'Yayınevi Listesi': ürün bulunamadı (50 sayfa)
2026-08-10 19:00:42,232 | INFO    | bookdata.pipeline.products | Kategori 'Yazar Listesi': ürün bulunamadı (50 sayfa)
2026-08-10 19:00:42,245 | INFO    | bookdata.pipeline.standardize | Standardize edildi: 2379 ham → 2137 ürün
2026-08-10 19:00:42,430 | INFO    | bookdata.pipeline.merge | Fiyat karşılaştırması: 2137 ürünün 2065 tanesinde değişiklik/yeni kayıt
2026-08-10 19:00:42,447 | INFO    | bookdata.adapters.storage | Veri setine 2065 yeni kayıt eklendi: Data/bkm_Datasets.csv
2026-08-10 19:00:42,461 | INFO    | bookdata.pipeline.runner | Özet: 246 kategori bulundu, 234 işlendi; 2137 ürün → 2065 kayıt eklendi (toplam 20519). İstek: 333, hata: 0
2026-08-10 19:00:45,146 | INFO    | bookdata.adapters.kaggle | Kaggle yayını tamamlandı: furkanzeki/bkm-book-dataset (2026-08-10)
2026-08-11 07:09:45,983 | INFO    | bookdata.pipeline.filter | Ignore kuralları gereği 12 kategori atlandı (10 desen)
2026-08-11 07:09:46,852 | INFO    | bookdata.pipeline.products | Kategori 'Cinsellik Kitapları': 1 sayfa, 12 ürün
2026-08-11 07:09:47,002 | INFO    | bookdata.pipeline.products | Kategori 'Anaokulu': 1 sayfa, 12 ürün
2026-08-11 07:09:47,111 | INFO    | bookdata.pipeline.products | Kategori 'Gençlik Edebiyatı': 1 sayfa, 12 ürün
2026-08-11 07:09:47,205 | INFO    | bookdata.pipeline.products | Kategori 'Biyoloji - Genetik Kitapları': 1 sayfa, 1 ürün
2026-08-11 07:09:47,440 | INFO    | bookdata.pipeline.products | Kategori 'Tüm Kategoriler': ürün bulunamadı (1 sayfa)
2026-08-11 07:09:47,547 | INFO    | bookdata.pipeline.products | Kategori 'Okul Öncesi Çocuk Kitapları': 1 sayfa, 12 ürün
2026-08-11 07:09:47,648 | INFO    | bookdata.pipeline.products | Kategori 'Göktürk Tarihi Kitapları': 1 sayfa, 9 ürün
2026-08-11 07:09:47,767 | INFO    | bookdata.pipeline.products | Kategori 'Casusluk Kitapları': 1 sayfa, 12 ürün
2026-08-11 07:09:47,931 | INFO    | bookdata.pipeline.products | Kategori 'Ülke Rehberi Kitapları': 1 sayfa, 12 ürün
2026-08-11 07:09:48,020 | INFO    | bookdata.pipeline.products | Kategori 'Nöroloji Kitapları': 1 sayfa, 1 ürün
2026-08-11 07:09:48,125 | INFO    | bookdata.pipeline.products | Kategori 'Anlatı Kitapları': 1 sayfa, 12 ürün
2026-08-11 07:09:48,231 | INFO    | bookdata.pipeline.products | Kategori 'Alternatif Tıp Şifalı Bitkiler Kitapları': 1 sayfa, 12 ürün
2026-08-11 07:09:48,376 | INFO    | bookdata.pipeline.products | Kategori 'Selçuklu Dönemi Kitapları': 1 sayfa, 5 ürün
2026-08-11 07:09:48,484 | INFO    | bookdata.pipeline.products | Kategori 'Sağlık İletişimi Kitapları': 1 sayfa, 12 ürün
2026-08-11 07:09:48,590 | INFO    | bookdata.pipeline.products | Kategori '100 Temel Eser Kitapları': 1 sayfa, 12 ürün
2026-08-11 07:09:48,697 | INFO    | bookdata.pipeline.products | Kategori 'Çocuk Boyama Kitapları': 1 sayfa, 12 ürün
2026-08-11 07:09:48,863 | INFO    | bookdata.pipeline.products | Kategori 'İspanyol Edebiyatı': 1 sayfa, 12 ürün
2026-08-11 07:09:48,972 | INFO    | bookdata.pipeline.products | Kategori 'En Çok Satan Gizemli Kitaplar': 1 sayfa, 12 ürün
2026-08-11 07:09:49,083 | INFO    | bookdata.pipeline.products | Kategori 'Dil Bilimi Kitapları': 1 sayfa, 12 ürün
2026-08-11 07:09:49,241 | INFO    | bookdata.pipeline.products | Kategori 'Sağlık Kitapları': 1 sayfa, 12 ürün
2026-08-11 07:09:49,348 | INFO    | bookdata.pipeline.products | Kategori 'En Çok Okunan Cumhuriyet Tarihi Kitapları': 1 sayfa, 12 ürün
2026-08-11 07:09:49,430 | INFO    | bookdata.pipeline.products | Kategori 'Çok Satanlar': ürün bulunamadı (1 sayfa)
2026-08-11 07:09:49,519 | INFO    | bookdata.pipeline.products | Kategori 'Anatomi Kitapları': 1 sayfa, 1 ürün
2026-08-11 07:09:49,632 | INFO    | bookdata.pipeline.products | Kategori 'II. Dünya Savaşı Kitapları': 1 sayfa, 12 ürün
2026-08-11 07:09:49,798 | INFO    | bookdata.pipeline.products | Kategori 'En Sevilen Çocuk Kitabı Setleri': 1 sayfa, 12 ürün
2026-08-11 07:09:49,890 | INFO    | bookdata.pipeline.products | Kategori 'Seyahatname Kitapları': 1 sayfa, 3 ürün
2026-08-11 07:09:49,997 | INFO    | bookdata.pipeline.products | Kategori 'Fantastik Çocuk Kitapları': 1 sayfa, 12 ürün
2026-08-11 07:09:50,155 | INFO    | bookdata.pipeline.products | Kategori 'Çocuk Şiir Kitapları': 1 sayfa, 12 ürün
2026-08-11 07:09:50,272 | INFO    | bookdata.pipeline.products | Kategori 'Eleştiri İnceleme ve Kuram Kitapları': 1 sayfa, 12 ürün
2026-08-11 07:09:50,381 | INFO    | bookdata.pipeline.products | Kategori 'Fantastik Kitaplar': 1 sayfa, 12 ürün
2026-08-11 07:09:50,487 | INFO    | bookdata.pipeline.products | Kategori 'Osmanlı Tarihi Kitapları': 1 sayfa, 12 ürün
2026-08-11 07:09:50,643 | INFO    | bookdata.pipeline.products | Kategori 'Slime ve Malzemeleri': 1 sayfa, 5 ürün
2026-08-11 07:09:50,758 | INFO    | bookdata.pipeline.products | Kategori 'Çocuk Gelişimi Kitapları': 1 sayfa, 12 ürün
2026-08-11 07:09:50,872 | INFO    | bookdata.pipeline.products | Kategori 'Latin Edebiyatı': 1 sayfa, 12 ürün
2026-08-11 07:09:50,973 | INFO    | bookdata.pipeline.products | Kategori 'Yetişkin Masal Kitapları': 1 sayfa, 9 ürün
2026-08-11 07:09:51,144 | INFO    | bookdata.pipeline.products | Kategori 'Biyografi ve Otobiyografi Kitapları': 1 sayfa, 12 ürün
2026-08-11 07:09:51,258 | INFO    | bookdata.pipeline.products | Kategori 'Çizgi Roman Kitapları': 1 sayfa, 12 ürün
2026-08-11 07:09:51,369 | INFO    | bookdata.pipeline.products | Kategori 'Türkiye ve Cumhuriyet Tarihi Kitapları': 1 sayfa, 12 ürün
2026-08-11 07:09:51,479 | INFO    | bookdata.pipeline.products | Kategori 'En İyi Korku Kitapları': 1 sayfa, 12 ürün
2026-08-11 07:09:51,645 | INFO    | bookdata.pipeline.products | Kategori 'Anı - Mektup - Günlük Kitapları': 1 sayfa, 12 ürün
2026-08-11 07:09:51,761 | INFO    | bookdata.pipeline.products | Kategori 'Setler': 1 sayfa, 12 ürün
2026-08-11 07:09:51,867 | INFO    | bookdata.pipeline.products | Kategori 'Kent Rehberleri': 1 sayfa, 12 ürün
2026-08-11 07:09:52,028 | INFO    | bookdata.pipeline.products | Kategori 'Fransız Edebiyatı Kitapları': 1 sayfa, 12 ürün
2026-08-11 07:09:52,118 | INFO    | bookdata.pipeline.products | Kategori 'İlaç Rehber Kitapları': 1 sayfa, 1 ürün
2026-08-11 07:09:52,225 | INFO    | bookdata.pipeline.products | Kategori 'Aforizma': 1 sayfa, 12 ürün
2026-08-11 07:09:52,320 | INFO    | bookdata.pipeline.products | Kategori 'Yazıcı ve Fotokopi Kağıtları': 1 sayfa, 5 ürün
2026-08-11 07:09:52,497 | INFO    | bookdata.pipeline.products | Kategori 'Uzakdoğu Edebiyatı': 1 sayfa, 12 ürün
2026-08-11 07:09:52,596 | INFO    | bookdata.pipeline.products | Kategori 'Tarihi Kişilikler Kitapları': 1 sayfa, 6 ürün
2026-08-11 07:09:52,693 | INFO    | bookdata.pipeline.products | Kategori 'Dekoratif Ürünler': 1 sayfa, 7 ürün
2026-08-11 07:09:52,798 | INFO    | bookdata.pipeline.products | Kategori 'Çocuk 4-5 Yaş Kitapları': 1 sayfa, 12 ürün
2026-08-11 07:09:52,967 | INFO    | bookdata.pipeline.products | Kategori 'Çocuk Etkinlik Kitapları': 1 sayfa, 12 ürün
2026-08-11 07:09:53,083 | INFO    | bookdata.pipeline.products | Kategori 'Mustafa Kemal Atatürk Kitapları': 1 sayfa, 12 ürün
2026-08-11 07:09:53,190 | INFO    | bookdata.pipeline.products | Kategori 'Çocuk Boyama Kitapları': 1 sayfa, 12 ürün
2026-08-11 07:09:53,301 | INFO    | bookdata.pipeline.products | Kategori 'Din Eğitimi Kitapları': 1 sayfa, 12 ürün
2026-08-11 07:09:53,477 | INFO    | bookdata.pipeline.products | Kategori 'Yabancı Dilde Edebiyat Kitapları': 1 sayfa, 12 ürün
2026-08-11 07:09:53,586 | INFO    | bookdata.pipeline.products | Kategori 'Çocuk Rehber - Kişisel Gelişim Kitapları': 1 sayfa, 12 ürün
2026-08-11 07:09:53,694 | INFO    | bookdata.pipeline.products | Kategori 'Eğitim Psikolojisi Kitapları': 1 sayfa, 12 ürün
2026-08-11 07:09:53,800 | INFO    | bookdata.pipeline.products | Kategori 'Genel Edebiyat Kitapları': 1 sayfa, 12 ürün
2026-08-11 07:09:53,976 | INFO    | bookdata.pipeline.products | Kategori 'Bilimsel Kitaplar': 1 sayfa, 12 ürün
2026-08-11 07:09:54,087 | INFO    | bookdata.pipeline.products | Kategori 'Kağıt Ürünleri': 1 sayfa, 12 ürün
2026-08-11 07:09:54,206 | INFO    | bookdata.pipeline.products | Kategori 'Ortadoğu - Arap Edebiyatı Kitapları': 1 sayfa, 12 ürün
2026-08-11 07:09:54,369 | INFO    | bookdata.pipeline.products | Kategori 'Aile Sağlığı Kitapları': 1 sayfa, 12 ürün
2026-08-11 07:09:54,566 | INFO    | bookdata.pipeline.products | Kategori 'En Çok Okunan Türk Tarihi Kitapları': 1 sayfa, 12 ürün
2026-08-11 07:09:54,673 | INFO    | bookdata.pipeline.products | Kategori 'Seçili Araştırma ve Tarih Kitapları': 1 sayfa, 12 ürün
2026-08-11 07:09:54,821 | INFO    | bookdata.pipeline.products | Kategori 'Coğrafya ve Genel Kitaplar': 1 sayfa, 1 ürün
2026-08-11 07:09:54,908 | INFO    | bookdata.pipeline.products | Kategori 'Tahta ve Panolar': ürün bulunamadı (1 sayfa)
2026-08-11 07:09:55,015 | INFO    | bookdata.pipeline.products | Kategori 'Annelik ve Çocuk Bakımı Kitapları': 1 sayfa, 12 ürün
2026-08-11 07:09:55,128 | INFO    | bookdata.pipeline.products | Kategori '3. Sınıf Kitapları': 1 sayfa, 12 ürün
2026-08-11 07:09:55,315 | INFO    | bookdata.pipeline.products | Kategori 'Tarihi Romanlar': 1 sayfa, 12 ürün
2026-08-11 07:09:55,431 | INFO    | bookdata.pipeline.products | Kategori 'Özel Eğitim Çocuk Kitapları': 1 sayfa, 12 ürün
2026-08-11 07:09:55,522 | INFO    | bookdata.pipeline.products | Kategori 'Psikiyatri Kitapları': 1 sayfa, 1 ürün
2026-08-11 07:09:55,661 | INFO    | bookdata.pipeline.products | Kategori 'Eğitim - Okula Yardımcı Kitaplar': 1 sayfa, 26 ürün
2026-08-11 07:09:55,839 | INFO    | bookdata.pipeline.products | Kategori 'İstanbul Rehberi Kitapları': 1 sayfa, 12 ürün
2026-08-11 07:09:55,947 | INFO    | bookdata.pipeline.products | Kategori '0-3 Yaş Kitapları': 1 sayfa, 12 ürün
2026-08-11 07:09:56,066 | INFO    | bookdata.pipeline.products | Kategori 'Öykü Kitapları': 1 sayfa, 12 ürün
2026-08-11 07:09:56,174 | INFO    | bookdata.pipeline.products | Kategori 'Gezi Rehberi Kitapları': 1 sayfa, 12 ürün
2026-08-11 07:09:56,344 | INFO    | bookdata.pipeline.products | Kategori 'Genel Ülke Edebiyatları Kitapları': 1 sayfa, 12 ürün
2026-08-11 07:09:56,454 | INFO    | bookdata.pipeline.products | Kategori 'En Çok Satan 100 Tarih Kitabı': 1 sayfa, 12 ürün
2026-08-11 07:09:56,636 | INFO    | bookdata.pipeline.products | Kategori 'Kalemler ve Yazı Gereçleri': 1 sayfa, 12 ürün
2026-08-11 07:09:56,820 | INFO    | bookdata.pipeline.products | Kategori 'Ölçü ve Çizim Malzemeleri': 1 sayfa, 12 ürün
2026-08-11 07:09:56,938 | INFO    | bookdata.pipeline.products | Kategori 'Roman ve Öykü Kitapları': 1 sayfa, 12 ürün
2026-08-11 07:09:57,226 | INFO    | bookdata.pipeline.products | Kategori 'Psikolojik Danışma Kitapları ': 1 sayfa, 8 ürün
2026-08-11 07:09:57,413 | INFO    | bookdata.pipeline.products | Kategori 'Çocuk Referans Kitaplar': 1 sayfa, 12 ürün
2026-08-11 07:09:57,521 | INFO    | bookdata.pipeline.products | Kategori 'Ofis Makineleri': 1 sayfa, 12 ürün
2026-08-11 07:09:57,614 | INFO    | bookdata.pipeline.products | Kategori 'Sosyal Tarih Kitapları': 1 sayfa, 2 ürün
2026-08-11 07:09:57,719 | INFO    | bookdata.pipeline.products | Kategori 'Ajanda,Takvim Ve Planlayıcılar': 1 sayfa, 12 ürün
2026-08-11 07:09:57,917 | INFO    | bookdata.pipeline.products | Kategori 'En Çok Satan Gerilim Kitapları': 1 sayfa, 12 ürün
2026-08-11 07:09:58,028 | INFO    | bookdata.pipeline.products | Kategori 'En Çok Satan 50 Dünya Klasiği': 1 sayfa, 12 ürün
2026-08-11 07:09:58,135 | INFO    | bookdata.pipeline.products | Kategori 'Başvuru Kitapları': 1 sayfa, 12 ürün
2026-08-11 07:09:58,235 | INFO    | bookdata.pipeline.products | Kategori 'Bilim Kurgu Kitapları': 1 sayfa, 7 ürün
2026-08-11 07:09:58,406 | INFO    | bookdata.pipeline.products | Kategori 'Ülkeler Tarihi Kitapları': 1 sayfa, 2 ürün
2026-08-11 07:09:58,583 | INFO    | bookdata.pipeline.products | Kategori 'Periyodik Yayınlar': 1 sayfa, 3 ürün
2026-08-11 07:09:58,695 | INFO    | bookdata.pipeline.products | Kategori 'Sanatsal Malzemeler': 1 sayfa, 12 ürün
2026-08-11 07:09:58,891 | INFO    | bookdata.pipeline.products | Kategori 'Gezi ve Rehber Referans Kitapları': 1 sayfa, 12 ürün
2026-08-11 07:09:59,045 | INFO    | bookdata.pipeline.products | Kategori 'Türk Edebiyatı Romanları': 1 sayfa, 12 ürün
2026-08-11 07:09:59,153 | INFO    | bookdata.pipeline.products | Kategori 'İngiliz Edebiyatı': 1 sayfa, 12 ürün
2026-08-11 07:09:59,263 | INFO    | bookdata.pipeline.products | Kategori 'En Çok Okunan Karikatür Kitapları': 1 sayfa, 12 ürün
2026-08-11 07:09:59,478 | INFO    | bookdata.pipeline.products | Kategori 'Genel Tarih Kitapları ': 1 sayfa, 12 ürün
2026-08-11 07:09:59,579 | INFO    | bookdata.pipeline.products | Kategori 'Antik Mısır Kitapları': 1 sayfa, 8 ürün
2026-08-11 07:09:59,697 | INFO    | bookdata.pipeline.products | Kategori 'Korku ve Gerilim Edebiyatı': 1 sayfa, 12 ürün
2026-08-11 07:09:59,802 | INFO    | bookdata.pipeline.products | Kategori 'Karikatürler': 1 sayfa, 12 ürün
2026-08-11 07:09:59,977 | INFO    | bookdata.pipeline.products | Kategori 'Psikiyatri ve Psikanaliz Kitapları': 1 sayfa, 5 ürün
2026-08-11 07:10:00,083 | INFO    | bookdata.pipeline.products | Kategori 'En Çok Satan Dünya Tarihi Kitapları': 1 sayfa, 12 ürün
2026-08-11 07:10:00,197 | INFO    | bookdata.pipeline.products | Kategori 'Araştırma - İnceleme Kitapları': 1 sayfa, 12 ürün
2026-08-11 07:10:00,286 | INFO    | bookdata.pipeline.products | Kategori 'Psikolojik Araştırma Teknikleri Kitapları': 1 sayfa, 1 ürün
2026-08-11 07:10:00,476 | INFO    | bookdata.pipeline.products | Kategori '1. Sınıf Kitapları': 1 sayfa, 12 ürün
2026-08-11 07:10:00,587 | INFO    | bookdata.pipeline.products | Kategori 'Derlemeler': 1 sayfa, 12 ürün
2026-08-11 07:10:00,773 | INFO    | bookdata.pipeline.products | Kategori 'Dünya Çocuk Klasikleri': 1 sayfa, 12 ürün
2026-08-11 07:10:00,972 | INFO    | bookdata.pipeline.products | Kategori 'Çocuk İlkokul Kitapları': 1 sayfa, 12 ürün
2026-08-11 07:10:01,091 | INFO    | bookdata.pipeline.products | Kategori 'Beslenme ve Diyet Kitapları': 1 sayfa, 12 ürün
2026-08-11 07:10:01,201 | INFO    | bookdata.pipeline.products | Kategori 'Edebiyat Kitapları': 1 sayfa, 12 ürün
2026-08-11 07:10:01,387 | INFO    | bookdata.pipeline.products | Kategori 'Tarihi Belgeler Kitapları': 1 sayfa, 2 ürün
2026-08-11 07:10:01,509 | INFO    | bookdata.pipeline.products | Kategori 'Defterler': 1 sayfa, 12 ürün
2026-08-11 07:10:01,629 | INFO    | bookdata.pipeline.products | Kategori 'Aksiyon ve Macera Kitapları': 1 sayfa, 12 ürün
2026-08-11 07:10:01,737 | INFO    | bookdata.pipeline.products | Kategori 'Söyleşi Kitapları': 1 sayfa, 12 ürün
2026-08-11 07:10:01,941 | INFO    | bookdata.pipeline.products | Kategori 'Gelişim Psikolojisi Kitapları': 1 sayfa, 12 ürün
2026-08-11 07:10:02,060 | INFO    | bookdata.pipeline.products | Kategori 'Çocuk 0-3 Yaş Kitapları': 1 sayfa, 12 ürün
2026-08-11 07:10:02,171 | INFO    | bookdata.pipeline.products | Kategori '4. Sınıf Kitapları': 1 sayfa, 12 ürün
2026-08-11 07:10:02,279 | INFO    | bookdata.pipeline.products | Kategori 'Seyahatname Kitapları': 1 sayfa, 12 ürün
2026-08-11 07:10:02,481 | INFO    | bookdata.pipeline.products | Kategori 'Çizgi Roman - Anime ve Mangalar': 1 sayfa, 12 ürün
2026-08-11 07:10:02,686 | INFO    | bookdata.pipeline.products | Kategori 'Aşk Kitapları': 1 sayfa, 12 ürün
2026-08-11 07:10:02,796 | INFO    | bookdata.pipeline.products | Kategori 'Çanta ve Mataralar': 1 sayfa, 12 ürün
2026-08-11 07:10:03,005 | INFO    | bookdata.pipeline.products | Kategori 'Tavsiye Kitapları': 1 sayfa, 12 ürün
2026-08-11 07:10:03,117 | INFO    | bookdata.pipeline.products | Kategori 'Zeka Gelişimi Kitapları': 1 sayfa, 12 ürün
2026-08-11 07:10:03,225 | INFO    | bookdata.pipeline.products | Kategori 'Yapıştırıcı ve Bantlar': 1 sayfa, 12 ürün
2026-08-11 07:10:03,336 | INFO    | bookdata.pipeline.products | Kategori 'Önemli Olaylar ve Biyografi ve Otobiyografi Kitapları': 1 sayfa, 12 ürün
2026-08-11 07:10:03,504 | INFO    | bookdata.pipeline.products | Kategori 'Amerika Tarihi Kitapları': ürün bulunamadı (1 sayfa)
2026-08-11 07:10:03,594 | INFO    | bookdata.pipeline.products | Kategori 'Arkeoloji Kitapları': 1 sayfa, 2 ürün
2026-08-11 07:10:03,682 | INFO    | bookdata.pipeline.products | Kategori 'Yabancı Dilde Tarih Kitapları ': 1 sayfa, 1 ürün
2026-08-11 07:10:03,795 | INFO    | bookdata.pipeline.products | Kategori 'Çıkartmalı Kitaplar': 1 sayfa, 12 ürün
2026-08-11 07:10:03,996 | INFO    | bookdata.pipeline.products | Kategori 'Tiyatro ve Piyes Kitapları': 1 sayfa, 12 ürün
2026-08-11 07:10:04,105 | INFO    | bookdata.pipeline.products | Kategori 'Etkinlik Kitapları': 1 sayfa, 12 ürün
2026-08-11 07:10:04,210 | INFO    | bookdata.pipeline.products | Kategori 'I. Dünya Savaşı Kitapları': 1 sayfa, 12 ürün
2026-08-11 07:10:04,429 | INFO    | bookdata.pipeline.products | Kategori 'Dünya Klasikleri TOP 50': 1 sayfa, 12 ürün
2026-08-11 07:10:04,541 | INFO    | bookdata.pipeline.products | Kategori 'Dosya ve Klasörler': 1 sayfa, 12 ürün
2026-08-11 07:10:04,726 | INFO    | bookdata.pipeline.products | Kategori 'Klasik Romanlar ve Kitapları': 1 sayfa, 12 ürün
2026-08-11 07:10:04,925 | INFO    | bookdata.pipeline.products | Kategori 'En Çok Okunan Bilim Kurgu Kitapları': 1 sayfa, 12 ürün
2026-08-11 07:10:05,047 | INFO    | bookdata.pipeline.products | Kategori 'Denemeler': 1 sayfa, 12 ürün
2026-08-11 07:10:05,163 | INFO    | bookdata.pipeline.products | Kategori 'Bilim Kurgu Kitapları': 1 sayfa, 12 ürün
2026-08-11 07:10:05,269 | INFO    | bookdata.pipeline.products | Kategori 'Çocuk Psikolojisi Kitapları': 1 sayfa, 12 ürün
2026-08-11 07:10:05,446 | INFO    | bookdata.pipeline.products | Kategori 'KPSS Kitapları': ürün bulunamadı (1 sayfa)
2026-08-11 07:10:05,563 | INFO    | bookdata.pipeline.products | Kategori 'Yunan Mitolojisi Kitapları': 1 sayfa, 11 ürün
2026-08-11 07:10:05,676 | INFO    | bookdata.pipeline.products | Kategori 'Genel Psikoloji Kitapları': 1 sayfa, 12 ürün
2026-08-11 07:10:05,783 | INFO    | bookdata.pipeline.products | Kategori 'Dünya Tarihi Kitapları': 1 sayfa, 12 ürün
2026-08-11 07:10:05,987 | INFO    | bookdata.pipeline.products | Kategori 'Çok Satan Çizgi Romanlar': 1 sayfa, 12 ürün
2026-08-11 07:10:06,101 | INFO    | bookdata.pipeline.products | Kategori 'Türkiye Rehber Kitapları': 1 sayfa, 12 ürün
2026-08-11 07:10:06,210 | INFO    | bookdata.pipeline.products | Kategori 'Referans Kitaplar': 1 sayfa, 12 ürün
2026-08-11 07:10:06,320 | INFO    | bookdata.pipeline.products | Kategori 'Yoga Meditasyon Kitapları': 1 sayfa, 12 ürün
2026-08-11 07:10:06,525 | INFO    | bookdata.pipeline.products | Kategori 'Gençlik Ortaokul Kitapları': 1 sayfa, 12 ürün
2026-08-11 07:10:06,717 | INFO    | bookdata.pipeline.products | Kategori 'Efsane ve Destan Kitapları': 1 sayfa, 12 ürün
2026-08-11 07:10:06,828 | INFO    | bookdata.pipeline.products | Kategori 'Politik - Kurgu Kitapları': 1 sayfa, 12 ürün
2026-08-11 07:10:07,018 | INFO    | bookdata.pipeline.products | Kategori 'Milletler Tarihi Kitapları': ürün bulunamadı (1 sayfa)
2026-08-11 07:10:07,127 | INFO    | bookdata.pipeline.products | Kategori 'Divan Edebiyatı ve Halk Edebiyatı Kitapları': 1 sayfa, 12 ürün
2026-08-11 07:10:07,237 | INFO    | bookdata.pipeline.products | Kategori 'Türk Tarihi Araştırmaları Kitapları': 1 sayfa, 12 ürün
2026-08-11 07:10:07,341 | INFO    | bookdata.pipeline.products | Kategori 'Ofis Malzemeleri': 1 sayfa, 12 ürün
2026-08-11 07:10:07,558 | INFO    | bookdata.pipeline.products | Kategori 'Tarih Kitapları': 1 sayfa, 12 ürün
2026-08-11 07:10:07,674 | INFO    | bookdata.pipeline.products | Kategori 'Çocuk Çizgi Roman Kitapları': 1 sayfa, 12 ürün
2026-08-11 07:10:07,782 | INFO    | bookdata.pipeline.products | Kategori 'Türk Klasikleri Kitapları': 1 sayfa, 12 ürün
2026-08-11 07:10:07,987 | INFO    | bookdata.pipeline.products | Kategori 'Kinetik Kumlar': 1 sayfa, 12 ürün
2026-08-11 07:10:08,106 | INFO    | bookdata.pipeline.products | Kategori 'En Çok Satan Otobiyografi Kitapları': 1 sayfa, 12 ürün
2026-08-11 07:10:08,199 | INFO    | bookdata.pipeline.products | Kategori 'Kurtuluş Savaşı Kitapları': 1 sayfa, 2 ürün
2026-08-11 07:10:08,304 | INFO    | bookdata.pipeline.products | Kategori 'Psikoloji': 1 sayfa, 12 ürün
2026-08-11 07:10:08,562 | INFO    | bookdata.pipeline.products | Kategori 'Yabancı Dilde Psikoloji Kitapları': ürün bulunamadı (1 sayfa)
2026-08-11 07:10:08,679 | INFO    | bookdata.pipeline.products | Kategori 'Roman': 1 sayfa, 12 ürün
2026-08-11 07:10:08,777 | INFO    | bookdata.pipeline.products | Kategori 'Çocuk Dil Eğitimi Kitapları': 1 sayfa, 4 ürün
2026-08-11 07:10:08,975 | INFO    | bookdata.pipeline.products | Kategori 'Şiir Kitapları': 1 sayfa, 12 ürün
2026-08-11 07:10:09,088 | INFO    | bookdata.pipeline.products | Kategori 'En Çok Satan Biyografi Kitapları': 1 sayfa, 12 ürün
2026-08-11 07:10:09,417 | INFO    | bookdata.pipeline.products | Kategori 'Hikayeler': 1 sayfa, 12 ürün
2026-08-11 07:10:09,527 | INFO    | bookdata.pipeline.products | Kategori 'Genel Sağlık Kitapları': 1 sayfa, 12 ürün
2026-08-11 07:10:09,753 | INFO    | bookdata.pipeline.products | Kategori 'Polisiye Romanlar': 1 sayfa, 12 ürün
2026-08-11 07:10:09,865 | INFO    | bookdata.pipeline.products | Kategori 'İtalyan Edebiyatı': 1 sayfa, 12 ürün
2026-08-11 07:10:09,976 | INFO    | bookdata.pipeline.products | Kategori 'Biyografi Otobiyografi Kitapları': 1 sayfa, 12 ürün
2026-08-11 07:10:10,275 | INFO    | bookdata.pipeline.products | Kategori 'Gezi ve Rehber Kitapları': 1 sayfa, 12 ürün
2026-08-11 07:10:10,387 | INFO    | bookdata.pipeline.products | Kategori 'Araştırma ve İnceleme Kitapları': 1 sayfa, 12 ürün
2026-08-11 07:10:10,594 | INFO    | bookdata.pipeline.products | Kategori '2. Sınıf Kitapları': 1 sayfa, 12 ürün
2026-08-11 07:10:10,793 | INFO    | bookdata.pipeline.products | Kategori 'Kürt Edebiyatı': 1 sayfa, 12 ürün
2026-08-11 07:10:10,905 | INFO    | bookdata.pipeline.products | Kategori 'Yapbozlu Kitapları': 1 sayfa, 12 ürün
2026-08-11 07:10:10,998 | INFO    | bookdata.pipeline.products | Kategori 'Bölgeler Tarihi Kitapları': 1 sayfa, 3 ürün
2026-08-11 07:10:11,090 | INFO    | bookdata.pipeline.products | Kategori 'Anadolu Tarihi Kitapları': 1 sayfa, 3 ürün
2026-08-11 07:10:11,294 | INFO    | bookdata.pipeline.products | Kategori 'Boyalar ve Boya Ürünleri': 1 sayfa, 12 ürün
2026-08-11 07:10:11,410 | INFO    | bookdata.pipeline.products | Kategori 'En Çok Satan Selçuklu Tarihi Kitapları': 1 sayfa, 12 ürün
2026-08-11 07:10:11,517 | INFO    | bookdata.pipeline.products | Kategori 'En Çok Okunan Suç Kitapları': 1 sayfa, 12 ürün
2026-08-11 07:10:11,726 | INFO    | bookdata.pipeline.products | Kategori 'Çocuk Bilim Kitapları': 1 sayfa, 12 ürün
2026-08-11 07:10:12,003 | INFO    | bookdata.pipeline.products | Kategori 'En Çok Satan Seri Katil Kitapları': 1 sayfa, 11 ürün
2026-08-11 07:10:12,234 | INFO    | bookdata.pipeline.products | Kategori 'Gençlik Lise Kitapları': 1 sayfa, 12 ürün
2026-08-11 07:10:12,344 | INFO    | bookdata.pipeline.products | Kategori 'Yakın Tarih Kitapları': 1 sayfa, 12 ürün
2026-08-11 07:10:12,451 | INFO    | bookdata.pipeline.products | Kategori 'En Çok Satan Fantastik Kitaplar': 1 sayfa, 12 ürün
2026-08-11 07:10:12,566 | INFO    | bookdata.pipeline.products | Kategori 'Gezi ve Rehber Kitapları': 1 sayfa, 12 ürün
2026-08-11 07:10:12,789 | INFO    | bookdata.pipeline.products | Kategori 'Psikolojik Kitaplar': 1 sayfa, 12 ürün
2026-08-11 07:10:12,881 | INFO    | bookdata.pipeline.products | Kategori 'Tarih - Mitoloji Kitapları': 1 sayfa, 2 ürün
2026-08-11 07:10:12,987 | INFO    | bookdata.pipeline.products | Kategori 'Genel Çocuk Kitapları': 1 sayfa, 12 ürün
2026-08-11 07:10:13,100 | INFO    | bookdata.pipeline.products | Kategori 'Senaryo Kitapları': 1 sayfa, 12 ürün
2026-08-11 07:10:13,326 | INFO    | bookdata.pipeline.products | Kategori 'Yabancı Dilde Çocuk Kitapları': 1 sayfa, 12 ürün
2026-08-11 07:10:13,440 | INFO    | bookdata.pipeline.products | Kategori 'Rus Edebiyatı': 1 sayfa, 12 ürün
2026-08-11 07:10:13,547 | INFO    | bookdata.pipeline.products | Kategori 'Okunması Gereken Şiir Kitapları': 1 sayfa, 12 ürün
2026-08-11 07:10:13,656 | INFO    | bookdata.pipeline.products | Kategori 'Tarih Felsefesi Kitapları': 1 sayfa, 12 ürün
2026-08-11 07:10:13,965 | INFO    | bookdata.pipeline.products | Kategori 'Sosyal Psikoloji Kitapları ': 1 sayfa, 2 ürün
2026-08-11 07:10:14,151 | INFO    | bookdata.pipeline.products | Kategori 'Sessiz Kitaplar': 1 sayfa, 12 ürün
2026-08-11 07:10:14,397 | INFO    | bookdata.pipeline.products | Kategori 'Türk Edebiyatı TOP 50': 1 sayfa, 12 ürün
2026-08-11 07:10:14,517 | INFO    | bookdata.pipeline.products | Kategori 'Okul Öncesi Resimli Kitaplar': 1 sayfa, 12 ürün
2026-08-11 07:10:14,613 | INFO    | bookdata.pipeline.products | Kategori 'Edebiyat Referans Kitaplar': 1 sayfa, 3 ürün
2026-08-11 07:10:14,721 | INFO    | bookdata.pipeline.products | Kategori 'Psikoloji Başvuru Kitapları': 1 sayfa, 12 ürün
2026-08-11 07:10:15,066 | INFO    | bookdata.pipeline.products | Kategori 'Antoloji Kitapları': 1 sayfa, 12 ürün
2026-08-11 07:10:15,174 | INFO    | bookdata.pipeline.products | Kategori 'En Çok Satan Diyet Kitapları': 1 sayfa, 12 ürün
2026-08-11 07:10:15,283 | INFO    | bookdata.pipeline.products | Kategori 'Amerikan Edebiyatı': 1 sayfa, 12 ürün
2026-08-11 07:10:15,622 | INFO    | bookdata.pipeline.products | Kategori 'Türkiye - Yakın Tarih Kitapları': 1 sayfa, 12 ürün
2026-08-11 07:10:15,736 | INFO    | bookdata.pipeline.products | Kategori 'Matbu Evraklar ve Makbuzlar': 1 sayfa, 12 ürün
2026-08-11 07:10:15,846 | INFO    | bookdata.pipeline.products | Kategori 'Çocuk Kitabı TOP 50': 1 sayfa, 12 ürün
2026-08-11 07:10:16,106 | INFO    | bookdata.pipeline.products | Kategori 'Masallar': 1 sayfa, 12 ürün
2026-08-11 07:10:16,221 | INFO    | bookdata.pipeline.products | Kategori 'Din Psikolojisi Kitapları': 1 sayfa, 12 ürün
2026-08-11 07:10:16,328 | INFO    | bookdata.pipeline.products | Kategori 'Takvim Ve Planlayıcılar': 1 sayfa, 12 ürün
2026-08-11 07:10:16,533 | INFO    | bookdata.pipeline.products | Kategori 'Fizik Tedavi ve Rehabilitasyon Kitapları': 1 sayfa, 1 ürün
2026-08-11 07:10:16,817 | INFO    | bookdata.pipeline.products | Kategori '5. Sınıf Kitapları': 1 sayfa, 12 ürün
2026-08-11 07:10:16,910 | INFO    | bookdata.pipeline.products | Kategori 'İskandinav Edebiyatı': 1 sayfa, 3 ürün
2026-08-11 07:10:17,161 | INFO    | bookdata.pipeline.products | Kategori 'Hamilelik ve Doğum Kitapları': 1 sayfa, 6 ürün
2026-08-11 07:10:17,277 | INFO    | bookdata.pipeline.products | Kategori 'Eğitici ve Öğretici Çocuk Kitapları': 1 sayfa, 12 ürün
2026-08-11 07:10:17,379 | INFO    | bookdata.pipeline.products | Kategori 'Psikoloji Akımları Kitapları': 1 sayfa, 2 ürün
2026-08-11 07:10:17,620 | INFO    | bookdata.pipeline.products | Kategori 'Çocuk 6-7 Yaş Kitapları': 1 sayfa, 12 ürün
2026-08-11 07:10:17,738 | INFO    | bookdata.pipeline.products | Kategori '3-6 Yaş Kitapları': 1 sayfa, 12 ürün
2026-08-11 07:10:17,844 | INFO    | bookdata.pipeline.products | Kategori 'Okul Öncesi Şekilli Kitaplar': 1 sayfa, 12 ürün
2026-08-11 07:10:17,951 | INFO    | bookdata.pipeline.products | Kategori ' Mizah Kitapları': 1 sayfa, 12 ürün
2026-08-11 07:10:18,193 | INFO    | bookdata.pipeline.products | Kategori 'Araç ve Gereçler': 1 sayfa, 2 ürün
2026-08-11 07:10:18,311 | INFO    | bookdata.pipeline.products | Kategori 'Alman Edebiyatı Kitapları': 1 sayfa, 12 ürün
2026-08-11 07:10:18,493 | INFO    | bookdata.pipeline.products | Kategori 'Sağlıklı Yaşam Kitapları': 1 sayfa, 7 ürün
2026-08-11 07:10:18,734 | INFO    | bookdata.pipeline.products | Kategori '100 Temel Eser': 1 sayfa, 12 ürün
2026-08-11 07:10:18,909 | INFO    | bookdata.pipeline.products | Kategori 'Histoloji ve Embriyoloji Kitapları': 1 sayfa, 1 ürün
2026-08-11 07:10:19,022 | INFO    | bookdata.pipeline.products | Kategori 'Çocuk Kitapları': 1 sayfa, 12 ürün
2026-08-11 07:10:19,269 | INFO    | bookdata.pipeline.products | Kategori 'National Geographic Kids': 1 sayfa, 12 ürün
2026-08-11 07:10:19,387 | INFO    | bookdata.pipeline.products | Kategori 'Ekol ve Yaklaşım Kitapları': 1 sayfa, 12 ürün
2026-08-11 07:10:19,573 | INFO    | bookdata.pipeline.products | Kategori 'Çocuk Bilmece Bulmaca Kitapları': 1 sayfa, 12 ürün
2026-08-11 07:10:19,842 | INFO    | bookdata.pipeline.products | Kategori 'En Çok Satan Osmanlı Kitapları': 1 sayfa, 12 ürün
2026-08-11 07:10:19,949 | INFO    | bookdata.pipeline.products | Kategori 'Dokun Hisset Kitapları': 1 sayfa, 10 ürün
2026-08-11 07:11:06,206 | INFO    | bookdata.pipeline.products | Kategori 'Yazar Listesi': ürün bulunamadı (50 sayfa)
2026-08-11 07:11:07,432 | INFO    | bookdata.pipeline.products | Kategori 'Yayınevi Listesi': ürün bulunamadı (50 sayfa)
2026-08-11 07:11:07,445 | INFO    | bookdata.pipeline.standardize | Standardize edildi: 2379 ham → 2137 ürün
2026-08-11 07:11:07,763 | INFO    | bookdata.pipeline.merge | Fiyat karşılaştırması: 2137 ürünün 2065 tanesinde değişiklik/yeni kayıt
2026-08-11 07:11:07,778 | INFO    | bookdata.adapters.storage | Veri setine 2065 yeni kayıt eklendi: Data/bkm_Datasets.csv
2026-08-11 07:11:07,796 | INFO    | bookdata.pipeline.runner | Özet: 246 kategori bulundu, 234 işlendi; 2137 ürün → 2065 kayıt eklendi (toplam 22584). İstek: 333, hata: 0
2026-08-11 07:11:10,615 | INFO    | bookdata.adapters.kaggle | Kaggle yayını tamamlandı: furkanzeki/bkm-book-dataset (2026-08-11)
2026-08-11 19:03:57,945 | INFO    | bookdata.pipeline.filter | Ignore kuralları gereği 12 kategori atlandı (10 desen)
2026-08-11 19:03:58,650 | INFO    | bookdata.pipeline.products | Kategori 'Anaokulu': 1 sayfa, 12 ürün
2026-08-11 19:03:58,824 | INFO    | bookdata.pipeline.products | Kategori 'Yabancı Dilde Tarih Kitapları ': 1 sayfa, 1 ürün
2026-08-11 19:03:58,957 | INFO    | bookdata.pipeline.products | Kategori 'Çocuk 4-5 Yaş Kitapları': 1 sayfa, 12 ürün
2026-08-11 19:03:59,074 | INFO    | bookdata.pipeline.products | Kategori 'Hamilelik ve Doğum Kitapları': 1 sayfa, 6 ürün
2026-08-11 19:03:59,203 | INFO    | bookdata.pipeline.products | Kategori 'İstanbul Rehberi Kitapları': 1 sayfa, 12 ürün
2026-08-11 19:03:59,382 | INFO    | bookdata.pipeline.products | Kategori 'Anı - Mektup - Günlük Kitapları': 1 sayfa, 12 ürün
2026-08-11 19:03:59,508 | INFO    | bookdata.pipeline.products | Kategori 'Yunan Mitolojisi Kitapları': 1 sayfa, 11 ürün
2026-08-11 19:03:59,637 | INFO    | bookdata.pipeline.products | Kategori 'Yabancı Dilde Edebiyat Kitapları': 1 sayfa, 12 ürün
2026-08-11 19:03:59,780 | INFO    | bookdata.pipeline.products | Kategori 'En Çok Satan Biyografi Kitapları': 1 sayfa, 12 ürün
2026-08-11 19:03:59,948 | INFO    | bookdata.pipeline.products | Kategori 'Türk Edebiyatı Romanları': 1 sayfa, 12 ürün
2026-08-11 19:04:00,057 | INFO    | bookdata.pipeline.products | Kategori 'Biyoloji - Genetik Kitapları': 1 sayfa, 1 ürün
2026-08-11 19:04:00,170 | INFO    | bookdata.pipeline.products | Kategori 'Tarihi Belgeler Kitapları': 1 sayfa, 2 ürün
2026-08-11 19:04:00,300 | INFO    | bookdata.pipeline.products | Kategori 'İspanyol Edebiyatı': 1 sayfa, 12 ürün
2026-08-11 19:04:00,472 | INFO    | bookdata.pipeline.products | Kategori 'Dünya Tarihi Kitapları': 1 sayfa, 12 ürün
2026-08-11 19:04:00,604 | INFO    | bookdata.pipeline.products | Kategori 'En Çok Satan Seri Katil Kitapları': 1 sayfa, 11 ürün
2026-08-11 19:04:00,716 | INFO    | bookdata.pipeline.products | Kategori 'Seyahatname Kitapları': 1 sayfa, 3 ürün
2026-08-11 19:04:00,848 | INFO    | bookdata.pipeline.products | Kategori 'Türk Klasikleri Kitapları': 1 sayfa, 12 ürün
2026-08-11 19:04:01,020 | INFO    | bookdata.pipeline.products | Kategori 'Din Eğitimi Kitapları': 1 sayfa, 12 ürün
2026-08-11 19:04:01,137 | INFO    | bookdata.pipeline.products | Kategori 'Anadolu Tarihi Kitapları': 1 sayfa, 3 ürün
2026-08-11 19:04:01,268 | INFO    | bookdata.pipeline.products | Kategori 'Biyografi Otobiyografi Kitapları': 1 sayfa, 12 ürün
2026-08-11 19:04:01,401 | INFO    | bookdata.pipeline.products | Kategori 'Edebiyat Kitapları': 1 sayfa, 12 ürün
2026-08-11 19:04:01,574 | INFO    | bookdata.pipeline.products | Kategori 'Kürt Edebiyatı': 1 sayfa, 12 ürün
2026-08-11 19:04:01,702 | INFO    | bookdata.pipeline.products | Kategori 'Takvim Ve Planlayıcılar': 1 sayfa, 12 ürün
2026-08-11 19:04:01,841 | INFO    | bookdata.pipeline.products | Kategori 'Ofis Malzemeleri': 1 sayfa, 12 ürün
2026-08-11 19:04:02,012 | INFO    | bookdata.pipeline.products | Kategori '1. Sınıf Kitapları': 1 sayfa, 12 ürün
2026-08-11 19:04:02,142 | INFO    | bookdata.pipeline.products | Kategori 'Çocuk Referans Kitaplar': 1 sayfa, 12 ürün
2026-08-11 19:04:02,274 | INFO    | bookdata.pipeline.products | Kategori 'Yoga Meditasyon Kitapları': 1 sayfa, 12 ürün
2026-08-11 19:04:02,408 | INFO    | bookdata.pipeline.products | Kategori 'Ülke Rehberi Kitapları': 1 sayfa, 12 ürün
2026-08-11 19:04:02,591 | INFO    | bookdata.pipeline.products | Kategori 'Seçili Araştırma ve Tarih Kitapları': 1 sayfa, 12 ürün
2026-08-11 19:04:02,721 | INFO    | bookdata.pipeline.products | Kategori 'Gezi ve Rehber Kitapları': 1 sayfa, 12 ürün
2026-08-11 19:04:02,834 | INFO    | bookdata.pipeline.products | Kategori 'Tarih - Mitoloji Kitapları': 1 sayfa, 2 ürün
2026-08-11 19:04:02,948 | INFO    | bookdata.pipeline.products | Kategori 'Sosyal Tarih Kitapları': 1 sayfa, 2 ürün
2026-08-11 19:04:03,119 | INFO    | bookdata.pipeline.products | Kategori '100 Temel Eser Kitapları': 1 sayfa, 12 ürün
2026-08-11 19:04:03,256 | INFO    | bookdata.pipeline.products | Kategori 'Türkiye ve Cumhuriyet Tarihi Kitapları': 1 sayfa, 12 ürün
2026-08-11 19:04:03,399 | INFO    | bookdata.pipeline.products | Kategori 'Hikayeler': 1 sayfa, 12 ürün
2026-08-11 19:04:03,535 | INFO    | bookdata.pipeline.products | Kategori 'Dünya Klasikleri TOP 50': 1 sayfa, 12 ürün
2026-08-11 19:04:03,721 | INFO    | bookdata.pipeline.products | Kategori 'Gençlik Edebiyatı': 1 sayfa, 12 ürün
2026-08-11 19:04:03,850 | INFO    | bookdata.pipeline.products | Kategori 'Sağlık Kitapları': 1 sayfa, 12 ürün
2026-08-11 19:04:03,991 | INFO    | bookdata.pipeline.products | Kategori '4. Sınıf Kitapları': 1 sayfa, 12 ürün
2026-08-11 19:04:04,163 | INFO    | bookdata.pipeline.products | Kategori 'Çocuk Boyama Kitapları': 1 sayfa, 12 ürün
2026-08-11 19:04:04,289 | INFO    | bookdata.pipeline.products | Kategori '3-6 Yaş Kitapları': 1 sayfa, 12 ürün
2026-08-11 19:04:04,417 | INFO    | bookdata.pipeline.products | Kategori 'Alternatif Tıp Şifalı Bitkiler Kitapları': 1 sayfa, 12 ürün
2026-08-11 19:04:04,529 | INFO    | bookdata.pipeline.products | Kategori 'Psikoloji Akımları Kitapları': 1 sayfa, 2 ürün
2026-08-11 19:04:04,683 | INFO    | bookdata.pipeline.products | Kategori 'Sosyal Psikoloji Kitapları ': 1 sayfa, 2 ürün
2026-08-11 19:04:04,814 | INFO    | bookdata.pipeline.products | Kategori 'Seyahatname Kitapları': 1 sayfa, 12 ürün
2026-08-11 19:04:04,955 | INFO    | bookdata.pipeline.products | Kategori 'Masallar': 1 sayfa, 12 ürün
2026-08-11 19:04:05,086 | INFO    | bookdata.pipeline.products | Kategori 'Gezi ve Rehber Referans Kitapları': 1 sayfa, 12 ürün
2026-08-11 19:04:05,240 | INFO    | bookdata.pipeline.products | Kategori 'Psikiyatri Kitapları': 1 sayfa, 1 ürün
2026-08-11 19:04:05,372 | INFO    | bookdata.pipeline.products | Kategori 'Okunması Gereken Şiir Kitapları': 1 sayfa, 12 ürün
2026-08-11 19:04:05,515 | INFO    | bookdata.pipeline.products | Kategori 'En Sevilen Çocuk Kitabı Setleri': 1 sayfa, 12 ürün
2026-08-11 19:04:05,648 | INFO    | bookdata.pipeline.products | Kategori '0-3 Yaş Kitapları': 1 sayfa, 12 ürün
2026-08-11 19:04:05,830 | INFO    | bookdata.pipeline.products | Kategori 'Roman ve Öykü Kitapları': 1 sayfa, 12 ürün
2026-08-11 19:04:05,961 | INFO    | bookdata.pipeline.products | Kategori 'Türk Edebiyatı TOP 50': 1 sayfa, 12 ürün
2026-08-11 19:04:06,195 | INFO    | bookdata.pipeline.products | Kategori 'Çocuk Etkinlik Kitapları': 1 sayfa, 12 ürün
2026-08-11 19:04:06,376 | INFO    | bookdata.pipeline.products | Kategori 'Önemli Olaylar ve Biyografi ve Otobiyografi Kitapları': 1 sayfa, 12 ürün
2026-08-11 19:04:06,508 | INFO    | bookdata.pipeline.products | Kategori 'Tarihi Romanlar': 1 sayfa, 12 ürün
2026-08-11 19:04:06,637 | INFO    | bookdata.pipeline.products | Kategori 'Genel Sağlık Kitapları': 1 sayfa, 12 ürün
2026-08-11 19:04:06,771 | INFO    | bookdata.pipeline.products | Kategori 'Bilim Kurgu Kitapları': 1 sayfa, 12 ürün
2026-08-11 19:04:06,944 | INFO    | bookdata.pipeline.products | Kategori 'Yetişkin Masal Kitapları': 1 sayfa, 9 ürün
2026-08-11 19:04:07,086 | INFO    | bookdata.pipeline.products | Kategori 'Aforizma': 1 sayfa, 12 ürün
2026-08-11 19:04:07,219 | INFO    | bookdata.pipeline.products | Kategori 'Annelik ve Çocuk Bakımı Kitapları': 1 sayfa, 12 ürün
2026-08-11 19:04:07,397 | INFO    | bookdata.pipeline.products | Kategori 'Kinetik Kumlar': 1 sayfa, 12 ürün
2026-08-11 19:04:07,512 | INFO    | bookdata.pipeline.products | Kategori 'Psikiyatri ve Psikanaliz Kitapları': 1 sayfa, 5 ürün
2026-08-11 19:04:07,642 | INFO    | bookdata.pipeline.products | Kategori 'Psikoloji Başvuru Kitapları': 1 sayfa, 12 ürün
2026-08-11 19:04:07,774 | INFO    | bookdata.pipeline.products | Kategori 'Söyleşi Kitapları': 1 sayfa, 12 ürün
2026-08-11 19:04:08,055 | INFO    | bookdata.pipeline.products | Kategori 'Çocuk Dil Eğitimi Kitapları': 1 sayfa, 4 ürün
2026-08-11 19:04:08,155 | INFO    | bookdata.pipeline.products | Kategori 'Çok Satanlar': ürün bulunamadı (1 sayfa)
2026-08-11 19:04:08,286 | INFO    | bookdata.pipeline.products | Kategori 'Fantastik Çocuk Kitapları': 1 sayfa, 12 ürün
2026-08-11 19:04:08,466 | INFO    | bookdata.pipeline.products | Kategori 'Kent Rehberleri': 1 sayfa, 12 ürün
2026-08-11 19:04:08,596 | INFO    | bookdata.pipeline.products | Kategori 'Çocuk Kitabı TOP 50': 1 sayfa, 12 ürün
2026-08-11 19:04:08,727 | INFO    | bookdata.pipeline.products | Kategori 'Başvuru Kitapları': 1 sayfa, 12 ürün
2026-08-11 19:04:08,859 | INFO    | bookdata.pipeline.products | Kategori 'Türkiye Rehber Kitapları': 1 sayfa, 12 ürün
2026-08-11 19:04:09,057 | INFO    | bookdata.pipeline.products | Kategori 'Çok Satan Çizgi Romanlar': 1 sayfa, 12 ürün
2026-08-11 19:04:09,186 | INFO    | bookdata.pipeline.products | Kategori 'En Çok Okunan Bilim Kurgu Kitapları': 1 sayfa, 12 ürün
2026-08-11 19:04:09,305 | INFO    | bookdata.pipeline.products | Kategori 'Edebiyat Referans Kitaplar': 1 sayfa, 3 ürün
2026-08-11 19:04:09,445 | INFO    | bookdata.pipeline.products | Kategori 'Çocuk Psikolojisi Kitapları': 1 sayfa, 12 ürün
2026-08-11 19:04:09,728 | INFO    | bookdata.pipeline.products | Kategori 'Araştırma - İnceleme Kitapları': 1 sayfa, 12 ürün
2026-08-11 19:04:09,859 | INFO    | bookdata.pipeline.products | Kategori 'İtalyan Edebiyatı': 1 sayfa, 12 ürün
2026-08-11 19:04:09,974 | INFO    | bookdata.pipeline.products | Kategori 'Yazıcı ve Fotokopi Kağıtları': 1 sayfa, 5 ürün
2026-08-11 19:04:10,167 | INFO    | bookdata.pipeline.products | Kategori 'Efsane ve Destan Kitapları': 1 sayfa, 12 ürün
2026-08-11 19:04:10,301 | INFO    | bookdata.pipeline.products | Kategori 'Latin Edebiyatı': 1 sayfa, 12 ürün
2026-08-11 19:04:10,431 | INFO    | bookdata.pipeline.products | Kategori 'İngiliz Edebiyatı': 1 sayfa, 12 ürün
2026-08-11 19:04:10,557 | INFO    | bookdata.pipeline.products | Kategori 'Genel Ülke Edebiyatları Kitapları': 1 sayfa, 12 ürün
2026-08-11 19:04:10,726 | INFO    | bookdata.pipeline.products | Kategori 'Araç ve Gereçler': 1 sayfa, 2 ürün
2026-08-11 19:04:10,866 | INFO    | bookdata.pipeline.products | Kategori 'National Geographic Kids': 1 sayfa, 12 ürün
2026-08-11 19:04:11,000 | INFO    | bookdata.pipeline.products | Kategori 'Bilimsel Kitaplar': 1 sayfa, 12 ürün
2026-08-11 19:04:11,134 | INFO    | bookdata.pipeline.products | Kategori 'Tarih Kitapları': 1 sayfa, 12 ürün
2026-08-11 19:04:11,321 | INFO    | bookdata.pipeline.products | Kategori 'Okul Öncesi Şekilli Kitaplar': 1 sayfa, 12 ürün
2026-08-11 19:04:11,550 | INFO    | bookdata.pipeline.products | Kategori 'Tavsiye Kitapları': 1 sayfa, 12 ürün
2026-08-11 19:04:11,679 | INFO    | bookdata.pipeline.products | Kategori 'Türkiye - Yakın Tarih Kitapları': 1 sayfa, 12 ürün
2026-08-11 19:04:11,868 | INFO    | bookdata.pipeline.products | Kategori 'Casusluk Kitapları': 1 sayfa, 12 ürün
2026-08-11 19:04:11,991 | INFO    | bookdata.pipeline.products | Kategori 'Antik Mısır Kitapları': 1 sayfa, 8 ürün
2026-08-11 19:04:12,124 | INFO    | bookdata.pipeline.products | Kategori 'Çocuk Bilim Kitapları': 1 sayfa, 12 ürün
2026-08-11 19:04:12,309 | INFO    | bookdata.pipeline.products | Kategori 'En İyi Korku Kitapları': 1 sayfa, 12 ürün
2026-08-11 19:04:12,446 | INFO    | bookdata.pipeline.products | Kategori 'En Çok Satan 100 Tarih Kitabı': 1 sayfa, 12 ürün
2026-08-11 19:04:12,578 | INFO    | bookdata.pipeline.products | Kategori 'Çocuk Şiir Kitapları': 1 sayfa, 12 ürün
2026-08-11 19:04:12,688 | INFO    | bookdata.pipeline.products | Kategori 'Nöroloji Kitapları': 1 sayfa, 1 ürün
2026-08-11 19:04:12,893 | INFO    | bookdata.pipeline.products | Kategori 'Tarih Felsefesi Kitapları': 1 sayfa, 12 ürün
2026-08-11 19:04:13,025 | INFO    | bookdata.pipeline.products | Kategori 'Çocuk Rehber - Kişisel Gelişim Kitapları': 1 sayfa, 12 ürün
2026-08-11 19:04:13,156 | INFO    | bookdata.pipeline.products | Kategori 'Dosya ve Klasörler': 1 sayfa, 12 ürün
2026-08-11 19:04:13,438 | INFO    | bookdata.pipeline.products | Kategori 'Selçuklu Dönemi Kitapları': 1 sayfa, 5 ürün
2026-08-11 19:04:13,545 | INFO    | bookdata.pipeline.products | Kategori 'Tahta ve Panolar': ürün bulunamadı (1 sayfa)
2026-08-11 19:04:13,658 | INFO    | bookdata.pipeline.products | Kategori 'İlaç Rehber Kitapları': 1 sayfa, 1 ürün
2026-08-11 19:04:13,800 | INFO    | bookdata.pipeline.products | Kategori 'Biyografi ve Otobiyografi Kitapları': 1 sayfa, 12 ürün
2026-08-11 19:04:13,983 | INFO    | bookdata.pipeline.products | Kategori 'Amerika Tarihi Kitapları': ürün bulunamadı (1 sayfa)
2026-08-11 19:04:14,112 | INFO    | bookdata.pipeline.products | Kategori 'Genel Edebiyat Kitapları': 1 sayfa, 12 ürün
2026-08-11 19:04:14,241 | INFO    | bookdata.pipeline.products | Kategori 'En Çok Satan Gizemli Kitaplar': 1 sayfa, 12 ürün
2026-08-11 19:04:14,379 | INFO    | bookdata.pipeline.products | Kategori 'Gençlik Ortaokul Kitapları': 1 sayfa, 12 ürün
2026-08-11 19:04:14,570 | INFO    | bookdata.pipeline.products | Kategori 'Yakın Tarih Kitapları': 1 sayfa, 12 ürün
2026-08-11 19:04:14,804 | INFO    | bookdata.pipeline.products | Kategori 'Genel Çocuk Kitapları': 1 sayfa, 12 ürün
2026-08-11 19:04:15,094 | INFO    | bookdata.pipeline.products | Kategori 'Tüm Kategoriler': ürün bulunamadı (1 sayfa)
2026-08-11 19:04:15,223 | INFO    | bookdata.pipeline.products | Kategori 'Kağıt Ürünleri': 1 sayfa, 12 ürün
2026-08-11 19:04:15,335 | INFO    | bookdata.pipeline.products | Kategori 'Coğrafya ve Genel Kitaplar': 1 sayfa, 1 ürün
2026-08-11 19:04:15,470 | INFO    | bookdata.pipeline.products | Kategori 'Politik - Kurgu Kitapları': 1 sayfa, 12 ürün
2026-08-11 19:04:15,678 | INFO    | bookdata.pipeline.products | Kategori 'En Çok Satan Dünya Tarihi Kitapları': 1 sayfa, 12 ürün
2026-08-11 19:04:15,818 | INFO    | bookdata.pipeline.products | Kategori 'Gençlik Lise Kitapları': 1 sayfa, 12 ürün
2026-08-11 19:04:15,947 | INFO    | bookdata.pipeline.products | Kategori 'Yapbozlu Kitapları': 1 sayfa, 12 ürün
2026-08-11 19:04:16,074 | INFO    | bookdata.pipeline.products | Kategori 'En Çok Okunan Cumhuriyet Tarihi Kitapları': 1 sayfa, 12 ürün
2026-08-11 19:04:16,377 | INFO    | bookdata.pipeline.products | Kategori 'Defterler': 1 sayfa, 12 ürün
2026-08-11 19:04:16,511 | INFO    | bookdata.pipeline.products | Kategori 'Antoloji Kitapları': 1 sayfa, 12 ürün
2026-08-11 19:04:16,641 | INFO    | bookdata.pipeline.products | Kategori 'Çocuk Bilmece Bulmaca Kitapları': 1 sayfa, 12 ürün
2026-08-11 19:04:16,837 | INFO    | bookdata.pipeline.products | Kategori ' Mizah Kitapları': 1 sayfa, 12 ürün
2026-08-11 19:04:16,949 | INFO    | bookdata.pipeline.products | Kategori 'Ülkeler Tarihi Kitapları': 1 sayfa, 2 ürün
2026-08-11 19:04:17,065 | INFO    | bookdata.pipeline.products | Kategori 'Kurtuluş Savaşı Kitapları': 1 sayfa, 2 ürün
2026-08-11 19:04:17,199 | INFO    | bookdata.pipeline.products | Kategori 'Setler': 1 sayfa, 12 ürün
2026-08-11 19:04:17,460 | INFO    | bookdata.pipeline.products | Kategori 'KPSS Kitapları': ürün bulunamadı (1 sayfa)
2026-08-11 19:04:17,593 | INFO    | bookdata.pipeline.products | Kategori 'Çocuk 0-3 Yaş Kitapları': 1 sayfa, 12 ürün
2026-08-11 19:04:17,722 | INFO    | bookdata.pipeline.products | Kategori 'Divan Edebiyatı ve Halk Edebiyatı Kitapları': 1 sayfa, 12 ürün
2026-08-11 19:04:17,912 | INFO    | bookdata.pipeline.products | Kategori 'Tarihi Kişilikler Kitapları': 1 sayfa, 6 ürün
2026-08-11 19:04:18,047 | INFO    | bookdata.pipeline.products | Kategori '2. Sınıf Kitapları': 1 sayfa, 12 ürün
2026-08-11 19:04:18,182 | INFO    | bookdata.pipeline.products | Kategori 'Denemeler': 1 sayfa, 12 ürün
2026-08-11 19:04:18,311 | INFO    | bookdata.pipeline.products | Kategori 'Karikatürler': 1 sayfa, 12 ürün
2026-08-11 19:04:18,514 | INFO    | bookdata.pipeline.products | Kategori 'Ekol ve Yaklaşım Kitapları': 1 sayfa, 12 ürün
2026-08-11 19:04:18,647 | INFO    | bookdata.pipeline.products | Kategori 'Çizgi Roman - Anime ve Mangalar': 1 sayfa, 12 ürün
2026-08-11 19:04:18,780 | INFO    | bookdata.pipeline.products | Kategori 'Din Psikolojisi Kitapları': 1 sayfa, 12 ürün
2026-08-11 19:04:18,979 | INFO    | bookdata.pipeline.products | Kategori 'En Çok Satan Otobiyografi Kitapları': 1 sayfa, 12 ürün
2026-08-11 19:04:19,196 | INFO    | bookdata.pipeline.products | Kategori 'Sağlıklı Yaşam Kitapları': 1 sayfa, 7 ürün
2026-08-11 19:04:19,331 | INFO    | bookdata.pipeline.products | Kategori 'Amerikan Edebiyatı': 1 sayfa, 12 ürün
2026-08-11 19:04:19,545 | INFO    | bookdata.pipeline.products | Kategori 'Okul Öncesi Resimli Kitaplar': 1 sayfa, 12 ürün
2026-08-11 19:04:19,678 | INFO    | bookdata.pipeline.products | Kategori 'Eğitim Psikolojisi Kitapları': 1 sayfa, 12 ürün
2026-08-11 19:04:19,809 | INFO    | bookdata.pipeline.products | Kategori 'Eğitici ve Öğretici Çocuk Kitapları': 1 sayfa, 12 ürün
2026-08-11 19:04:19,938 | INFO    | bookdata.pipeline.products | Kategori 'Ölçü ve Çizim Malzemeleri': 1 sayfa, 12 ürün
2026-08-11 19:04:20,136 | INFO    | bookdata.pipeline.products | Kategori 'Alman Edebiyatı Kitapları': 1 sayfa, 12 ürün
2026-08-11 19:04:20,269 | INFO    | bookdata.pipeline.products | Kategori 'Tiyatro ve Piyes Kitapları': 1 sayfa, 12 ürün
2026-08-11 19:04:20,406 | INFO    | bookdata.pipeline.products | Kategori 'Dünya Çocuk Klasikleri': 1 sayfa, 12 ürün
2026-08-11 19:04:20,539 | INFO    | bookdata.pipeline.products | Kategori '100 Temel Eser': 1 sayfa, 12 ürün
2026-08-11 19:04:20,738 | INFO    | bookdata.pipeline.products | Kategori 'Uzakdoğu Edebiyatı': 1 sayfa, 12 ürün
2026-08-11 19:04:20,966 | INFO    | bookdata.pipeline.products | Kategori 'Araştırma ve İnceleme Kitapları': 1 sayfa, 12 ürün
2026-08-11 19:04:21,103 | INFO    | bookdata.pipeline.products | Kategori 'Polisiye Romanlar': 1 sayfa, 12 ürün
2026-08-11 19:04:21,297 | INFO    | bookdata.pipeline.products | Kategori 'Anlatı Kitapları': 1 sayfa, 12 ürün
2026-08-11 19:04:21,415 | INFO    | bookdata.pipeline.products | Kategori 'Periyodik Yayınlar': 1 sayfa, 3 ürün
2026-08-11 19:04:21,531 | INFO    | bookdata.pipeline.products | Kategori 'Slime ve Malzemeleri': 1 sayfa, 5 ürün
2026-08-11 19:04:21,664 | INFO    | bookdata.pipeline.products | Kategori 'En Çok Satan Diyet Kitapları': 1 sayfa, 12 ürün
2026-08-11 19:04:21,862 | INFO    | bookdata.pipeline.products | Kategori 'Psikolojik Kitaplar': 1 sayfa, 12 ürün
2026-08-11 19:04:22,000 | INFO    | bookdata.pipeline.products | Kategori 'Çocuk İlkokul Kitapları': 1 sayfa, 12 ürün
2026-08-11 19:04:22,137 | INFO    | bookdata.pipeline.products | Kategori 'Osmanlı Tarihi Kitapları': 1 sayfa, 12 ürün
2026-08-11 19:04:22,333 | INFO    | bookdata.pipeline.products | Kategori 'Korku ve Gerilim Edebiyatı': 1 sayfa, 12 ürün
2026-08-11 19:04:22,571 | INFO    | bookdata.pipeline.products | Kategori 'Şiir Kitapları': 1 sayfa, 12 ürün
2026-08-11 19:04:22,681 | INFO    | bookdata.pipeline.products | Kategori 'Yabancı Dilde Psikoloji Kitapları': ürün bulunamadı (1 sayfa)
2026-08-11 19:04:22,883 | INFO    | bookdata.pipeline.products | Kategori 'En Çok Satan Osmanlı Kitapları': 1 sayfa, 12 ürün
2026-08-11 19:04:22,997 | INFO    | bookdata.pipeline.products | Kategori 'Psikolojik Araştırma Teknikleri Kitapları': 1 sayfa, 1 ürün
2026-08-11 19:04:23,134 | INFO    | bookdata.pipeline.products | Kategori 'Roman': 1 sayfa, 12 ürün
2026-08-11 19:04:23,265 | INFO    | bookdata.pipeline.products | Kategori 'Senaryo Kitapları': 1 sayfa, 12 ürün
2026-08-11 19:04:23,478 | INFO    | bookdata.pipeline.products | Kategori 'Çocuk Gelişimi Kitapları': 1 sayfa, 12 ürün
2026-08-11 19:04:23,611 | INFO    | bookdata.pipeline.products | Kategori '3. Sınıf Kitapları': 1 sayfa, 12 ürün
2026-08-11 19:04:23,751 | INFO    | bookdata.pipeline.products | Kategori 'Genel Tarih Kitapları ': 1 sayfa, 12 ürün
2026-08-11 19:04:23,882 | INFO    | bookdata.pipeline.products | Kategori 'Matbu Evraklar ve Makbuzlar': 1 sayfa, 12 ürün
2026-08-11 19:04:24,159 | INFO    | bookdata.pipeline.products | Kategori 'Anatomi Kitapları': 1 sayfa, 1 ürün
2026-08-11 19:04:24,295 | INFO    | bookdata.pipeline.products | Kategori 'Gelişim Psikolojisi Kitapları': 1 sayfa, 12 ürün
2026-08-11 19:04:24,427 | INFO    | bookdata.pipeline.products | Kategori 'En Çok Satan Fantastik Kitaplar': 1 sayfa, 12 ürün
2026-08-11 19:04:24,624 | INFO    | bookdata.pipeline.products | Kategori 'Çıkartmalı Kitaplar': 1 sayfa, 12 ürün
2026-08-11 19:04:24,738 | INFO    | bookdata.pipeline.products | Kategori 'Fizik Tedavi ve Rehabilitasyon Kitapları': 1 sayfa, 1 ürün
2026-08-11 19:04:24,870 | INFO    | bookdata.pipeline.products | Kategori 'Sağlık İletişimi Kitapları': 1 sayfa, 12 ürün
2026-08-11 19:04:25,003 | INFO    | bookdata.pipeline.products | Kategori 'Fransız Edebiyatı Kitapları': 1 sayfa, 12 ürün
2026-08-11 19:04:25,207 | INFO    | bookdata.pipeline.products | Kategori 'Fantastik Kitaplar': 1 sayfa, 12 ürün
2026-08-11 19:04:25,342 | INFO    | bookdata.pipeline.products | Kategori 'Derlemeler': 1 sayfa, 12 ürün
2026-08-11 19:04:25,573 | INFO    | bookdata.pipeline.products | Kategori 'Dil Bilimi Kitapları': 1 sayfa, 12 ürün
2026-08-11 19:04:25,804 | INFO    | bookdata.pipeline.products | Kategori 'I. Dünya Savaşı Kitapları': 1 sayfa, 12 ürün
2026-08-11 19:04:25,942 | INFO    | bookdata.pipeline.products | Kategori 'Dokun Hisset Kitapları': 1 sayfa, 10 ürün
2026-08-11 19:04:26,121 | INFO    | bookdata.pipeline.products | Kategori 'Eğitim - Okula Yardımcı Kitaplar': 1 sayfa, 27 ürün
2026-08-11 19:04:26,316 | INFO    | bookdata.pipeline.products | Kategori 'Cinsellik Kitapları': 1 sayfa, 12 ürün
2026-08-11 19:04:26,450 | INFO    | bookdata.pipeline.products | Kategori 'Etkinlik Kitapları': 1 sayfa, 12 ürün
2026-08-11 19:04:26,589 | INFO    | bookdata.pipeline.products | Kategori 'Çocuk 6-7 Yaş Kitapları': 1 sayfa, 12 ürün
2026-08-11 19:04:26,722 | INFO    | bookdata.pipeline.products | Kategori 'En Çok Okunan Suç Kitapları': 1 sayfa, 12 ürün
2026-08-11 19:04:26,922 | INFO    | bookdata.pipeline.products | Kategori 'Psikolojik Danışma Kitapları ': 1 sayfa, 8 ürün
2026-08-11 19:04:27,052 | INFO    | bookdata.pipeline.products | Kategori 'En Çok Satan Selçuklu Tarihi Kitapları': 1 sayfa, 12 ürün
2026-08-11 19:04:27,195 | INFO    | bookdata.pipeline.products | Kategori 'Yapıştırıcı ve Bantlar': 1 sayfa, 12 ürün
2026-08-11 19:04:27,323 | INFO    | bookdata.pipeline.products | Kategori 'Okul Öncesi Çocuk Kitapları': 1 sayfa, 12 ürün
2026-08-11 19:04:27,619 | INFO    | bookdata.pipeline.products | Kategori 'Aile Sağlığı Kitapları': 1 sayfa, 12 ürün
2026-08-11 19:04:27,752 | INFO    | bookdata.pipeline.products | Kategori 'Ofis Makineleri': 1 sayfa, 12 ürün
2026-08-11 19:04:27,891 | INFO    | bookdata.pipeline.products | Kategori 'Çocuk Kitapları': 1 sayfa, 12 ürün
2026-08-11 19:04:28,096 | INFO    | bookdata.pipeline.products | Kategori 'Psikoloji': 1 sayfa, 12 ürün
2026-08-11 19:04:28,240 | INFO    | bookdata.pipeline.products | Kategori 'Türk Tarihi Araştırmaları Kitapları': 1 sayfa, 12 ürün
2026-08-11 19:04:28,375 | INFO    | bookdata.pipeline.products | Kategori 'Ajanda,Takvim Ve Planlayıcılar': 1 sayfa, 12 ürün
2026-08-11 19:04:28,558 | INFO    | bookdata.pipeline.products | Kategori 'Bölgeler Tarihi Kitapları': 1 sayfa, 3 ürün
2026-08-11 19:04:28,687 | INFO    | bookdata.pipeline.products | Kategori 'En Çok Satan 50 Dünya Klasiği': 1 sayfa, 12 ürün
2026-08-11 19:04:28,824 | INFO    | bookdata.pipeline.products | Kategori 'Ortadoğu - Arap Edebiyatı Kitapları': 1 sayfa, 12 ürün
2026-08-11 19:04:28,959 | INFO    | bookdata.pipeline.products | Kategori '5. Sınıf Kitapları': 1 sayfa, 12 ürün
2026-08-11 19:04:29,263 | INFO    | bookdata.pipeline.products | Kategori 'Yabancı Dilde Çocuk Kitapları': 1 sayfa, 12 ürün
2026-08-11 19:04:29,407 | INFO    | bookdata.pipeline.products | Kategori 'Öykü Kitapları': 1 sayfa, 12 ürün
2026-08-11 19:04:29,549 | INFO    | bookdata.pipeline.products | Kategori 'Eleştiri İnceleme ve Kuram Kitapları': 1 sayfa, 12 ürün
2026-08-11 19:04:29,746 | INFO    | bookdata.pipeline.products | Kategori 'Göktürk Tarihi Kitapları': 1 sayfa, 9 ürün
2026-08-11 19:04:29,878 | INFO    | bookdata.pipeline.products | Kategori 'Genel Psikoloji Kitapları': 1 sayfa, 12 ürün
2026-08-11 19:04:30,010 | INFO    | bookdata.pipeline.products | Kategori 'Gezi ve Rehber Kitapları': 1 sayfa, 12 ürün
2026-08-11 19:04:30,144 | INFO    | bookdata.pipeline.products | Kategori 'En Çok Okunan Karikatür Kitapları': 1 sayfa, 12 ürün
2026-08-11 19:04:30,352 | INFO    | bookdata.pipeline.products | Kategori 'Klasik Romanlar ve Kitapları': 1 sayfa, 12 ürün
2026-08-11 19:04:30,489 | INFO    | bookdata.pipeline.products | Kategori 'Sessiz Kitaplar': 1 sayfa, 12 ürün
2026-08-11 19:04:30,620 | INFO    | bookdata.pipeline.products | Kategori 'En Çok Satan Gerilim Kitapları': 1 sayfa, 12 ürün
2026-08-11 19:04:30,757 | INFO    | bookdata.pipeline.products | Kategori 'Çizgi Roman Kitapları': 1 sayfa, 12 ürün
2026-08-11 19:04:31,178 | INFO    | bookdata.pipeline.products | Kategori 'Sanatsal Malzemeler': 1 sayfa, 12 ürün
2026-08-11 19:04:31,310 | INFO    | bookdata.pipeline.products | Kategori 'Özel Eğitim Çocuk Kitapları': 1 sayfa, 12 ürün
2026-08-11 19:04:31,510 | INFO    | bookdata.pipeline.products | Kategori 'En Çok Okunan Türk Tarihi Kitapları': 1 sayfa, 12 ürün
2026-08-11 19:04:31,644 | INFO    | bookdata.pipeline.products | Kategori 'Rus Edebiyatı': 1 sayfa, 12 ürün
2026-08-11 19:04:31,779 | INFO    | bookdata.pipeline.products | Kategori 'Çocuk Boyama Kitapları': 1 sayfa, 12 ürün
2026-08-11 19:04:31,990 | INFO    | bookdata.pipeline.products | Kategori 'Aşk Kitapları': 1 sayfa, 12 ürün
2026-08-11 19:04:32,104 | INFO    | bookdata.pipeline.products | Kategori 'Milletler Tarihi Kitapları': ürün bulunamadı (1 sayfa)
2026-08-11 19:04:32,216 | INFO    | bookdata.pipeline.products | Kategori 'Arkeoloji Kitapları': 1 sayfa, 2 ürün
2026-08-11 19:04:32,346 | INFO    | bookdata.pipeline.products | Kategori 'II. Dünya Savaşı Kitapları': 1 sayfa, 12 ürün
2026-08-11 19:04:32,553 | INFO    | bookdata.pipeline.products | Kategori 'Bilim Kurgu Kitapları': 1 sayfa, 7 ürün
2026-08-11 19:04:32,895 | INFO    | bookdata.pipeline.products | Kategori 'Çocuk Çizgi Roman Kitapları': 1 sayfa, 12 ürün
2026-08-11 19:04:33,003 | INFO    | bookdata.pipeline.products | Kategori 'Histoloji ve Embriyoloji Kitapları': 1 sayfa, 1 ürün
2026-08-11 19:04:33,213 | INFO    | bookdata.pipeline.products | Kategori 'Kalemler ve Yazı Gereçleri': 1 sayfa, 12 ürün
2026-08-11 19:04:33,358 | INFO    | bookdata.pipeline.products | Kategori 'Boyalar ve Boya Ürünleri': 1 sayfa, 12 ürün
2026-08-11 19:04:33,487 | INFO    | bookdata.pipeline.products | Kategori 'Beslenme ve Diyet Kitapları': 1 sayfa, 12 ürün
2026-08-11 19:04:33,698 | INFO    | bookdata.pipeline.products | Kategori 'Aksiyon ve Macera Kitapları': 1 sayfa, 12 ürün
2026-08-11 19:04:33,827 | INFO    | bookdata.pipeline.products | Kategori 'Çanta ve Mataralar': 1 sayfa, 12 ürün
2026-08-11 19:04:33,956 | INFO    | bookdata.pipeline.products | Kategori 'Zeka Gelişimi Kitapları': 1 sayfa, 12 ürün
2026-08-11 19:04:34,075 | INFO    | bookdata.pipeline.products | Kategori 'Dekoratif Ürünler': 1 sayfa, 7 ürün
2026-08-11 19:04:34,287 | INFO    | bookdata.pipeline.products | Kategori 'Referans Kitaplar': 1 sayfa, 12 ürün
2026-08-11 19:04:34,418 | INFO    | bookdata.pipeline.products | Kategori 'Mustafa Kemal Atatürk Kitapları': 1 sayfa, 12 ürün
2026-08-11 19:04:34,547 | INFO    | bookdata.pipeline.products | Kategori 'Gezi Rehberi Kitapları': 1 sayfa, 12 ürün
2026-08-11 19:04:34,842 | INFO    | bookdata.pipeline.products | Kategori 'İskandinav Edebiyatı': 1 sayfa, 3 ürün
2026-08-11 19:04:59,045 | INFO    | bookdata.pipeline.products | Kategori 'Yayınevi Listesi': ürün bulunamadı (50 sayfa)
2026-08-11 19:05:44,783 | INFO    | bookdata.pipeline.products | Kategori 'Yazar Listesi': ürün bulunamadı (50 sayfa)
2026-08-11 19:05:44,797 | INFO    | bookdata.pipeline.standardize | Standardize edildi: 2380 ham → 2141 ürün
2026-08-11 19:05:45,015 | INFO    | bookdata.pipeline.merge | Fiyat karşılaştırması: 2141 ürünün 2068 tanesinde değişiklik/yeni kayıt
2026-08-11 19:05:45,031 | INFO    | bookdata.adapters.storage | Veri setine 2068 yeni kayıt eklendi: Data/bkm_Datasets.csv
2026-08-11 19:05:45,049 | INFO    | bookdata.pipeline.runner | Özet: 246 kategori bulundu, 234 işlendi; 2141 ürün → 2068 kayıt eklendi (toplam 24652). İstek: 333, hata: 0
2026-08-11 19:05:48,386 | INFO    | bookdata.adapters.kaggle | Kaggle yayını tamamlandı: furkanzeki/bkm-book-dataset (2026-08-11)
2026-08-12 07:26:50,898 | INFO    | bookdata.pipeline.filter | Ignore kuralları gereği 12 kategori atlandı (10 desen)
2026-08-12 07:26:51,672 | INFO    | bookdata.pipeline.products | Kategori 'Ofis Malzemeleri': 1 sayfa, 12 ürün
2026-08-12 07:26:51,920 | INFO    | bookdata.pipeline.products | Kategori 'Gezi ve Rehber Kitapları': 1 sayfa, 12 ürün
2026-08-12 07:26:52,054 | INFO    | bookdata.pipeline.products | Kategori 'En Çok Satan Dünya Tarihi Kitapları': 1 sayfa, 12 ürün
2026-08-12 07:26:52,186 | INFO    | bookdata.pipeline.products | Kategori 'En Çok Satan Osmanlı Kitapları': 1 sayfa, 12 ürün
2026-08-12 07:26:52,324 | INFO    | bookdata.pipeline.products | Kategori 'En Çok Satan Biyografi Kitapları': 1 sayfa, 12 ürün
2026-08-12 07:26:52,498 | INFO    | bookdata.pipeline.products | Kategori 'Latin Edebiyatı': 1 sayfa, 12 ürün
2026-08-12 07:26:52,633 | INFO    | bookdata.pipeline.products | Kategori 'Çanta ve Mataralar': 1 sayfa, 12 ürün
2026-08-12 07:26:52,761 | INFO    | bookdata.pipeline.products | Kategori 'En Çok Satan 100 Tarih Kitabı': 1 sayfa, 12 ürün
2026-08-12 07:26:52,896 | INFO    | bookdata.pipeline.products | Kategori 'Derlemeler': 1 sayfa, 12 ürün
2026-08-12 07:26:53,083 | INFO    | bookdata.pipeline.products | Kategori 'Öykü Kitapları': 1 sayfa, 12 ürün
2026-08-12 07:26:53,215 | INFO    | bookdata.pipeline.products | Kategori 'Biyografi Otobiyografi Kitapları': 1 sayfa, 12 ürün
2026-08-12 07:26:53,345 | INFO    | bookdata.pipeline.products | Kategori 'Gençlik Edebiyatı': 1 sayfa, 12 ürün
2026-08-12 07:26:53,790 | INFO    | bookdata.pipeline.products | Kategori 'Araştırma - İnceleme Kitapları': 1 sayfa, 12 ürün
2026-08-12 07:26:53,966 | INFO    | bookdata.pipeline.products | Kategori 'Sağlık İletişimi Kitapları': 1 sayfa, 12 ürün
2026-08-12 07:26:54,098 | INFO    | bookdata.pipeline.products | Kategori 'Dünya Çocuk Klasikleri': 1 sayfa, 12 ürün
2026-08-12 07:26:54,924 | INFO    | bookdata.pipeline.products | Kategori 'Dokun Hisset Kitapları': 1 sayfa, 10 ürün
2026-08-12 07:26:55,123 | INFO    | bookdata.pipeline.products | Kategori 'Hikayeler': 1 sayfa, 12 ürün
2026-08-12 07:26:55,254 | INFO    | bookdata.pipeline.products | Kategori 'Türk Edebiyatı Romanları': 1 sayfa, 12 ürün
2026-08-12 07:26:55,380 | INFO    | bookdata.pipeline.products | Kategori '2. Sınıf Kitapları': 1 sayfa, 12 ürün
2026-08-12 07:26:55,523 | INFO    | bookdata.pipeline.products | Kategori 'Eleştiri İnceleme ve Kuram Kitapları': 1 sayfa, 12 ürün
2026-08-12 07:26:55,698 | INFO    | bookdata.pipeline.products | Kategori 'Başvuru Kitapları': 1 sayfa, 12 ürün
2026-08-12 07:26:55,828 | INFO    | bookdata.pipeline.products | Kategori '1. Sınıf Kitapları': 1 sayfa, 12 ürün
2026-08-12 07:26:55,955 | INFO    | bookdata.pipeline.products | Kategori 'Çocuk Boyama Kitapları': 1 sayfa, 12 ürün
2026-08-12 07:26:56,122 | INFO    | bookdata.pipeline.products | Kategori 'Yetişkin Masal Kitapları': 1 sayfa, 9 ürün
2026-08-12 07:26:56,239 | INFO    | bookdata.pipeline.products | Kategori 'Psikolojik Araştırma Teknikleri Kitapları': 1 sayfa, 1 ürün
2026-08-12 07:26:56,379 | INFO    | bookdata.pipeline.products | Kategori 'Çocuk Çizgi Roman Kitapları': 1 sayfa, 12 ürün
2026-08-12 07:26:56,520 | INFO    | bookdata.pipeline.products | Kategori 'Aksiyon ve Macera Kitapları': 1 sayfa, 12 ürün
2026-08-12 07:26:56,676 | INFO    | bookdata.pipeline.products | Kategori 'KPSS Kitapları': ürün bulunamadı (1 sayfa)
2026-08-12 07:26:56,805 | INFO    | bookdata.pipeline.products | Kategori 'Çocuk 4-5 Yaş Kitapları': 1 sayfa, 12 ürün
2026-08-12 07:26:56,986 | INFO    | bookdata.pipeline.products | Kategori 'Eğitim - Okula Yardımcı Kitaplar': 1 sayfa, 27 ürün
2026-08-12 07:26:57,117 | INFO    | bookdata.pipeline.products | Kategori 'Eğitici ve Öğretici Çocuk Kitapları': 1 sayfa, 12 ürün
2026-08-12 07:26:57,293 | INFO    | bookdata.pipeline.products | Kategori 'Sağlık Kitapları': 1 sayfa, 12 ürün
2026-08-12 07:26:57,423 | INFO    | bookdata.pipeline.products | Kategori 'Tarih Felsefesi Kitapları': 1 sayfa, 12 ürün
2026-08-12 07:26:57,532 | INFO    | bookdata.pipeline.products | Kategori 'Biyoloji - Genetik Kitapları': 1 sayfa, 1 ürün
2026-08-12 07:26:57,667 | INFO    | bookdata.pipeline.products | Kategori 'İstanbul Rehberi Kitapları': 1 sayfa, 12 ürün
2026-08-12 07:26:57,831 | INFO    | bookdata.pipeline.products | Kategori 'Kurtuluş Savaşı Kitapları': 1 sayfa, 2 ürün
2026-08-12 07:26:57,941 | INFO    | bookdata.pipeline.products | Kategori 'Histoloji ve Embriyoloji Kitapları': 1 sayfa, 1 ürün
2026-08-12 07:26:58,075 | INFO    | bookdata.pipeline.products | Kategori 'Çocuk Kitapları': 1 sayfa, 12 ürün
2026-08-12 07:26:58,204 | INFO    | bookdata.pipeline.products | Kategori 'Çocuk Psikolojisi Kitapları': 1 sayfa, 12 ürün
2026-08-12 07:26:58,384 | INFO    | bookdata.pipeline.products | Kategori 'Polisiye Romanlar': 1 sayfa, 12 ürün
2026-08-12 07:26:58,783 | INFO    | bookdata.pipeline.products | Kategori 'Roman ve Öykü Kitapları': 1 sayfa, 12 ürün
2026-08-12 07:26:59,087 | INFO    | bookdata.pipeline.products | Kategori 'Gezi ve Rehber Referans Kitapları': 1 sayfa, 12 ürün
2026-08-12 07:26:59,270 | INFO    | bookdata.pipeline.products | Kategori 'Kalemler ve Yazı Gereçleri': 1 sayfa, 12 ürün
2026-08-12 07:26:59,399 | INFO    | bookdata.pipeline.products | Kategori 'Etkinlik Kitapları': 1 sayfa, 12 ürün
2026-08-12 07:26:59,534 | INFO    | bookdata.pipeline.products | Kategori 'Tavsiye Kitapları': 1 sayfa, 12 ürün
2026-08-12 07:26:59,764 | INFO    | bookdata.pipeline.products | Kategori 'Mustafa Kemal Atatürk Kitapları': 1 sayfa, 12 ürün
2026-08-12 07:26:59,958 | INFO    | bookdata.pipeline.products | Kategori 'Okul Öncesi Resimli Kitaplar': 1 sayfa, 12 ürün
2026-08-12 07:27:00,092 | INFO    | bookdata.pipeline.products | Kategori 'Türkiye - Yakın Tarih Kitapları': 1 sayfa, 12 ürün
2026-08-12 07:27:00,225 | INFO    | bookdata.pipeline.products | Kategori 'En Çok Satan Seri Katil Kitapları': 1 sayfa, 11 ürün
2026-08-12 07:27:00,355 | INFO    | bookdata.pipeline.products | Kategori 'Türk Edebiyatı TOP 50': 1 sayfa, 12 ürün
2026-08-12 07:27:00,548 | INFO    | bookdata.pipeline.products | Kategori 'Anı - Mektup - Günlük Kitapları': 1 sayfa, 12 ürün
2026-08-12 07:27:00,657 | INFO    | bookdata.pipeline.products | Kategori 'Milletler Tarihi Kitapları': ürün bulunamadı (1 sayfa)
2026-08-12 07:27:00,788 | INFO    | bookdata.pipeline.products | Kategori 'En Çok Okunan Cumhuriyet Tarihi Kitapları': 1 sayfa, 12 ürün
2026-08-12 07:27:00,905 | INFO    | bookdata.pipeline.products | Kategori 'Psikiyatri ve Psikanaliz Kitapları': 1 sayfa, 5 ürün
2026-08-12 07:27:01,078 | INFO    | bookdata.pipeline.products | Kategori 'Arkeoloji Kitapları': 1 sayfa, 2 ürün
2026-08-12 07:27:01,209 | INFO    | bookdata.pipeline.products | Kategori 'Çocuk Bilmece Bulmaca Kitapları': 1 sayfa, 12 ürün
2026-08-12 07:27:01,342 | INFO    | bookdata.pipeline.products | Kategori 'Annelik ve Çocuk Bakımı Kitapları': 1 sayfa, 12 ürün
2026-08-12 07:27:01,457 | INFO    | bookdata.pipeline.products | Kategori 'Slime ve Malzemeleri': 1 sayfa, 5 ürün
2026-08-12 07:27:01,636 | INFO    | bookdata.pipeline.products | Kategori 'Çocuk Etkinlik Kitapları': 1 sayfa, 12 ürün
2026-08-12 07:27:01,749 | INFO    | bookdata.pipeline.products | Kategori 'Psikiyatri Kitapları': 1 sayfa, 1 ürün
2026-08-12 07:27:01,882 | INFO    | bookdata.pipeline.products | Kategori 'Beslenme ve Diyet Kitapları': 1 sayfa, 12 ürün
2026-08-12 07:27:02,023 | INFO    | bookdata.pipeline.products | Kategori 'Dünya Klasikleri TOP 50': 1 sayfa, 12 ürün
2026-08-12 07:27:02,206 | INFO    | bookdata.pipeline.products | Kategori 'En Çok Satan Fantastik Kitaplar': 1 sayfa, 12 ürün
2026-08-12 07:27:02,342 | INFO    | bookdata.pipeline.products | Kategori 'Çocuk Referans Kitaplar': 1 sayfa, 12 ürün
2026-08-12 07:27:02,471 | INFO    | bookdata.pipeline.products | Kategori 'En Çok Okunan Karikatür Kitapları': 1 sayfa, 12 ürün
2026-08-12 07:27:02,585 | INFO    | bookdata.pipeline.products | Kategori 'Sosyal Psikoloji Kitapları ': 1 sayfa, 2 ürün
2026-08-12 07:27:02,788 | INFO    | bookdata.pipeline.products | Kategori 'Alman Edebiyatı Kitapları': 1 sayfa, 12 ürün
2026-08-12 07:27:02,922 | INFO    | bookdata.pipeline.products | Kategori 'Araştırma ve İnceleme Kitapları': 1 sayfa, 12 ürün
2026-08-12 07:27:03,056 | INFO    | bookdata.pipeline.products | Kategori 'En Çok Satan Diyet Kitapları': 1 sayfa, 12 ürün
2026-08-12 07:27:03,165 | INFO    | bookdata.pipeline.products | Kategori 'Amerika Tarihi Kitapları': ürün bulunamadı (1 sayfa)
2026-08-12 07:27:03,345 | INFO    | bookdata.pipeline.products | Kategori 'Aile Sağlığı Kitapları': 1 sayfa, 12 ürün
2026-08-12 07:27:03,491 | INFO    | bookdata.pipeline.products | Kategori 'Korku ve Gerilim Edebiyatı': 1 sayfa, 12 ürün
2026-08-12 07:27:03,628 | INFO    | bookdata.pipeline.products | Kategori 'En Çok Satan Selçuklu Tarihi Kitapları': 1 sayfa, 12 ürün
2026-08-12 07:27:03,796 | INFO    | bookdata.pipeline.products | Kategori 'Yabancı Dilde Tarih Kitapları ': 1 sayfa, 1 ürün
2026-08-12 07:27:03,936 | INFO    | bookdata.pipeline.products | Kategori 'Rus Edebiyatı': 1 sayfa, 12 ürün
2026-08-12 07:27:04,073 | INFO    | bookdata.pipeline.products | Kategori 'Genel Sağlık Kitapları': 1 sayfa, 12 ürün
2026-08-12 07:27:04,206 | INFO    | bookdata.pipeline.products | Kategori 'Casusluk Kitapları': 1 sayfa, 12 ürün
2026-08-12 07:27:04,382 | INFO    | bookdata.pipeline.products | Kategori 'Bilim Kurgu Kitapları': 1 sayfa, 7 ürün
2026-08-12 07:27:04,518 | INFO    | bookdata.pipeline.products | Kategori 'Türk Klasikleri Kitapları': 1 sayfa, 12 ürün
2026-08-12 07:27:04,652 | INFO    | bookdata.pipeline.products | Kategori 'Söyleşi Kitapları': 1 sayfa, 12 ürün
2026-08-12 07:27:04,763 | INFO    | bookdata.pipeline.products | Kategori 'Tahta ve Panolar': ürün bulunamadı (1 sayfa)
2026-08-12 07:27:04,948 | INFO    | bookdata.pipeline.products | Kategori 'Alternatif Tıp Şifalı Bitkiler Kitapları': 1 sayfa, 12 ürün
2026-08-12 07:27:05,100 | INFO    | bookdata.pipeline.products | Kategori 'Din Eğitimi Kitapları': 1 sayfa, 12 ürün
2026-08-12 07:27:05,237 | INFO    | bookdata.pipeline.products | Kategori 'Genel Çocuk Kitapları': 1 sayfa, 12 ürün
2026-08-12 07:27:05,368 | INFO    | bookdata.pipeline.products | Kategori 'Genel Ülke Edebiyatları Kitapları': 1 sayfa, 12 ürün
2026-08-12 07:27:05,545 | INFO    | bookdata.pipeline.products | Kategori 'Psikolojik Danışma Kitapları ': 1 sayfa, 8 ürün
2026-08-12 07:27:05,657 | INFO    | bookdata.pipeline.products | Kategori 'Fizik Tedavi ve Rehabilitasyon Kitapları': 1 sayfa, 1 ürün
2026-08-12 07:27:05,787 | INFO    | bookdata.pipeline.products | Kategori 'Özel Eğitim Çocuk Kitapları': 1 sayfa, 12 ürün
2026-08-12 07:27:05,922 | INFO    | bookdata.pipeline.products | Kategori 'Anaokulu': 1 sayfa, 12 ürün
2026-08-12 07:27:06,112 | INFO    | bookdata.pipeline.products | Kategori '0-3 Yaş Kitapları': 1 sayfa, 12 ürün
2026-08-12 07:27:06,247 | INFO    | bookdata.pipeline.products | Kategori 'Göktürk Tarihi Kitapları': 1 sayfa, 9 ürün
2026-08-12 07:27:06,382 | INFO    | bookdata.pipeline.products | Kategori 'Fantastik Kitaplar': 1 sayfa, 12 ürün
2026-08-12 07:27:06,513 | INFO    | bookdata.pipeline.products | Kategori 'Genel Psikoloji Kitapları': 1 sayfa, 12 ürün
2026-08-12 07:27:06,676 | INFO    | bookdata.pipeline.products | Kategori 'Nöroloji Kitapları': 1 sayfa, 1 ürün
2026-08-12 07:27:06,813 | INFO    | bookdata.pipeline.products | Kategori 'Kent Rehberleri': 1 sayfa, 12 ürün
2026-08-12 07:27:06,936 | INFO    | bookdata.pipeline.products | Kategori 'Tarihi Kişilikler Kitapları': 1 sayfa, 6 ürün
2026-08-12 07:27:07,121 | INFO    | bookdata.pipeline.products | Kategori 'Bilim Kurgu Kitapları': 1 sayfa, 12 ürün
2026-08-12 07:27:07,252 | INFO    | bookdata.pipeline.products | Kategori '3. Sınıf Kitapları': 1 sayfa, 12 ürün
2026-08-12 07:27:07,364 | INFO    | bookdata.pipeline.products | Kategori 'Sosyal Tarih Kitapları': 1 sayfa, 2 ürün
2026-08-12 07:27:07,505 | INFO    | bookdata.pipeline.products | Kategori 'Gençlik Lise Kitapları': 1 sayfa, 12 ürün
2026-08-12 07:27:07,695 | INFO    | bookdata.pipeline.products | Kategori '100 Temel Eser Kitapları': 1 sayfa, 12 ürün
2026-08-12 07:27:07,830 | INFO    | bookdata.pipeline.products | Kategori 'Seçili Araştırma ve Tarih Kitapları': 1 sayfa, 12 ürün
2026-08-12 07:27:07,962 | INFO    | bookdata.pipeline.products | Kategori 'Çocuk Rehber - Kişisel Gelişim Kitapları': 1 sayfa, 12 ürün
2026-08-12 07:27:08,093 | INFO    | bookdata.pipeline.products | Kategori 'İtalyan Edebiyatı': 1 sayfa, 12 ürün
2026-08-12 07:27:08,283 | INFO    | bookdata.pipeline.products | Kategori '5. Sınıf Kitapları': 1 sayfa, 12 ürün
2026-08-12 07:27:11,320 | INFO    | bookdata.pipeline.products | Kategori 'Edebiyat Kitapları': 1 sayfa, 12 ürün
2026-08-12 07:27:11,448 | INFO    | bookdata.pipeline.products | Kategori 'Gençlik Ortaokul Kitapları': 1 sayfa, 12 ürün
2026-08-12 07:27:11,586 | INFO    | bookdata.pipeline.products | Kategori 'II. Dünya Savaşı Kitapları': 1 sayfa, 12 ürün
2026-08-12 07:27:11,775 | INFO    | bookdata.pipeline.products | Kategori 'Dünya Tarihi Kitapları': 1 sayfa, 12 ürün
2026-08-12 07:27:11,919 | INFO    | bookdata.pipeline.products | Kategori 'Fantastik Çocuk Kitapları': 1 sayfa, 12 ürün
2026-08-12 07:27:12,050 | INFO    | bookdata.pipeline.products | Kategori 'Okunması Gereken Şiir Kitapları': 1 sayfa, 12 ürün
2026-08-12 07:27:12,162 | INFO    | bookdata.pipeline.products | Kategori 'Edebiyat Referans Kitaplar': 1 sayfa, 3 ürün
2026-08-12 07:27:12,311 | INFO    | bookdata.pipeline.products | Kategori 'Çok Satanlar': ürün bulunamadı (1 sayfa)
2026-08-12 07:27:12,434 | INFO    | bookdata.pipeline.products | Kategori 'Sağlıklı Yaşam Kitapları': 1 sayfa, 7 ürün
2026-08-12 07:27:12,555 | INFO    | bookdata.pipeline.products | Kategori 'Anatomi Kitapları': 1 sayfa, 1 ürün
2026-08-12 07:27:12,676 | INFO    | bookdata.pipeline.products | Kategori 'Antik Mısır Kitapları': 1 sayfa, 8 ürün
2026-08-12 07:27:12,872 | INFO    | bookdata.pipeline.products | Kategori 'Defterler': 1 sayfa, 12 ürün
2026-08-12 07:27:13,009 | INFO    | bookdata.pipeline.products | Kategori 'Roman': 1 sayfa, 12 ürün
2026-08-12 07:27:13,121 | INFO    | bookdata.pipeline.products | Kategori 'Araç ve Gereçler': 1 sayfa, 2 ürün
2026-08-12 07:27:13,258 | INFO    | bookdata.pipeline.products | Kategori '100 Temel Eser': 1 sayfa, 12 ürün
2026-08-12 07:27:13,450 | INFO    | bookdata.pipeline.products | Kategori 'Anlatı Kitapları': 1 sayfa, 12 ürün
2026-08-12 07:27:13,585 | INFO    | bookdata.pipeline.products | Kategori 'Ekol ve Yaklaşım Kitapları': 1 sayfa, 12 ürün
2026-08-12 07:27:13,718 | INFO    | bookdata.pipeline.products | Kategori 'Çocuk Kitabı TOP 50': 1 sayfa, 12 ürün
2026-08-12 07:27:13,904 | INFO    | bookdata.pipeline.products | Kategori 'Eğitim Psikolojisi Kitapları': 1 sayfa, 12 ürün
2026-08-12 07:27:14,178 | INFO    | bookdata.pipeline.products | Kategori 'Kağıt Ürünleri': 1 sayfa, 12 ürün
2026-08-12 07:27:14,318 | INFO    | bookdata.pipeline.products | Kategori 'Çocuk 6-7 Yaş Kitapları': 1 sayfa, 12 ürün
2026-08-12 07:27:14,512 | INFO    | bookdata.pipeline.products | Kategori 'En Çok Okunan Türk Tarihi Kitapları': 1 sayfa, 12 ürün
2026-08-12 07:27:14,642 | INFO    | bookdata.pipeline.products | Kategori 'Ofis Makineleri': 1 sayfa, 12 ürün
2026-08-12 07:27:14,784 | INFO    | bookdata.pipeline.products | Kategori 'Biyografi ve Otobiyografi Kitapları': 1 sayfa, 12 ürün
2026-08-12 07:27:14,925 | INFO    | bookdata.pipeline.products | Kategori 'Çocuk Boyama Kitapları': 1 sayfa, 12 ürün
2026-08-12 07:27:15,128 | INFO    | bookdata.pipeline.products | Kategori 'Denemeler': 1 sayfa, 12 ürün
2026-08-12 07:27:15,261 | INFO    | bookdata.pipeline.products | Kategori 'Kinetik Kumlar': 1 sayfa, 12 ürün
2026-08-12 07:27:15,373 | INFO    | bookdata.pipeline.products | Kategori 'İskandinav Edebiyatı': 1 sayfa, 3 ürün
2026-08-12 07:27:15,504 | INFO    | bookdata.pipeline.products | Kategori 'Cinsellik Kitapları': 1 sayfa, 12 ürün
2026-08-12 07:27:15,874 | INFO    | bookdata.pipeline.products | Kategori 'Matbu Evraklar ve Makbuzlar': 1 sayfa, 12 ürün
2026-08-12 07:27:16,008 | INFO    | bookdata.pipeline.products | Kategori 'Türkiye Rehber Kitapları': 1 sayfa, 12 ürün
2026-08-12 07:27:16,143 | INFO    | bookdata.pipeline.products | Kategori 'Psikolojik Kitaplar': 1 sayfa, 12 ürün
2026-08-12 07:27:16,347 | INFO    | bookdata.pipeline.products | Kategori 'Çocuk Gelişimi Kitapları': 1 sayfa, 12 ürün
2026-08-12 07:27:16,477 | INFO    | bookdata.pipeline.products | Kategori 'En İyi Korku Kitapları': 1 sayfa, 12 ürün
2026-08-12 07:27:16,607 | INFO    | bookdata.pipeline.products | Kategori 'Tiyatro ve Piyes Kitapları': 1 sayfa, 12 ürün
2026-08-12 07:27:16,799 | INFO    | bookdata.pipeline.products | Kategori 'Senaryo Kitapları': 1 sayfa, 12 ürün
2026-08-12 07:27:16,948 | INFO    | bookdata.pipeline.products | Kategori 'Çocuk Şiir Kitapları': 1 sayfa, 12 ürün
2026-08-12 07:27:17,065 | INFO    | bookdata.pipeline.products | Kategori 'Yazıcı ve Fotokopi Kağıtları': 1 sayfa, 5 ürün
2026-08-12 07:27:17,175 | INFO    | bookdata.pipeline.products | Kategori 'Seyahatname Kitapları': 1 sayfa, 3 ürün
2026-08-12 07:27:17,383 | INFO    | bookdata.pipeline.products | Kategori 'Ülke Rehberi Kitapları': 1 sayfa, 12 ürün
2026-08-12 07:27:17,519 | INFO    | bookdata.pipeline.products | Kategori 'Gelişim Psikolojisi Kitapları': 1 sayfa, 12 ürün
2026-08-12 07:27:17,746 | INFO    | bookdata.pipeline.products | Kategori 'Tüm Kategoriler': ürün bulunamadı (1 sayfa)
2026-08-12 07:27:18,061 | INFO    | bookdata.pipeline.products | Kategori 'Çocuk İlkokul Kitapları': 1 sayfa, 12 ürün
2026-08-12 07:27:18,191 | INFO    | bookdata.pipeline.products | Kategori 'En Çok Satan 50 Dünya Klasiği': 1 sayfa, 12 ürün
2026-08-12 07:27:18,331 | INFO    | bookdata.pipeline.products | Kategori 'Türkiye ve Cumhuriyet Tarihi Kitapları': 1 sayfa, 12 ürün
2026-08-12 07:27:18,633 | INFO    | bookdata.pipeline.products | Kategori 'İlaç Rehber Kitapları': 1 sayfa, 1 ürün
2026-08-12 07:27:18,767 | INFO    | bookdata.pipeline.products | Kategori 'Önemli Olaylar ve Biyografi ve Otobiyografi Kitapları': 1 sayfa, 12 ürün
2026-08-12 07:27:18,904 | INFO    | bookdata.pipeline.products | Kategori 'I. Dünya Savaşı Kitapları': 1 sayfa, 12 ürün
2026-08-12 07:27:19,119 | INFO    | bookdata.pipeline.products | Kategori 'Gezi ve Rehber Kitapları': 1 sayfa, 12 ürün
2026-08-12 07:27:19,255 | INFO    | bookdata.pipeline.products | Kategori 'Çizgi Roman - Anime ve Mangalar': 1 sayfa, 12 ürün
2026-08-12 07:27:19,386 | INFO    | bookdata.pipeline.products | Kategori '3-6 Yaş Kitapları': 1 sayfa, 12 ürün
2026-08-12 07:27:19,499 | INFO    | bookdata.pipeline.products | Kategori 'Ülkeler Tarihi Kitapları': 1 sayfa, 2 ürün
2026-08-12 07:27:19,929 | INFO    | bookdata.pipeline.products | Kategori 'Klasik Romanlar ve Kitapları': 1 sayfa, 12 ürün
2026-08-12 07:27:20,061 | INFO    | bookdata.pipeline.products | Kategori 'En Çok Satan Otobiyografi Kitapları': 1 sayfa, 12 ürün
2026-08-12 07:27:20,286 | INFO    | bookdata.pipeline.products | Kategori 'Bölgeler Tarihi Kitapları': 1 sayfa, 3 ürün
2026-08-12 07:27:20,914 | INFO    | bookdata.pipeline.products | Kategori 'Çocuk Bilim Kitapları': 1 sayfa, 12 ürün
2026-08-12 07:27:21,059 | INFO    | bookdata.pipeline.products | Kategori 'Tarih Kitapları': 1 sayfa, 12 ürün
2026-08-12 07:27:21,181 | INFO    | bookdata.pipeline.products | Kategori 'Çocuk Dil Eğitimi Kitapları': 1 sayfa, 4 ürün
2026-08-12 07:27:21,418 | INFO    | bookdata.pipeline.products | Kategori 'Ölçü ve Çizim Malzemeleri': 1 sayfa, 12 ürün
2026-08-12 07:27:21,559 | INFO    | bookdata.pipeline.products | Kategori 'Fransız Edebiyatı Kitapları': 1 sayfa, 12 ürün
2026-08-12 07:27:21,792 | INFO    | bookdata.pipeline.products | Kategori 'Dosya ve Klasörler': 1 sayfa, 12 ürün
2026-08-12 07:27:22,008 | INFO    | bookdata.pipeline.products | Kategori 'Coğrafya ve Genel Kitaplar': 1 sayfa, 1 ürün
2026-08-12 07:27:22,144 | INFO    | bookdata.pipeline.products | Kategori 'Sessiz Kitaplar': 1 sayfa, 12 ürün
2026-08-12 07:27:22,374 | INFO    | bookdata.pipeline.products | Kategori 'Dekoratif Ürünler': 1 sayfa, 7 ürün
2026-08-12 07:27:22,622 | INFO    | bookdata.pipeline.products | Kategori 'Zeka Gelişimi Kitapları': 1 sayfa, 12 ürün
2026-08-12 07:27:22,768 | INFO    | bookdata.pipeline.products | Kategori 'Sanatsal Malzemeler': 1 sayfa, 12 ürün
2026-08-12 07:27:22,988 | INFO    | bookdata.pipeline.products | Kategori 'Hamilelik ve Doğum Kitapları': 1 sayfa, 6 ürün
2026-08-12 07:27:23,208 | INFO    | bookdata.pipeline.products | Kategori 'Periyodik Yayınlar': 1 sayfa, 3 ürün
2026-08-12 07:27:23,353 | INFO    | bookdata.pipeline.products | Kategori 'Boyalar ve Boya Ürünleri': 1 sayfa, 12 ürün
2026-08-12 07:27:23,486 | INFO    | bookdata.pipeline.products | Kategori 'Bilimsel Kitaplar': 1 sayfa, 12 ürün
2026-08-12 07:27:23,619 | INFO    | bookdata.pipeline.products | Kategori 'Osmanlı Tarihi Kitapları': 1 sayfa, 12 ürün
2026-08-12 07:27:24,227 | INFO    | bookdata.pipeline.products | Kategori 'Aşk Kitapları': 1 sayfa, 12 ürün
2026-08-12 07:27:24,462 | INFO    | bookdata.pipeline.products | Kategori 'Takvim Ve Planlayıcılar': 1 sayfa, 12 ürün
2026-08-12 07:27:24,595 | INFO    | bookdata.pipeline.products | Kategori 'Yabancı Dilde Edebiyat Kitapları': 1 sayfa, 12 ürün
2026-08-12 07:27:24,832 | INFO    | bookdata.pipeline.products | Kategori 'Amerikan Edebiyatı': 1 sayfa, 12 ürün
2026-08-12 07:27:24,967 | INFO    | bookdata.pipeline.products | Kategori 'Karikatürler': 1 sayfa, 12 ürün
2026-08-12 07:27:25,099 | INFO    | bookdata.pipeline.products | Kategori 'Okul Öncesi Çocuk Kitapları': 1 sayfa, 12 ürün
2026-08-12 07:27:25,235 | INFO    | bookdata.pipeline.products | Kategori 'Yakın Tarih Kitapları': 1 sayfa, 12 ürün
2026-08-12 07:27:25,443 | INFO    | bookdata.pipeline.products | Kategori 'Psikoloji Akımları Kitapları': 1 sayfa, 2 ürün
2026-08-12 07:27:25,585 | INFO    | bookdata.pipeline.products | Kategori 'Çocuk 0-3 Yaş Kitapları': 1 sayfa, 12 ürün
2026-08-12 07:27:25,814 | INFO    | bookdata.pipeline.products | Kategori 'Kürt Edebiyatı': 1 sayfa, 12 ürün
2026-08-12 07:27:26,067 | INFO    | bookdata.pipeline.products | Kategori 'En Sevilen Çocuk Kitabı Setleri': 1 sayfa, 12 ürün
2026-08-12 07:27:26,201 | INFO    | bookdata.pipeline.products | Kategori 'Genel Tarih Kitapları ': 1 sayfa, 12 ürün
2026-08-12 07:27:26,556 | INFO    | bookdata.pipeline.products | Kategori 'Yoga Meditasyon Kitapları': 1 sayfa, 12 ürün
2026-08-12 07:27:26,691 | INFO    | bookdata.pipeline.products | Kategori 'Yunan Mitolojisi Kitapları': 1 sayfa, 11 ürün
2026-08-12 07:27:26,836 | INFO    | bookdata.pipeline.products | Kategori 'Çok Satan Çizgi Romanlar': 1 sayfa, 12 ürün
2026-08-12 07:27:26,977 | INFO    | bookdata.pipeline.products | Kategori 'En Çok Okunan Suç Kitapları': 1 sayfa, 12 ürün
2026-08-12 07:27:27,231 | INFO    | bookdata.pipeline.products | Kategori 'Uzakdoğu Edebiyatı': 1 sayfa, 12 ürün
2026-08-12 07:27:27,466 | INFO    | bookdata.pipeline.products | Kategori 'Seyahatname Kitapları': 1 sayfa, 12 ürün
2026-08-12 07:27:27,602 | INFO    | bookdata.pipeline.products | Kategori 'Politik - Kurgu Kitapları': 1 sayfa, 12 ürün
2026-08-12 07:27:27,838 | INFO    | bookdata.pipeline.products | Kategori 'Divan Edebiyatı ve Halk Edebiyatı Kitapları': 1 sayfa, 12 ürün
2026-08-12 07:27:27,972 | INFO    | bookdata.pipeline.products | Kategori 'Antoloji Kitapları': 1 sayfa, 12 ürün
2026-08-12 07:27:28,092 | INFO    | bookdata.pipeline.products | Kategori 'Selçuklu Dönemi Kitapları': 1 sayfa, 5 ürün
2026-08-12 07:27:28,436 | INFO    | bookdata.pipeline.products | Kategori 'Ortadoğu - Arap Edebiyatı Kitapları': 1 sayfa, 12 ürün
2026-08-12 07:27:28,580 | INFO    | bookdata.pipeline.products | Kategori 'Yapbozlu Kitapları': 1 sayfa, 12 ürün
2026-08-12 07:27:28,712 | INFO    | bookdata.pipeline.products | Kategori 'Yapıştırıcı ve Bantlar': 1 sayfa, 12 ürün
2026-08-12 07:27:28,846 | INFO    | bookdata.pipeline.products | Kategori 'Ajanda,Takvim Ve Planlayıcılar': 1 sayfa, 12 ürün
2026-08-12 07:27:29,098 | INFO    | bookdata.pipeline.products | Kategori 'Gezi Rehberi Kitapları': 1 sayfa, 12 ürün
2026-08-12 07:27:29,242 | INFO    | bookdata.pipeline.products | Kategori 'Masallar': 1 sayfa, 12 ürün
2026-08-12 07:27:29,381 | INFO    | bookdata.pipeline.products | Kategori 'Okul Öncesi Şekilli Kitaplar': 1 sayfa, 12 ürün
2026-08-12 07:27:29,514 | INFO    | bookdata.pipeline.products | Kategori 'İspanyol Edebiyatı': 1 sayfa, 12 ürün
2026-08-12 07:27:29,969 | INFO    | bookdata.pipeline.products | Kategori 'En Çok Satan Gerilim Kitapları': 1 sayfa, 12 ürün
2026-08-12 07:27:30,105 | INFO    | bookdata.pipeline.products | Kategori 'Aforizma': 1 sayfa, 12 ürün
2026-08-12 07:27:30,337 | INFO    | bookdata.pipeline.products | Kategori 'Yabancı Dilde Çocuk Kitapları': 1 sayfa, 12 ürün
2026-08-12 07:27:30,481 | INFO    | bookdata.pipeline.products | Kategori 'En Çok Okunan Bilim Kurgu Kitapları': 1 sayfa, 12 ürün
2026-08-12 07:27:30,596 | INFO    | bookdata.pipeline.products | Kategori 'Anadolu Tarihi Kitapları': 1 sayfa, 3 ürün
2026-08-12 07:27:30,854 | INFO    | bookdata.pipeline.products | Kategori 'Çizgi Roman Kitapları': 1 sayfa, 12 ürün
2026-08-12 07:27:30,998 | INFO    | bookdata.pipeline.products | Kategori 'Tarihi Romanlar': 1 sayfa, 12 ürün
2026-08-12 07:27:31,120 | INFO    | bookdata.pipeline.products | Kategori 'Tarih - Mitoloji Kitapları': 1 sayfa, 2 ürün
2026-08-12 07:27:31,252 | INFO    | bookdata.pipeline.products | Kategori 'Psikoloji Başvuru Kitapları': 1 sayfa, 12 ürün
2026-08-12 07:27:31,617 | INFO    | bookdata.pipeline.products | Kategori 'Referans Kitaplar': 1 sayfa, 12 ürün
2026-08-12 07:27:31,753 | INFO    | bookdata.pipeline.products | Kategori '4. Sınıf Kitapları': 1 sayfa, 12 ürün
2026-08-12 07:27:31,887 | INFO    | bookdata.pipeline.products | Kategori 'Genel Edebiyat Kitapları': 1 sayfa, 12 ürün
2026-08-12 07:27:32,603 | INFO    | bookdata.pipeline.products | Kategori 'Şiir Kitapları': 1 sayfa, 12 ürün
2026-08-12 07:27:32,748 | INFO    | bookdata.pipeline.products | Kategori 'National Geographic Kids': 1 sayfa, 12 ürün
2026-08-12 07:27:32,884 | INFO    | bookdata.pipeline.products | Kategori 'Setler': 1 sayfa, 12 ürün
2026-08-12 07:27:33,250 | INFO    | bookdata.pipeline.products | Kategori 'Tarihi Belgeler Kitapları': 1 sayfa, 2 ürün
2026-08-12 07:27:33,394 | INFO    | bookdata.pipeline.products | Kategori 'İngiliz Edebiyatı': 1 sayfa, 12 ürün
2026-08-12 07:27:33,529 | INFO    | bookdata.pipeline.products | Kategori ' Mizah Kitapları': 1 sayfa, 12 ürün
2026-08-12 07:27:33,791 | INFO    | bookdata.pipeline.products | Kategori 'Din Psikolojisi Kitapları': 1 sayfa, 12 ürün
2026-08-12 07:27:33,922 | INFO    | bookdata.pipeline.products | Kategori 'Psikoloji': 1 sayfa, 12 ürün
2026-08-12 07:27:34,221 | INFO    | bookdata.pipeline.products | Kategori 'Yabancı Dilde Psikoloji Kitapları': ürün bulunamadı (1 sayfa)
2026-08-12 07:27:34,586 | INFO    | bookdata.pipeline.products | Kategori 'En Çok Satan Gizemli Kitaplar': 1 sayfa, 12 ürün
2026-08-12 07:27:34,829 | INFO    | bookdata.pipeline.products | Kategori 'Dil Bilimi Kitapları': 1 sayfa, 12 ürün
2026-08-12 07:27:34,964 | INFO    | bookdata.pipeline.products | Kategori 'Türk Tarihi Araştırmaları Kitapları': 1 sayfa, 12 ürün
2026-08-12 07:27:35,202 | INFO    | bookdata.pipeline.products | Kategori 'Efsane ve Destan Kitapları': 1 sayfa, 12 ürün
2026-08-12 07:27:35,338 | INFO    | bookdata.pipeline.products | Kategori 'Çıkartmalı Kitaplar': 1 sayfa, 12 ürün
2026-08-12 07:28:30,705 | INFO    | bookdata.pipeline.products | Kategori 'Yazar Listesi': ürün bulunamadı (50 sayfa)
2026-08-12 07:28:32,234 | INFO    | bookdata.pipeline.products | Kategori 'Yayınevi Listesi': ürün bulunamadı (50 sayfa)
2026-08-12 07:28:32,248 | INFO    | bookdata.pipeline.standardize | Standardize edildi: 2380 ham → 2140 ürün
2026-08-12 07:28:32,604 | INFO    | bookdata.pipeline.merge | Fiyat karşılaştırması: 2140 ürünün 2067 tanesinde değişiklik/yeni kayıt
2026-08-12 07:28:32,620 | INFO    | bookdata.adapters.storage | Veri setine 2067 yeni kayıt eklendi: Data/bkm_Datasets.csv
2026-08-12 07:28:32,639 | INFO    | bookdata.pipeline.runner | Özet: 246 kategori bulundu, 234 işlendi; 2140 ürün → 2067 kayıt eklendi (toplam 26719). İstek: 333, hata: 0
2026-08-12 07:28:35,412 | INFO    | bookdata.adapters.kaggle | Kaggle yayını tamamlandı: furkanzeki/bkm-book-dataset (2026-08-12)
2026-08-12 19:03:30,252 | INFO    | bookdata.pipeline.filter | Ignore kuralları gereği 12 kategori atlandı (10 desen)
2026-08-12 19:03:30,982 | INFO    | bookdata.pipeline.products | Kategori 'Yetişkin Masal Kitapları': 1 sayfa, 9 ürün
2026-08-12 19:03:31,151 | INFO    | bookdata.pipeline.products | Kategori 'En Çok Satan Seri Katil Kitapları': 1 sayfa, 11 ürün
2026-08-12 19:03:31,286 | INFO    | bookdata.pipeline.products | Kategori 'Zeka Gelişimi Kitapları': 1 sayfa, 12 ürün
2026-08-12 19:03:31,418 | INFO    | bookdata.pipeline.products | Kategori 'Fantastik Çocuk Kitapları': 1 sayfa, 12 ürün
2026-08-12 19:03:31,561 | INFO    | bookdata.pipeline.products | Kategori 'Psikoloji Başvuru Kitapları': 1 sayfa, 12 ürün
2026-08-12 19:03:31,732 | INFO    | bookdata.pipeline.products | Kategori '3. Sınıf Kitapları': 1 sayfa, 12 ürün
2026-08-12 19:03:31,876 | INFO    | bookdata.pipeline.products | Kategori 'Gençlik Lise Kitapları': 1 sayfa, 12 ürün
2026-08-12 19:03:32,022 | INFO    | bookdata.pipeline.products | Kategori 'En Çok Okunan Türk Tarihi Kitapları': 1 sayfa, 12 ürün
2026-08-12 19:03:32,160 | INFO    | bookdata.pipeline.products | Kategori 'Bilimsel Kitaplar': 1 sayfa, 12 ürün
2026-08-12 19:03:32,331 | INFO    | bookdata.pipeline.products | Kategori 'En Çok Satan Gizemli Kitaplar': 1 sayfa, 12 ürün
2026-08-12 19:03:32,462 | INFO    | bookdata.pipeline.products | Kategori 'İngiliz Edebiyatı': 1 sayfa, 12 ürün
2026-08-12 19:03:32,576 | INFO    | bookdata.pipeline.products | Kategori 'Anadolu Tarihi Kitapları': 1 sayfa, 3 ürün
2026-08-12 19:03:32,747 | INFO    | bookdata.pipeline.products | Kategori 'Korku ve Gerilim Edebiyatı': 1 sayfa, 12 ürün
2026-08-12 19:03:32,876 | INFO    | bookdata.pipeline.products | Kategori 'Dünya Klasikleri TOP 50': 1 sayfa, 12 ürün
2026-08-12 19:03:33,025 | INFO    | bookdata.pipeline.products | Kategori 'Çocuk Çizgi Roman Kitapları': 1 sayfa, 12 ürün
2026-08-12 19:03:33,159 | INFO    | bookdata.pipeline.products | Kategori 'Türkiye ve Cumhuriyet Tarihi Kitapları': 1 sayfa, 12 ürün
2026-08-12 19:03:33,310 | INFO    | bookdata.pipeline.products | Kategori 'İlaç Rehber Kitapları': 1 sayfa, 1 ürün
2026-08-12 19:03:33,446 | INFO    | bookdata.pipeline.products | Kategori 'Çocuk Referans Kitaplar': 1 sayfa, 12 ürün
2026-08-12 19:03:33,575 | INFO    | bookdata.pipeline.products | Kategori '100 Temel Eser': 1 sayfa, 12 ürün
2026-08-12 19:03:33,705 | INFO    | bookdata.pipeline.products | Kategori 'Ofis Makineleri': 1 sayfa, 12 ürün
2026-08-12 19:03:33,887 | INFO    | bookdata.pipeline.products | Kategori 'Psikolojik Kitaplar': 1 sayfa, 12 ürün
2026-08-12 19:03:34,017 | INFO    | bookdata.pipeline.products | Kategori 'Gezi ve Rehber Referans Kitapları': 1 sayfa, 12 ürün
2026-08-12 19:03:34,137 | INFO    | bookdata.pipeline.products | Kategori 'Psikiyatri ve Psikanaliz Kitapları': 1 sayfa, 5 ürün
2026-08-12 19:03:34,263 | INFO    | bookdata.pipeline.products | Kategori 'Dokun Hisset Kitapları': 1 sayfa, 10 ürün
2026-08-12 19:03:34,440 | INFO    | bookdata.pipeline.products | Kategori 'Yabancı Dilde Çocuk Kitapları': 1 sayfa, 12 ürün
2026-08-12 19:03:34,577 | INFO    | bookdata.pipeline.products | Kategori '2. Sınıf Kitapları': 1 sayfa, 12 ürün
2026-08-12 19:03:34,690 | INFO    | bookdata.pipeline.products | Kategori 'Milletler Tarihi Kitapları': ürün bulunamadı (1 sayfa)
2026-08-12 19:03:34,815 | INFO    | bookdata.pipeline.products | Kategori 'Psikolojik Danışma Kitapları ': 1 sayfa, 8 ürün
2026-08-12 19:03:34,987 | INFO    | bookdata.pipeline.products | Kategori 'Kinetik Kumlar': 1 sayfa, 12 ürün
2026-08-12 19:03:35,213 | INFO    | bookdata.pipeline.products | Kategori 'Tüm Kategoriler': ürün bulunamadı (1 sayfa)
2026-08-12 19:03:35,349 | INFO    | bookdata.pipeline.products | Kategori 'Etkinlik Kitapları': 1 sayfa, 12 ürün
2026-08-12 19:03:35,513 | INFO    | bookdata.pipeline.products | Kategori 'Divan Edebiyatı ve Halk Edebiyatı Kitapları': 1 sayfa, 12 ürün
2026-08-12 19:03:35,648 | INFO    | bookdata.pipeline.products | Kategori 'Fantastik Kitaplar': 1 sayfa, 12 ürün
2026-08-12 19:03:35,764 | INFO    | bookdata.pipeline.products | Kategori 'Selçuklu Dönemi Kitapları': 1 sayfa, 5 ürün
2026-08-12 19:03:35,933 | INFO    | bookdata.pipeline.products | Kategori 'En Çok Okunan Suç Kitapları': 1 sayfa, 12 ürün
2026-08-12 19:03:36,074 | INFO    | bookdata.pipeline.products | Kategori 'Masallar': 1 sayfa, 12 ürün
2026-08-12 19:03:36,204 | INFO    | bookdata.pipeline.products | Kategori '3-6 Yaş Kitapları': 1 sayfa, 12 ürün
2026-08-12 19:03:36,340 | INFO    | bookdata.pipeline.products | Kategori 'En İyi Korku Kitapları': 1 sayfa, 12 ürün
2026-08-12 19:03:36,519 | INFO    | bookdata.pipeline.products | Kategori 'Aforizma': 1 sayfa, 12 ürün
2026-08-12 19:03:36,653 | INFO    | bookdata.pipeline.products | Kategori 'Anlatı Kitapları': 1 sayfa, 12 ürün
2026-08-12 19:03:36,786 | INFO    | bookdata.pipeline.products | Kategori 'İtalyan Edebiyatı': 1 sayfa, 12 ürün
2026-08-12 19:03:36,925 | INFO    | bookdata.pipeline.products | Kategori 'Rus Edebiyatı': 1 sayfa, 12 ürün
2026-08-12 19:03:37,101 | INFO    | bookdata.pipeline.products | Kategori 'Ülke Rehberi Kitapları': 1 sayfa, 12 ürün
2026-08-12 19:03:37,273 | INFO    | bookdata.pipeline.products | Kategori 'Gezi Rehberi Kitapları': 1 sayfa, 12 ürün
2026-08-12 19:03:37,405 | INFO    | bookdata.pipeline.products | Kategori 'En Çok Satan Fantastik Kitaplar': 1 sayfa, 12 ürün
2026-08-12 19:03:37,527 | INFO    | bookdata.pipeline.products | Kategori 'Hamilelik ve Doğum Kitapları': 1 sayfa, 6 ürün
2026-08-12 19:03:37,696 | INFO    | bookdata.pipeline.products | Kategori 'En Çok Satan 50 Dünya Klasiği': 1 sayfa, 12 ürün
2026-08-12 19:03:37,838 | INFO    | bookdata.pipeline.products | Kategori 'Tiyatro ve Piyes Kitapları': 1 sayfa, 12 ürün
2026-08-12 19:03:37,975 | INFO    | bookdata.pipeline.products | Kategori 'Seyahatname Kitapları': 1 sayfa, 12 ürün
2026-08-12 19:03:38,150 | INFO    | bookdata.pipeline.products | Kategori 'Çocuk Rehber - Kişisel Gelişim Kitapları': 1 sayfa, 12 ürün
2026-08-12 19:03:38,281 | INFO    | bookdata.pipeline.products | Kategori 'En Çok Satan Biyografi Kitapları': 1 sayfa, 12 ürün
2026-08-12 19:03:38,412 | INFO    | bookdata.pipeline.products | Kategori 'Takvim Ve Planlayıcılar': 1 sayfa, 12 ürün
2026-08-12 19:03:38,527 | INFO    | bookdata.pipeline.products | Kategori 'Periyodik Yayınlar': 1 sayfa, 3 ürün
2026-08-12 19:03:38,627 | INFO    | bookdata.pipeline.products | Kategori 'Çok Satanlar': ürün bulunamadı (1 sayfa)
2026-08-12 19:03:38,783 | INFO    | bookdata.pipeline.products | Kategori 'Tahta ve Panolar': ürün bulunamadı (1 sayfa)
2026-08-12 19:03:38,925 | INFO    | bookdata.pipeline.products | Kategori 'Çocuk 6-7 Yaş Kitapları': 1 sayfa, 12 ürün
2026-08-12 19:03:39,054 | INFO    | bookdata.pipeline.products | Kategori 'Çocuk Etkinlik Kitapları': 1 sayfa, 12 ürün
2026-08-12 19:03:39,232 | INFO    | bookdata.pipeline.products | Kategori 'Çok Satan Çizgi Romanlar': 1 sayfa, 12 ürün
2026-08-12 19:03:39,342 | INFO    | bookdata.pipeline.products | Kategori 'Fizik Tedavi ve Rehabilitasyon Kitapları': 1 sayfa, 1 ürün
2026-08-12 19:03:39,474 | INFO    | bookdata.pipeline.products | Kategori 'Klasik Romanlar ve Kitapları': 1 sayfa, 12 ürün
2026-08-12 19:03:39,610 | INFO    | bookdata.pipeline.products | Kategori 'Senaryo Kitapları': 1 sayfa, 12 ürün
2026-08-12 19:03:39,789 | INFO    | bookdata.pipeline.products | Kategori 'Çocuk Kitabı TOP 50': 1 sayfa, 12 ürün
2026-08-12 19:03:39,919 | INFO    | bookdata.pipeline.products | Kategori ' Mizah Kitapları': 1 sayfa, 12 ürün
2026-08-12 19:03:40,035 | INFO    | bookdata.pipeline.products | Kategori 'Seyahatname Kitapları': 1 sayfa, 3 ürün
2026-08-12 19:03:40,151 | INFO    | bookdata.pipeline.products | Kategori 'Çocuk Dil Eğitimi Kitapları': 1 sayfa, 4 ürün
2026-08-12 19:03:40,309 | INFO    | bookdata.pipeline.products | Kategori 'Psikolojik Araştırma Teknikleri Kitapları': 1 sayfa, 1 ürün
2026-08-12 19:03:40,441 | INFO    | bookdata.pipeline.products | Kategori 'Edebiyat Kitapları': 1 sayfa, 12 ürün
2026-08-12 19:03:40,573 | INFO    | bookdata.pipeline.products | Kategori 'Ofis Malzemeleri': 1 sayfa, 12 ürün
2026-08-12 19:03:40,701 | INFO    | bookdata.pipeline.products | Kategori 'Çıkartmalı Kitaplar': 1 sayfa, 12 ürün
2026-08-12 19:03:40,876 | INFO    | bookdata.pipeline.products | Kategori 'Mustafa Kemal Atatürk Kitapları': 1 sayfa, 12 ürün
2026-08-12 19:03:40,989 | INFO    | bookdata.pipeline.products | Kategori 'Bölgeler Tarihi Kitapları': 1 sayfa, 3 ürün
2026-08-12 19:03:41,121 | INFO    | bookdata.pipeline.products | Kategori 'Çocuk Bilim Kitapları': 1 sayfa, 12 ürün
2026-08-12 19:03:41,260 | INFO    | bookdata.pipeline.products | Kategori 'Annelik ve Çocuk Bakımı Kitapları': 1 sayfa, 12 ürün
2026-08-12 19:03:41,435 | INFO    | bookdata.pipeline.products | Kategori 'Denemeler': 1 sayfa, 12 ürün
2026-08-12 19:03:41,582 | INFO    | bookdata.pipeline.products | Kategori 'Hikayeler': 1 sayfa, 12 ürün
2026-08-12 19:03:41,712 | INFO    | bookdata.pipeline.products | Kategori 'Türk Tarihi Araştırmaları Kitapları': 1 sayfa, 12 ürün
2026-08-12 19:03:41,843 | INFO    | bookdata.pipeline.products | Kategori 'Yapıştırıcı ve Bantlar': 1 sayfa, 12 ürün
2026-08-12 19:03:42,021 | INFO    | bookdata.pipeline.products | Kategori 'Çocuk 0-3 Yaş Kitapları': 1 sayfa, 12 ürün
2026-08-12 19:03:42,155 | INFO    | bookdata.pipeline.products | Kategori 'Tarih Kitapları': 1 sayfa, 12 ürün
2026-08-12 19:03:42,289 | INFO    | bookdata.pipeline.products | Kategori 'Uzakdoğu Edebiyatı': 1 sayfa, 12 ürün
2026-08-12 19:03:42,459 | INFO    | bookdata.pipeline.products | Kategori 'Gençlik Edebiyatı': 1 sayfa, 12 ürün
2026-08-12 19:03:42,590 | INFO    | bookdata.pipeline.products | Kategori 'Ekol ve Yaklaşım Kitapları': 1 sayfa, 12 ürün
2026-08-12 19:03:42,728 | INFO    | bookdata.pipeline.products | Kategori 'Anaokulu': 1 sayfa, 12 ürün
2026-08-12 19:03:42,860 | INFO    | bookdata.pipeline.products | Kategori 'Din Eğitimi Kitapları': 1 sayfa, 12 ürün
2026-08-12 19:03:43,022 | INFO    | bookdata.pipeline.products | Kategori 'Histoloji ve Embriyoloji Kitapları': 1 sayfa, 1 ürün
2026-08-12 19:03:43,137 | INFO    | bookdata.pipeline.products | Kategori 'Edebiyat Referans Kitaplar': 1 sayfa, 3 ürün
2026-08-12 19:03:43,267 | INFO    | bookdata.pipeline.products | Kategori 'Türkiye - Yakın Tarih Kitapları': 1 sayfa, 12 ürün
2026-08-12 19:03:43,380 | INFO    | bookdata.pipeline.products | Kategori 'Araç ve Gereçler': 1 sayfa, 2 ürün
2026-08-12 19:03:43,556 | INFO    | bookdata.pipeline.products | Kategori 'En Çok Satan 100 Tarih Kitabı': 1 sayfa, 12 ürün
2026-08-12 19:03:43,685 | INFO    | bookdata.pipeline.products | Kategori 'Alternatif Tıp Şifalı Bitkiler Kitapları': 1 sayfa, 12 ürün
2026-08-12 19:03:43,821 | INFO    | bookdata.pipeline.products | Kategori 'II. Dünya Savaşı Kitapları': 1 sayfa, 12 ürün
2026-08-12 19:03:44,100 | INFO    | bookdata.pipeline.products | Kategori 'Amerika Tarihi Kitapları': ürün bulunamadı (1 sayfa)
2026-08-12 19:03:44,253 | INFO    | bookdata.pipeline.products | Kategori 'Aksiyon ve Macera Kitapları': 1 sayfa, 12 ürün
2026-08-12 19:03:44,385 | INFO    | bookdata.pipeline.products | Kategori 'Boyalar ve Boya Ürünleri': 1 sayfa, 12 ürün
2026-08-12 19:03:44,514 | INFO    | bookdata.pipeline.products | Kategori 'Sosyal Tarih Kitapları': 1 sayfa, 2 ürün
2026-08-12 19:03:44,808 | INFO    | bookdata.pipeline.products | Kategori 'Kağıt Ürünleri': 1 sayfa, 12 ürün
2026-08-12 19:03:44,953 | INFO    | bookdata.pipeline.products | Kategori 'Türk Edebiyatı Romanları': 1 sayfa, 12 ürün
2026-08-12 19:03:45,064 | INFO    | bookdata.pipeline.products | Kategori 'Coğrafya ve Genel Kitaplar': 1 sayfa, 1 ürün
2026-08-12 19:03:45,248 | INFO    | bookdata.pipeline.products | Kategori 'Genel Edebiyat Kitapları': 1 sayfa, 12 ürün
2026-08-12 19:03:45,381 | INFO    | bookdata.pipeline.products | Kategori 'Politik - Kurgu Kitapları': 1 sayfa, 12 ürün
2026-08-12 19:03:45,508 | INFO    | bookdata.pipeline.products | Kategori 'Göktürk Tarihi Kitapları': 1 sayfa, 9 ürün
2026-08-12 19:03:45,640 | INFO    | bookdata.pipeline.products | Kategori 'En Çok Okunan Cumhuriyet Tarihi Kitapları': 1 sayfa, 12 ürün
2026-08-12 19:03:45,834 | INFO    | bookdata.pipeline.products | Kategori 'Genel Çocuk Kitapları': 1 sayfa, 12 ürün
2026-08-12 19:03:46,055 | INFO    | bookdata.pipeline.products | Kategori 'Sosyal Psikoloji Kitapları ': 1 sayfa, 2 ürün
2026-08-12 19:03:46,175 | INFO    | bookdata.pipeline.products | Kategori 'Tarihi Belgeler Kitapları': 1 sayfa, 2 ürün
2026-08-12 19:03:46,459 | INFO    | bookdata.pipeline.products | Kategori 'Karikatürler': 1 sayfa, 12 ürün
2026-08-12 19:03:46,600 | INFO    | bookdata.pipeline.products | Kategori 'Eleştiri İnceleme ve Kuram Kitapları': 1 sayfa, 12 ürün
2026-08-12 19:03:46,737 | INFO    | bookdata.pipeline.products | Kategori 'İspanyol Edebiyatı': 1 sayfa, 12 ürün
2026-08-12 19:03:46,937 | INFO    | bookdata.pipeline.products | Kategori 'Antoloji Kitapları': 1 sayfa, 12 ürün
2026-08-12 19:03:47,049 | INFO    | bookdata.pipeline.products | Kategori 'Psikoloji Akımları Kitapları': 1 sayfa, 2 ürün
2026-08-12 19:03:47,150 | INFO    | bookdata.pipeline.products | Kategori 'KPSS Kitapları': ürün bulunamadı (1 sayfa)
2026-08-12 19:03:47,257 | INFO    | bookdata.pipeline.products | Kategori 'Psikiyatri Kitapları': 1 sayfa, 1 ürün
2026-08-12 19:03:47,466 | INFO    | bookdata.pipeline.products | Kategori 'National Geographic Kids': 1 sayfa, 12 ürün
2026-08-12 19:03:47,600 | INFO    | bookdata.pipeline.products | Kategori 'Efsane ve Destan Kitapları': 1 sayfa, 12 ürün
2026-08-12 19:03:47,841 | INFO    | bookdata.pipeline.products | Kategori 'Kürt Edebiyatı': 1 sayfa, 12 ürün
2026-08-12 19:03:48,059 | INFO    | bookdata.pipeline.products | Kategori 'Arkeoloji Kitapları': 1 sayfa, 2 ürün
2026-08-12 19:03:48,310 | INFO    | bookdata.pipeline.products | Kategori 'Cinsellik Kitapları': 1 sayfa, 12 ürün
2026-08-12 19:03:48,442 | INFO    | bookdata.pipeline.products | Kategori 'Dünya Çocuk Klasikleri': 1 sayfa, 12 ürün
2026-08-12 19:03:48,670 | INFO    | bookdata.pipeline.products | Kategori 'Çizgi Roman Kitapları': 1 sayfa, 12 ürün
2026-08-12 19:03:48,804 | INFO    | bookdata.pipeline.products | Kategori 'Araştırma - İnceleme Kitapları': 1 sayfa, 12 ürün
2026-08-12 19:03:48,933 | INFO    | bookdata.pipeline.products | Kategori 'Özel Eğitim Çocuk Kitapları': 1 sayfa, 12 ürün
2026-08-12 19:03:49,066 | INFO    | bookdata.pipeline.products | Kategori 'Çocuk Boyama Kitapları': 1 sayfa, 12 ürün
2026-08-12 19:03:49,289 | INFO    | bookdata.pipeline.products | Kategori 'En Çok Satan Osmanlı Kitapları': 1 sayfa, 12 ürün
2026-08-12 19:03:49,417 | INFO    | bookdata.pipeline.products | Kategori 'Başvuru Kitapları': 1 sayfa, 12 ürün
2026-08-12 19:03:49,550 | INFO    | bookdata.pipeline.products | Kategori 'Türk Edebiyatı TOP 50': 1 sayfa, 12 ürün
2026-08-12 19:03:49,687 | INFO    | bookdata.pipeline.products | Kategori '5. Sınıf Kitapları': 1 sayfa, 12 ürün
2026-08-12 19:03:50,001 | INFO    | bookdata.pipeline.products | Kategori 'Anı - Mektup - Günlük Kitapları': 1 sayfa, 12 ürün
2026-08-12 19:03:50,132 | INFO    | bookdata.pipeline.products | Kategori 'Latin Edebiyatı': 1 sayfa, 12 ürün
2026-08-12 19:03:50,261 | INFO    | bookdata.pipeline.products | Kategori 'Sanatsal Malzemeler': 1 sayfa, 12 ürün
2026-08-12 19:03:50,580 | INFO    | bookdata.pipeline.products | Kategori 'Tavsiye Kitapları': 1 sayfa, 12 ürün
2026-08-12 19:03:50,712 | INFO    | bookdata.pipeline.products | Kategori 'En Çok Satan Dünya Tarihi Kitapları': 1 sayfa, 12 ürün
2026-08-12 19:03:50,927 | INFO    | bookdata.pipeline.products | Kategori 'Çocuk Boyama Kitapları': 1 sayfa, 12 ürün
2026-08-12 19:03:51,064 | INFO    | bookdata.pipeline.products | Kategori 'Polisiye Romanlar': 1 sayfa, 12 ürün
2026-08-12 19:03:51,195 | INFO    | bookdata.pipeline.products | Kategori 'Referans Kitaplar': 1 sayfa, 12 ürün
2026-08-12 19:03:51,328 | INFO    | bookdata.pipeline.products | Kategori 'Okunması Gereken Şiir Kitapları': 1 sayfa, 12 ürün
2026-08-12 19:03:51,543 | INFO    | bookdata.pipeline.products | Kategori 'Okul Öncesi Çocuk Kitapları': 1 sayfa, 12 ürün
2026-08-12 19:03:51,685 | INFO    | bookdata.pipeline.products | Kategori 'Tarihi Romanlar': 1 sayfa, 12 ürün
2026-08-12 19:03:51,915 | INFO    | bookdata.pipeline.products | Kategori 'Sessiz Kitaplar': 1 sayfa, 12 ürün
2026-08-12 19:03:52,135 | INFO    | bookdata.pipeline.products | Kategori 'En Çok Satan Diyet Kitapları': 1 sayfa, 12 ürün
2026-08-12 19:03:52,270 | INFO    | bookdata.pipeline.products | Kategori 'Dosya ve Klasörler': 1 sayfa, 12 ürün
2026-08-12 19:03:52,404 | INFO    | bookdata.pipeline.products | Kategori 'Araştırma ve İnceleme Kitapları': 1 sayfa, 12 ürün
2026-08-12 19:03:52,722 | INFO    | bookdata.pipeline.products | Kategori 'Gezi ve Rehber Kitapları': 1 sayfa, 12 ürün
2026-08-12 19:03:52,856 | INFO    | bookdata.pipeline.products | Kategori 'Okul Öncesi Şekilli Kitaplar': 1 sayfa, 12 ürün
2026-08-12 19:03:52,997 | INFO    | bookdata.pipeline.products | Kategori 'Dünya Tarihi Kitapları': 1 sayfa, 12 ürün
2026-08-12 19:03:53,134 | INFO    | bookdata.pipeline.products | Kategori 'İstanbul Rehberi Kitapları': 1 sayfa, 12 ürün
2026-08-12 19:03:53,347 | INFO    | bookdata.pipeline.products | Kategori 'Ülkeler Tarihi Kitapları': 1 sayfa, 2 ürün
2026-08-12 19:03:53,485 | INFO    | bookdata.pipeline.products | Kategori 'En Çok Okunan Karikatür Kitapları': 1 sayfa, 12 ürün
2026-08-12 19:03:53,616 | INFO    | bookdata.pipeline.products | Kategori 'Casusluk Kitapları': 1 sayfa, 12 ürün
2026-08-12 19:03:53,750 | INFO    | bookdata.pipeline.products | Kategori 'Çanta ve Mataralar': 1 sayfa, 12 ürün
2026-08-12 19:03:54,077 | INFO    | bookdata.pipeline.products | Kategori 'Roman': 1 sayfa, 12 ürün
2026-08-12 19:03:54,212 | INFO    | bookdata.pipeline.products | Kategori 'Ölçü ve Çizim Malzemeleri': 1 sayfa, 12 ürün
2026-08-12 19:03:54,446 | INFO    | bookdata.pipeline.products | Kategori 'Yabancı Dilde Edebiyat Kitapları': 1 sayfa, 12 ürün
2026-08-12 19:03:54,683 | INFO    | bookdata.pipeline.products | Kategori 'Kent Rehberleri': 1 sayfa, 12 ürün
2026-08-12 19:03:54,795 | INFO    | bookdata.pipeline.products | Kategori 'Yabancı Dilde Tarih Kitapları ': 1 sayfa, 1 ürün
2026-08-12 19:03:54,929 | INFO    | bookdata.pipeline.products | Kategori 'Osmanlı Tarihi Kitapları': 1 sayfa, 12 ürün
2026-08-12 19:03:55,169 | INFO    | bookdata.pipeline.products | Kategori 'Aşk Kitapları': 1 sayfa, 12 ürün
2026-08-12 19:03:55,315 | INFO    | bookdata.pipeline.products | Kategori 'Çocuk İlkokul Kitapları': 1 sayfa, 12 ürün
2026-08-12 19:03:55,424 | INFO    | bookdata.pipeline.products | Kategori 'Anatomi Kitapları': 1 sayfa, 1 ürün
2026-08-12 19:03:55,650 | INFO    | bookdata.pipeline.products | Kategori 'Türk Klasikleri Kitapları': 1 sayfa, 12 ürün
2026-08-12 19:03:55,787 | INFO    | bookdata.pipeline.products | Kategori 'En Çok Okunan Bilim Kurgu Kitapları': 1 sayfa, 12 ürün
2026-08-12 19:03:56,003 | INFO    | bookdata.pipeline.products | Kategori 'Slime ve Malzemeleri': 1 sayfa, 5 ürün
2026-08-12 19:03:56,232 | INFO    | bookdata.pipeline.products | Kategori 'Seçili Araştırma ve Tarih Kitapları': 1 sayfa, 12 ürün
2026-08-12 19:03:56,368 | INFO    | bookdata.pipeline.products | Kategori 'En Çok Satan Gerilim Kitapları': 1 sayfa, 12 ürün
2026-08-12 19:03:56,584 | INFO    | bookdata.pipeline.products | Kategori 'Kurtuluş Savaşı Kitapları': 1 sayfa, 2 ürün
2026-08-12 19:03:56,814 | INFO    | bookdata.pipeline.products | Kategori 'Biyografi Otobiyografi Kitapları': 1 sayfa, 12 ürün
2026-08-12 19:03:56,950 | INFO    | bookdata.pipeline.products | Kategori 'Alman Edebiyatı Kitapları': 1 sayfa, 12 ürün
2026-08-12 19:03:57,086 | INFO    | bookdata.pipeline.products | Kategori 'Söyleşi Kitapları': 1 sayfa, 12 ürün
2026-08-12 19:03:57,210 | INFO    | bookdata.pipeline.products | Kategori 'Antik Mısır Kitapları': 1 sayfa, 8 ürün
2026-08-12 19:03:57,438 | INFO    | bookdata.pipeline.products | Kategori 'Din Psikolojisi Kitapları': 1 sayfa, 12 ürün
2026-08-12 19:03:57,773 | INFO    | bookdata.pipeline.products | Kategori 'Tarih - Mitoloji Kitapları': 1 sayfa, 2 ürün
2026-08-12 19:03:58,000 | INFO    | bookdata.pipeline.products | Kategori 'Tarih Felsefesi Kitapları': 1 sayfa, 12 ürün
2026-08-12 19:03:58,136 | INFO    | bookdata.pipeline.products | Kategori 'Fransız Edebiyatı Kitapları': 1 sayfa, 12 ürün
2026-08-12 19:03:58,267 | INFO    | bookdata.pipeline.products | Kategori 'Yapbozlu Kitapları': 1 sayfa, 12 ürün
2026-08-12 19:03:58,399 | INFO    | bookdata.pipeline.products | Kategori 'Yunan Mitolojisi Kitapları': 1 sayfa, 11 ürün
2026-08-12 19:03:58,606 | INFO    | bookdata.pipeline.products | Kategori 'Yabancı Dilde Psikoloji Kitapları': ürün bulunamadı (1 sayfa)
2026-08-12 19:03:58,743 | INFO    | bookdata.pipeline.products | Kategori 'Türkiye Rehber Kitapları': 1 sayfa, 12 ürün
2026-08-12 19:03:58,876 | INFO    | bookdata.pipeline.products | Kategori 'Psikoloji': 1 sayfa, 12 ürün
2026-08-12 19:03:59,051 | INFO    | bookdata.pipeline.products | Kategori 'Eğitim - Okula Yardımcı Kitaplar': 1 sayfa, 27 ürün
2026-08-12 19:03:59,274 | INFO    | bookdata.pipeline.products | Kategori '100 Temel Eser Kitapları': 1 sayfa, 12 ürün
2026-08-12 19:03:59,418 | INFO    | bookdata.pipeline.products | Kategori 'Setler': 1 sayfa, 12 ürün
2026-08-12 19:03:59,652 | INFO    | bookdata.pipeline.products | Kategori 'Çocuk Gelişimi Kitapları': 1 sayfa, 12 ürün
2026-08-12 19:03:59,976 | INFO    | bookdata.pipeline.products | Kategori 'Defterler': 1 sayfa, 12 ürün
2026-08-12 19:04:00,108 | INFO    | bookdata.pipeline.products | Kategori 'Matbu Evraklar ve Makbuzlar': 1 sayfa, 12 ürün
2026-08-12 19:04:00,349 | INFO    | bookdata.pipeline.products | Kategori 'Öykü Kitapları': 1 sayfa, 12 ürün
2026-08-12 19:04:00,478 | INFO    | bookdata.pipeline.products | Kategori 'Yoga Meditasyon Kitapları': 1 sayfa, 12 ürün
2026-08-12 19:04:00,609 | INFO    | bookdata.pipeline.products | Kategori '0-3 Yaş Kitapları': 1 sayfa, 12 ürün
2026-08-12 19:04:00,745 | INFO    | bookdata.pipeline.products | Kategori 'Çocuk Şiir Kitapları': 1 sayfa, 12 ürün
2026-08-12 19:04:00,993 | INFO    | bookdata.pipeline.products | Kategori 'En Sevilen Çocuk Kitabı Setleri': 1 sayfa, 12 ürün
2026-08-12 19:04:01,240 | INFO    | bookdata.pipeline.products | Kategori 'Şiir Kitapları': 1 sayfa, 12 ürün
2026-08-12 19:04:01,371 | INFO    | bookdata.pipeline.products | Kategori 'Beslenme ve Diyet Kitapları': 1 sayfa, 12 ürün
2026-08-12 19:04:01,605 | INFO    | bookdata.pipeline.products | Kategori 'Çocuk Bilmece Bulmaca Kitapları': 1 sayfa, 12 ürün
2026-08-12 19:04:01,735 | INFO    | bookdata.pipeline.products | Kategori 'Çizgi Roman - Anime ve Mangalar': 1 sayfa, 12 ürün
2026-08-12 19:04:01,980 | INFO    | bookdata.pipeline.products | Kategori 'En Çok Satan Otobiyografi Kitapları': 1 sayfa, 12 ürün
2026-08-12 19:04:02,205 | INFO    | bookdata.pipeline.products | Kategori 'I. Dünya Savaşı Kitapları': 1 sayfa, 12 ürün
2026-08-12 19:04:02,342 | INFO    | bookdata.pipeline.products | Kategori 'Roman ve Öykü Kitapları': 1 sayfa, 12 ürün
2026-08-12 19:04:02,477 | INFO    | bookdata.pipeline.products | Kategori 'Gelişim Psikolojisi Kitapları': 1 sayfa, 12 ürün
2026-08-12 19:04:02,602 | INFO    | bookdata.pipeline.products | Kategori 'Sağlıklı Yaşam Kitapları': 1 sayfa, 7 ürün
2026-08-12 19:04:02,822 | INFO    | bookdata.pipeline.products | Kategori 'Kalemler ve Yazı Gereçleri': 1 sayfa, 12 ürün
2026-08-12 19:04:02,963 | INFO    | bookdata.pipeline.products | Kategori 'Sağlık Kitapları': 1 sayfa, 12 ürün
2026-08-12 19:04:03,097 | INFO    | bookdata.pipeline.products | Kategori 'Gençlik Ortaokul Kitapları': 1 sayfa, 12 ürün
2026-08-12 19:04:03,420 | INFO    | bookdata.pipeline.products | Kategori 'Önemli Olaylar ve Biyografi ve Otobiyografi Kitapları': 1 sayfa, 12 ürün
2026-08-12 19:04:03,532 | INFO    | bookdata.pipeline.products | Kategori 'İskandinav Edebiyatı': 1 sayfa, 3 ürün
2026-08-12 19:04:03,656 | INFO    | bookdata.pipeline.products | Kategori 'Bilim Kurgu Kitapları': 1 sayfa, 7 ürün
2026-08-12 19:04:03,792 | INFO    | bookdata.pipeline.products | Kategori 'Ajanda,Takvim Ve Planlayıcılar': 1 sayfa, 12 ürün
2026-08-12 19:04:04,026 | INFO    | bookdata.pipeline.products | Kategori 'Tarihi Kişilikler Kitapları': 1 sayfa, 6 ürün
2026-08-12 19:04:04,178 | INFO    | bookdata.pipeline.products | Kategori 'Okul Öncesi Resimli Kitaplar': 1 sayfa, 12 ürün
2026-08-12 19:04:04,313 | INFO    | bookdata.pipeline.products | Kategori 'Derlemeler': 1 sayfa, 12 ürün
2026-08-12 19:04:04,637 | INFO    | bookdata.pipeline.products | Kategori 'Amerikan Edebiyatı': 1 sayfa, 12 ürün
2026-08-12 19:04:04,771 | INFO    | bookdata.pipeline.products | Kategori 'Genel Sağlık Kitapları': 1 sayfa, 12 ürün
2026-08-12 19:04:04,904 | INFO    | bookdata.pipeline.products | Kategori 'Eğitim Psikolojisi Kitapları': 1 sayfa, 12 ürün
2026-08-12 19:04:05,245 | INFO    | bookdata.pipeline.products | Kategori 'Çocuk Psikolojisi Kitapları': 1 sayfa, 12 ürün
2026-08-12 19:04:05,382 | INFO    | bookdata.pipeline.products | Kategori 'Aile Sağlığı Kitapları': 1 sayfa, 12 ürün
2026-08-12 19:04:05,520 | INFO    | bookdata.pipeline.products | Kategori 'Bilim Kurgu Kitapları': 1 sayfa, 12 ürün
2026-08-12 19:04:05,752 | INFO    | bookdata.pipeline.products | Kategori 'En Çok Satan Selçuklu Tarihi Kitapları': 1 sayfa, 12 ürün
2026-08-12 19:04:05,881 | INFO    | bookdata.pipeline.products | Kategori 'Yakın Tarih Kitapları': 1 sayfa, 12 ürün
2026-08-12 19:04:06,015 | INFO    | bookdata.pipeline.products | Kategori 'Eğitici ve Öğretici Çocuk Kitapları': 1 sayfa, 12 ürün
2026-08-12 19:04:06,136 | INFO    | bookdata.pipeline.products | Kategori 'Dekoratif Ürünler': 1 sayfa, 7 ürün
2026-08-12 19:04:06,375 | INFO    | bookdata.pipeline.products | Kategori 'Sağlık İletişimi Kitapları': 1 sayfa, 12 ürün
2026-08-12 19:04:06,491 | INFO    | bookdata.pipeline.products | Kategori 'Nöroloji Kitapları': 1 sayfa, 1 ürün
2026-08-12 19:04:06,706 | INFO    | bookdata.pipeline.products | Kategori 'Yazıcı ve Fotokopi Kağıtları': 1 sayfa, 5 ürün
2026-08-12 19:04:07,032 | INFO    | bookdata.pipeline.products | Kategori 'Genel Tarih Kitapları ': 1 sayfa, 12 ürün
2026-08-12 19:04:07,167 | INFO    | bookdata.pipeline.products | Kategori 'Çocuk 4-5 Yaş Kitapları': 1 sayfa, 12 ürün
2026-08-12 19:04:07,299 | INFO    | bookdata.pipeline.products | Kategori 'Ortadoğu - Arap Edebiyatı Kitapları': 1 sayfa, 12 ürün
2026-08-12 19:04:07,550 | INFO    | bookdata.pipeline.products | Kategori 'Çocuk Kitapları': 1 sayfa, 12 ürün
2026-08-12 19:04:07,679 | INFO    | bookdata.pipeline.products | Kategori 'Genel Ülke Edebiyatları Kitapları': 1 sayfa, 12 ürün
2026-08-12 19:04:07,815 | INFO    | bookdata.pipeline.products | Kategori '1. Sınıf Kitapları': 1 sayfa, 12 ürün
2026-08-12 19:04:07,951 | INFO    | bookdata.pipeline.products | Kategori 'Genel Psikoloji Kitapları': 1 sayfa, 12 ürün
2026-08-12 19:04:08,186 | INFO    | bookdata.pipeline.products | Kategori 'Gezi ve Rehber Kitapları': 1 sayfa, 12 ürün
2026-08-12 19:04:08,314 | INFO    | bookdata.pipeline.products | Kategori '4. Sınıf Kitapları': 1 sayfa, 12 ürün
2026-08-12 19:04:08,446 | INFO    | bookdata.pipeline.products | Kategori 'Dil Bilimi Kitapları': 1 sayfa, 12 ürün
2026-08-12 19:04:08,851 | INFO    | bookdata.pipeline.products | Kategori 'Biyoloji - Genetik Kitapları': 1 sayfa, 1 ürün
2026-08-12 19:04:08,993 | INFO    | bookdata.pipeline.products | Kategori 'Biyografi ve Otobiyografi Kitapları': 1 sayfa, 12 ürün
2026-08-12 19:04:44,010 | INFO    | bookdata.pipeline.products | Kategori 'Yayınevi Listesi': ürün bulunamadı (50 sayfa)
2026-08-12 19:04:58,713 | INFO    | bookdata.pipeline.products | Kategori 'Yazar Listesi': ürün bulunamadı (50 sayfa)
2026-08-12 19:04:58,726 | INFO    | bookdata.pipeline.standardize | Standardize edildi: 2380 ham → 2139 ürün
2026-08-12 19:04:58,972 | INFO    | bookdata.pipeline.merge | Fiyat karşılaştırması: 2139 ürünün 2067 tanesinde değişiklik/yeni kayıt
2026-08-12 19:04:58,988 | INFO    | bookdata.adapters.storage | Veri setine 2067 yeni kayıt eklendi: Data/bkm_Datasets.csv
2026-08-12 19:04:59,008 | INFO    | bookdata.pipeline.runner | Özet: 246 kategori bulundu, 234 işlendi; 2139 ürün → 2067 kayıt eklendi (toplam 28786). İstek: 333, hata: 0
2026-08-12 19:05:01,769 | INFO    | bookdata.adapters.kaggle | Kaggle yayını tamamlandı: furkanzeki/bkm-book-dataset (2026-08-12)
2026-08-13 07:36:42,601 | INFO    | bookdata.pipeline.filter | Ignore kuralları gereği 12 kategori atlandı (10 desen)
2026-08-13 07:36:43,338 | INFO    | bookdata.pipeline.products | Kategori 'Dosya ve Klasörler': 1 sayfa, 12 ürün
2026-08-13 07:36:43,498 | INFO    | bookdata.pipeline.products | Kategori 'Din Psikolojisi Kitapları': 1 sayfa, 12 ürün
2026-08-13 07:36:43,798 | INFO    | bookdata.pipeline.products | Kategori 'Fizik Tedavi ve Rehabilitasyon Kitapları': 1 sayfa, 1 ürün
2026-08-13 07:36:43,943 | INFO    | bookdata.pipeline.products | Kategori 'Çocuk 0-3 Yaş Kitapları': 1 sayfa, 12 ürün
2026-08-13 07:36:44,077 | INFO    | bookdata.pipeline.products | Kategori 'Denemeler': 1 sayfa, 12 ürün
2026-08-13 07:36:44,249 | INFO    | bookdata.pipeline.products | Kategori 'Seçili Araştırma ve Tarih Kitapları': 1 sayfa, 12 ürün
2026-08-13 07:36:44,356 | INFO    | bookdata.pipeline.products | Kategori 'Tarih - Mitoloji Kitapları': 1 sayfa, 2 ürün
2026-08-13 07:36:44,467 | INFO    | bookdata.pipeline.products | Kategori 'Bölgeler Tarihi Kitapları': 1 sayfa, 3 ürün
2026-08-13 07:36:44,601 | INFO    | bookdata.pipeline.products | Kategori 'Çocuk Etkinlik Kitapları': 1 sayfa, 12 ürün
2026-08-13 07:36:44,771 | INFO    | bookdata.pipeline.products | Kategori 'Ülke Rehberi Kitapları': 1 sayfa, 12 ürün
2026-08-13 07:36:44,897 | INFO    | bookdata.pipeline.products | Kategori 'Dokun Hisset Kitapları': 1 sayfa, 10 ürün
2026-08-13 07:36:45,026 | INFO    | bookdata.pipeline.products | Kategori '3-6 Yaş Kitapları': 1 sayfa, 12 ürün
2026-08-13 07:36:45,170 | INFO    | bookdata.pipeline.products | Kategori 'Çocuk İlkokul Kitapları': 1 sayfa, 12 ürün
2026-08-13 07:36:45,340 | INFO    | bookdata.pipeline.products | Kategori 'Türkiye - Yakın Tarih Kitapları': 1 sayfa, 12 ürün
2026-08-13 07:36:45,469 | INFO    | bookdata.pipeline.products | Kategori 'Özel Eğitim Çocuk Kitapları': 1 sayfa, 12 ürün
2026-08-13 07:36:45,598 | INFO    | bookdata.pipeline.products | Kategori 'Yapıştırıcı ve Bantlar': 1 sayfa, 12 ürün
2026-08-13 07:36:45,774 | INFO    | bookdata.pipeline.products | Kategori 'Roman': 1 sayfa, 12 ürün
2026-08-13 07:36:45,890 | INFO    | bookdata.pipeline.products | Kategori 'Histoloji ve Embriyoloji Kitapları': 1 sayfa, 1 ürün
2026-08-13 07:36:46,020 | INFO    | bookdata.pipeline.products | Kategori 'Önemli Olaylar ve Biyografi ve Otobiyografi Kitapları': 1 sayfa, 12 ürün
2026-08-13 07:36:46,147 | INFO    | bookdata.pipeline.products | Kategori 'Türkiye ve Cumhuriyet Tarihi Kitapları': 1 sayfa, 12 ürün
2026-08-13 07:36:46,313 | INFO    | bookdata.pipeline.products | Kategori 'Yazıcı ve Fotokopi Kağıtları': 1 sayfa, 5 ürün
2026-08-13 07:36:46,440 | INFO    | bookdata.pipeline.products | Kategori 'Eğitici ve Öğretici Çocuk Kitapları': 1 sayfa, 12 ürün
2026-08-13 07:36:46,568 | INFO    | bookdata.pipeline.products | Kategori 'Anlatı Kitapları': 1 sayfa, 12 ürün
2026-08-13 07:36:46,706 | INFO    | bookdata.pipeline.products | Kategori 'Beslenme ve Diyet Kitapları': 1 sayfa, 12 ürün
2026-08-13 07:36:46,874 | INFO    | bookdata.pipeline.products | Kategori 'Tarihi Kişilikler Kitapları': 1 sayfa, 6 ürün
2026-08-13 07:36:47,003 | INFO    | bookdata.pipeline.products | Kategori 'Kent Rehberleri': 1 sayfa, 12 ürün
2026-08-13 07:36:47,135 | INFO    | bookdata.pipeline.products | Kategori 'En Çok Satan Diyet Kitapları': 1 sayfa, 12 ürün
2026-08-13 07:36:47,267 | INFO    | bookdata.pipeline.products | Kategori 'Çocuk Bilim Kitapları': 1 sayfa, 12 ürün
2026-08-13 07:36:47,437 | INFO    | bookdata.pipeline.products | Kategori 'Psikoloji': 1 sayfa, 12 ürün
2026-08-13 07:36:47,568 | INFO    | bookdata.pipeline.products | Kategori 'Anı - Mektup - Günlük Kitapları': 1 sayfa, 12 ürün
2026-08-13 07:36:47,709 | INFO    | bookdata.pipeline.products | Kategori 'Türk Edebiyatı Romanları': 1 sayfa, 12 ürün
2026-08-13 07:36:47,840 | INFO    | bookdata.pipeline.products | Kategori 'Ajanda,Takvim Ve Planlayıcılar': 1 sayfa, 12 ürün
2026-08-13 07:36:48,027 | INFO    | bookdata.pipeline.products | Kategori 'Tarihi Romanlar': 1 sayfa, 12 ürün
2026-08-13 07:36:48,168 | INFO    | bookdata.pipeline.products | Kategori 'Öykü Kitapları': 1 sayfa, 12 ürün
2026-08-13 07:36:48,296 | INFO    | bookdata.pipeline.products | Kategori 'En Çok Satan Fantastik Kitaplar': 1 sayfa, 12 ürün
2026-08-13 07:36:48,467 | INFO    | bookdata.pipeline.products | Kategori 'Araştırma - İnceleme Kitapları': 1 sayfa, 12 ürün
2026-08-13 07:36:48,610 | INFO    | bookdata.pipeline.products | Kategori 'Yapbozlu Kitapları': 1 sayfa, 12 ürün
2026-08-13 07:36:48,738 | INFO    | bookdata.pipeline.products | Kategori 'Çocuk 4-5 Yaş Kitapları': 1 sayfa, 12 ürün
2026-08-13 07:36:48,866 | INFO    | bookdata.pipeline.products | Kategori 'Yabancı Dilde Çocuk Kitapları': 1 sayfa, 12 ürün
2026-08-13 07:36:49,063 | INFO    | bookdata.pipeline.products | Kategori 'Ofis Makineleri': 1 sayfa, 12 ürün
2026-08-13 07:36:49,195 | INFO    | bookdata.pipeline.products | Kategori 'Çocuk Kitabı TOP 50': 1 sayfa, 12 ürün
2026-08-13 07:36:49,334 | INFO    | bookdata.pipeline.products | Kategori 'Türkiye Rehber Kitapları': 1 sayfa, 12 ürün
2026-08-13 07:36:49,463 | INFO    | bookdata.pipeline.products | Kategori 'Biyoloji - Genetik Kitapları': 1 sayfa, 1 ürün
2026-08-13 07:36:49,637 | INFO    | bookdata.pipeline.products | Kategori 'Annelik ve Çocuk Bakımı Kitapları': 1 sayfa, 12 ürün
2026-08-13 07:36:49,768 | INFO    | bookdata.pipeline.products | Kategori 'Ofis Malzemeleri': 1 sayfa, 12 ürün
2026-08-13 07:36:49,894 | INFO    | bookdata.pipeline.products | Kategori 'Türk Edebiyatı TOP 50': 1 sayfa, 12 ürün
2026-08-13 07:36:50,062 | INFO    | bookdata.pipeline.products | Kategori 'Eğitim - Okula Yardımcı Kitaplar': 1 sayfa, 27 ürün
2026-08-13 07:36:50,245 | INFO    | bookdata.pipeline.products | Kategori 'II. Dünya Savaşı Kitapları': 1 sayfa, 12 ürün
2026-08-13 07:36:50,383 | INFO    | bookdata.pipeline.products | Kategori '5. Sınıf Kitapları': 1 sayfa, 12 ürün
2026-08-13 07:36:50,520 | INFO    | bookdata.pipeline.products | Kategori 'Çizgi Roman Kitapları': 1 sayfa, 12 ürün
2026-08-13 07:36:50,686 | INFO    | bookdata.pipeline.products | Kategori 'Karikatürler': 1 sayfa, 12 ürün
2026-08-13 07:36:50,794 | INFO    | bookdata.pipeline.products | Kategori 'Anatomi Kitapları': 1 sayfa, 1 ürün
2026-08-13 07:36:50,899 | INFO    | bookdata.pipeline.products | Kategori 'Yabancı Dilde Psikoloji Kitapları': ürün bulunamadı (1 sayfa)
2026-08-13 07:36:51,028 | INFO    | bookdata.pipeline.products | Kategori 'Divan Edebiyatı ve Halk Edebiyatı Kitapları': 1 sayfa, 12 ürün
2026-08-13 07:36:51,207 | INFO    | bookdata.pipeline.products | Kategori 'Çocuk 6-7 Yaş Kitapları': 1 sayfa, 12 ürün
2026-08-13 07:36:51,331 | INFO    | bookdata.pipeline.products | Kategori 'En Çok Okunan Bilim Kurgu Kitapları': 1 sayfa, 12 ürün
2026-08-13 07:36:51,447 | INFO    | bookdata.pipeline.products | Kategori 'İskandinav Edebiyatı': 1 sayfa, 3 ürün
2026-08-13 07:36:51,572 | INFO    | bookdata.pipeline.products | Kategori 'Okul Öncesi Şekilli Kitaplar': 1 sayfa, 12 ürün
2026-08-13 07:36:51,774 | INFO    | bookdata.pipeline.products | Kategori 'Hikayeler': 1 sayfa, 12 ürün
2026-08-13 07:36:51,910 | INFO    | bookdata.pipeline.products | Kategori 'Biyografi Otobiyografi Kitapları': 1 sayfa, 12 ürün
2026-08-13 07:36:52,040 | INFO    | bookdata.pipeline.products | Kategori 'Sağlık İletişimi Kitapları': 1 sayfa, 12 ürün
2026-08-13 07:36:52,167 | INFO    | bookdata.pipeline.products | Kategori 'En Çok Satan Dünya Tarihi Kitapları': 1 sayfa, 12 ürün
2026-08-13 07:36:52,343 | INFO    | bookdata.pipeline.products | Kategori 'Genel Psikoloji Kitapları': 1 sayfa, 12 ürün
2026-08-13 07:36:52,480 | INFO    | bookdata.pipeline.products | Kategori 'Çocuk Gelişimi Kitapları': 1 sayfa, 12 ürün
2026-08-13 07:36:52,594 | INFO    | bookdata.pipeline.products | Kategori 'Arkeoloji Kitapları': 1 sayfa, 2 ürün
2026-08-13 07:36:52,703 | INFO    | bookdata.pipeline.products | Kategori 'Psikoloji Akımları Kitapları': 1 sayfa, 2 ürün
2026-08-13 07:36:52,872 | INFO    | bookdata.pipeline.products | Kategori 'Takvim Ve Planlayıcılar': 1 sayfa, 12 ürün
2026-08-13 07:36:53,002 | INFO    | bookdata.pipeline.products | Kategori 'Setler': 1 sayfa, 12 ürün
2026-08-13 07:36:53,122 | INFO    | bookdata.pipeline.products | Kategori 'Antik Mısır Kitapları': 1 sayfa, 8 ürün
2026-08-13 07:36:53,296 | INFO    | bookdata.pipeline.products | Kategori 'Ölçü ve Çizim Malzemeleri': 1 sayfa, 12 ürün
2026-08-13 07:36:53,425 | INFO    | bookdata.pipeline.products | Kategori 'Çocuk Rehber - Kişisel Gelişim Kitapları': 1 sayfa, 12 ürün
2026-08-13 07:36:53,562 | INFO    | bookdata.pipeline.products | Kategori 'Aksiyon ve Macera Kitapları': 1 sayfa, 12 ürün
2026-08-13 07:36:53,692 | INFO    | bookdata.pipeline.products | Kategori 'National Geographic Kids': 1 sayfa, 12 ürün
2026-08-13 07:36:53,871 | INFO    | bookdata.pipeline.products | Kategori 'Referans Kitaplar': 1 sayfa, 12 ürün
2026-08-13 07:36:54,009 | INFO    | bookdata.pipeline.products | Kategori 'Çocuk Psikolojisi Kitapları': 1 sayfa, 12 ürün
2026-08-13 07:36:54,139 | INFO    | bookdata.pipeline.products | Kategori 'Senaryo Kitapları': 1 sayfa, 12 ürün
2026-08-13 07:36:54,268 | INFO    | bookdata.pipeline.products | Kategori 'En Çok Okunan Türk Tarihi Kitapları': 1 sayfa, 12 ürün
2026-08-13 07:36:54,437 | INFO    | bookdata.pipeline.products | Kategori 'Yunan Mitolojisi Kitapları': 1 sayfa, 11 ürün
2026-08-13 07:36:54,588 | INFO    | bookdata.pipeline.products | Kategori 'Zeka Gelişimi Kitapları': 1 sayfa, 12 ürün
2026-08-13 07:36:54,718 | INFO    | bookdata.pipeline.products | Kategori 'Türk Klasikleri Kitapları': 1 sayfa, 12 ürün
2026-08-13 07:36:54,851 | INFO    | bookdata.pipeline.products | Kategori 'Cinsellik Kitapları': 1 sayfa, 12 ürün
2026-08-13 07:36:55,025 | INFO    | bookdata.pipeline.products | Kategori 'Yetişkin Masal Kitapları': 1 sayfa, 9 ürün
2026-08-13 07:36:55,156 | INFO    | bookdata.pipeline.products | Kategori 'Alternatif Tıp Şifalı Bitkiler Kitapları': 1 sayfa, 12 ürün
2026-08-13 07:36:55,285 | INFO    | bookdata.pipeline.products | Kategori 'En Çok Satan Gizemli Kitaplar': 1 sayfa, 12 ürün
2026-08-13 07:36:55,460 | INFO    | bookdata.pipeline.products | Kategori 'Korku ve Gerilim Edebiyatı': 1 sayfa, 12 ürün
2026-08-13 07:36:55,597 | INFO    | bookdata.pipeline.products | Kategori '3. Sınıf Kitapları': 1 sayfa, 12 ürün
2026-08-13 07:36:55,727 | INFO    | bookdata.pipeline.products | Kategori 'Etkinlik Kitapları': 1 sayfa, 12 ürün
2026-08-13 07:36:55,857 | INFO    | bookdata.pipeline.products | Kategori 'Yabancı Dilde Edebiyat Kitapları': 1 sayfa, 12 ürün
2026-08-13 07:36:56,044 | INFO    | bookdata.pipeline.products | Kategori 'Sanatsal Malzemeler': 1 sayfa, 12 ürün
2026-08-13 07:36:56,177 | INFO    | bookdata.pipeline.products | Kategori 'Dünya Tarihi Kitapları': 1 sayfa, 12 ürün
2026-08-13 07:36:56,300 | INFO    | bookdata.pipeline.products | Kategori 'Bilim Kurgu Kitapları': 1 sayfa, 7 ürün
2026-08-13 07:36:56,587 | INFO    | bookdata.pipeline.products | Kategori 'Bilimsel Kitaplar': 1 sayfa, 12 ürün
2026-08-13 07:36:56,717 | INFO    | bookdata.pipeline.products | Kategori '2. Sınıf Kitapları': 1 sayfa, 12 ürün
2026-08-13 07:36:56,823 | INFO    | bookdata.pipeline.products | Kategori 'Sosyal Tarih Kitapları': 1 sayfa, 2 ürün
2026-08-13 07:36:56,956 | INFO    | bookdata.pipeline.products | Kategori 'Aile Sağlığı Kitapları': 1 sayfa, 12 ürün
2026-08-13 07:36:57,139 | INFO    | bookdata.pipeline.products | Kategori 'Ekol ve Yaklaşım Kitapları': 1 sayfa, 12 ürün
2026-08-13 07:36:57,272 | INFO    | bookdata.pipeline.products | Kategori 'Dil Bilimi Kitapları': 1 sayfa, 12 ürün
2026-08-13 07:36:57,401 | INFO    | bookdata.pipeline.products | Kategori 'Genel Edebiyat Kitapları': 1 sayfa, 12 ürün
2026-08-13 07:36:57,528 | INFO    | bookdata.pipeline.products | Kategori 'Edebiyat Kitapları': 1 sayfa, 12 ürün
2026-08-13 07:36:57,699 | INFO    | bookdata.pipeline.products | Kategori 'Hamilelik ve Doğum Kitapları': 1 sayfa, 6 ürün
2026-08-13 07:36:57,946 | INFO    | bookdata.pipeline.products | Kategori 'Fantastik Kitaplar': 1 sayfa, 12 ürün
2026-08-13 07:36:58,208 | INFO    | bookdata.pipeline.products | Kategori 'Sağlıklı Yaşam Kitapları': 1 sayfa, 7 ürün
2026-08-13 07:36:58,324 | INFO    | bookdata.pipeline.products | Kategori 'Anadolu Tarihi Kitapları': 1 sayfa, 3 ürün
2026-08-13 07:36:58,452 | INFO    | bookdata.pipeline.products | Kategori 'Casusluk Kitapları': 1 sayfa, 12 ürün
2026-08-13 07:36:58,582 | INFO    | bookdata.pipeline.products | Kategori 'Aforizma': 1 sayfa, 12 ürün
2026-08-13 07:36:58,781 | INFO    | bookdata.pipeline.products | Kategori 'Alman Edebiyatı Kitapları': 1 sayfa, 12 ürün
2026-08-13 07:36:58,897 | INFO    | bookdata.pipeline.products | Kategori 'Psikiyatri ve Psikanaliz Kitapları': 1 sayfa, 5 ürün
2026-08-13 07:36:59,026 | INFO    | bookdata.pipeline.products | Kategori 'Genel Çocuk Kitapları': 1 sayfa, 12 ürün
2026-08-13 07:36:59,161 | INFO    | bookdata.pipeline.products | Kategori 'Çanta ve Mataralar': 1 sayfa, 12 ürün
2026-08-13 07:36:59,457 | INFO    | bookdata.pipeline.products | Kategori 'İtalyan Edebiyatı': 1 sayfa, 12 ürün
2026-08-13 07:36:59,695 | INFO    | bookdata.pipeline.products | Kategori 'Amerikan Edebiyatı': 1 sayfa, 12 ürün
2026-08-13 07:36:59,894 | INFO    | bookdata.pipeline.products | Kategori 'Edebiyat Referans Kitaplar': 1 sayfa, 3 ürün
2026-08-13 07:37:00,009 | INFO    | bookdata.pipeline.products | Kategori 'Periyodik Yayınlar': 1 sayfa, 3 ürün
2026-08-13 07:37:00,126 | INFO    | bookdata.pipeline.products | Kategori 'Tarihi Belgeler Kitapları': 1 sayfa, 2 ürün
2026-08-13 07:37:00,269 | INFO    | bookdata.pipeline.products | Kategori 'Şiir Kitapları': 1 sayfa, 12 ürün
2026-08-13 07:37:00,480 | INFO    | bookdata.pipeline.products | Kategori 'En Çok Satan Osmanlı Kitapları': 1 sayfa, 12 ürün
2026-08-13 07:37:00,617 | INFO    | bookdata.pipeline.products | Kategori 'Gezi ve Rehber Referans Kitapları': 1 sayfa, 12 ürün
2026-08-13 07:37:00,750 | INFO    | bookdata.pipeline.products | Kategori 'Çizgi Roman - Anime ve Mangalar': 1 sayfa, 12 ürün
2026-08-13 07:37:01,056 | INFO    | bookdata.pipeline.products | Kategori 'Çocuk Referans Kitaplar': 1 sayfa, 12 ürün
2026-08-13 07:37:01,189 | INFO    | bookdata.pipeline.products | Kategori 'Polisiye Romanlar': 1 sayfa, 12 ürün
2026-08-13 07:37:01,318 | INFO    | bookdata.pipeline.products | Kategori 'Kağıt Ürünleri': 1 sayfa, 12 ürün
2026-08-13 07:37:01,649 | INFO    | bookdata.pipeline.products | Kategori 'Çocuk Boyama Kitapları': 1 sayfa, 12 ürün
2026-08-13 07:37:01,760 | INFO    | bookdata.pipeline.products | Kategori 'Nöroloji Kitapları': 1 sayfa, 1 ürün
2026-08-13 07:37:01,897 | INFO    | bookdata.pipeline.products | Kategori 'Çok Satan Çizgi Romanlar': 1 sayfa, 12 ürün
2026-08-13 07:37:02,118 | INFO    | bookdata.pipeline.products | Kategori 'Tiyatro ve Piyes Kitapları': 1 sayfa, 12 ürün
2026-08-13 07:37:02,248 | INFO    | bookdata.pipeline.products | Kategori 'Okul Öncesi Çocuk Kitapları': 1 sayfa, 12 ürün
2026-08-13 07:37:02,380 | INFO    | bookdata.pipeline.products | Kategori 'Gelişim Psikolojisi Kitapları': 1 sayfa, 12 ürün
2026-08-13 07:37:02,508 | INFO    | bookdata.pipeline.products | Kategori 'Başvuru Kitapları': 1 sayfa, 12 ürün
2026-08-13 07:37:02,709 | INFO    | bookdata.pipeline.products | Kategori 'Tahta ve Panolar': ürün bulunamadı (1 sayfa)
2026-08-13 07:37:02,913 | INFO    | bookdata.pipeline.products | Kategori 'Kurtuluş Savaşı Kitapları': 1 sayfa, 2 ürün
2026-08-13 07:37:03,232 | INFO    | bookdata.pipeline.products | Kategori 'Araç ve Gereçler': 1 sayfa, 2 ürün
2026-08-13 07:37:03,548 | INFO    | bookdata.pipeline.products | Kategori 'Gezi ve Rehber Kitapları': 1 sayfa, 12 ürün
2026-08-13 07:37:03,654 | INFO    | bookdata.pipeline.products | Kategori 'Coğrafya ve Genel Kitaplar': 1 sayfa, 1 ürün
2026-08-13 07:37:03,788 | INFO    | bookdata.pipeline.products | Kategori 'Dekoratif Ürünler': 1 sayfa, 7 ürün
2026-08-13 07:37:03,904 | INFO    | bookdata.pipeline.products | Kategori 'Selçuklu Dönemi Kitapları': 1 sayfa, 5 ürün
2026-08-13 07:37:04,089 | INFO    | bookdata.pipeline.products | Kategori 'Seyahatname Kitapları': 1 sayfa, 3 ürün
2026-08-13 07:37:04,290 | INFO    | bookdata.pipeline.products | Kategori 'Psikolojik Araştırma Teknikleri Kitapları': 1 sayfa, 1 ürün
2026-08-13 07:37:04,422 | INFO    | bookdata.pipeline.products | Kategori 'Türk Tarihi Araştırmaları Kitapları': 1 sayfa, 12 ürün
2026-08-13 07:37:04,629 | INFO    | bookdata.pipeline.products | Kategori 'Latin Edebiyatı': 1 sayfa, 12 ürün
2026-08-13 07:37:04,752 | INFO    | bookdata.pipeline.products | Kategori 'Psikolojik Danışma Kitapları ': 1 sayfa, 8 ürün
2026-08-13 07:37:04,864 | INFO    | bookdata.pipeline.products | Kategori 'Sosyal Psikoloji Kitapları ': 1 sayfa, 2 ürün
2026-08-13 07:37:04,991 | INFO    | bookdata.pipeline.products | Kategori 'Genel Ülke Edebiyatları Kitapları': 1 sayfa, 12 ürün
2026-08-13 07:37:05,300 | INFO    | bookdata.pipeline.products | Kategori 'En Çok Satan Otobiyografi Kitapları': 1 sayfa, 12 ürün
2026-08-13 07:37:05,435 | INFO    | bookdata.pipeline.products | Kategori 'Sağlık Kitapları': 1 sayfa, 12 ürün
2026-08-13 07:37:05,562 | INFO    | bookdata.pipeline.products | Kategori 'En Çok Satan 50 Dünya Klasiği': 1 sayfa, 12 ürün
2026-08-13 07:37:05,768 | INFO    | bookdata.pipeline.products | Kategori 'Matbu Evraklar ve Makbuzlar': 1 sayfa, 12 ürün
2026-08-13 07:37:05,997 | INFO    | bookdata.pipeline.products | Kategori 'Uzakdoğu Edebiyatı': 1 sayfa, 12 ürün
2026-08-13 07:37:06,125 | INFO    | bookdata.pipeline.products | Kategori 'Tavsiye Kitapları': 1 sayfa, 12 ürün
2026-08-13 07:37:06,341 | INFO    | bookdata.pipeline.products | Kategori 'Psikoloji Başvuru Kitapları': 1 sayfa, 12 ürün
2026-08-13 07:37:06,469 | INFO    | bookdata.pipeline.products | Kategori '100 Temel Eser Kitapları': 1 sayfa, 12 ürün
2026-08-13 07:37:06,601 | INFO    | bookdata.pipeline.products | Kategori 'Gezi ve Rehber Kitapları': 1 sayfa, 12 ürün
2026-08-13 07:37:06,814 | INFO    | bookdata.pipeline.products | Kategori 'En Çok Satan Selçuklu Tarihi Kitapları': 1 sayfa, 12 ürün
2026-08-13 07:37:07,047 | INFO    | bookdata.pipeline.products | Kategori 'Seyahatname Kitapları': 1 sayfa, 12 ürün
2026-08-13 07:37:07,173 | INFO    | bookdata.pipeline.products | Kategori 'Yakın Tarih Kitapları': 1 sayfa, 12 ürün
2026-08-13 07:37:07,392 | INFO    | bookdata.pipeline.products | Kategori 'Çocuk Bilmece Bulmaca Kitapları': 1 sayfa, 12 ürün
2026-08-13 07:37:07,522 | INFO    | bookdata.pipeline.products | Kategori 'Gezi Rehberi Kitapları': 1 sayfa, 12 ürün
2026-08-13 07:37:07,748 | INFO    | bookdata.pipeline.products | Kategori 'Söyleşi Kitapları': 1 sayfa, 12 ürün
2026-08-13 07:37:07,974 | INFO    | bookdata.pipeline.products | Kategori 'Ülkeler Tarihi Kitapları': 1 sayfa, 2 ürün
2026-08-13 07:37:08,117 | INFO    | bookdata.pipeline.products | Kategori 'Biyografi ve Otobiyografi Kitapları': 1 sayfa, 12 ürün
2026-08-13 07:37:08,248 | INFO    | bookdata.pipeline.products | Kategori 'Eleştiri İnceleme ve Kuram Kitapları': 1 sayfa, 12 ürün
2026-08-13 07:37:08,373 | INFO    | bookdata.pipeline.products | Kategori 'Çıkartmalı Kitaplar': 1 sayfa, 12 ürün
2026-08-13 07:37:08,594 | INFO    | bookdata.pipeline.products | Kategori 'Derlemeler': 1 sayfa, 12 ürün
2026-08-13 07:37:08,727 | INFO    | bookdata.pipeline.products | Kategori 'Roman ve Öykü Kitapları': 1 sayfa, 12 ürün
2026-08-13 07:37:08,855 | INFO    | bookdata.pipeline.products | Kategori 'Klasik Romanlar ve Kitapları': 1 sayfa, 12 ürün
2026-08-13 07:37:08,985 | INFO    | bookdata.pipeline.products | Kategori 'Antoloji Kitapları': 1 sayfa, 12 ürün
2026-08-13 07:37:09,197 | INFO    | bookdata.pipeline.products | Kategori 'Tarih Kitapları': 1 sayfa, 12 ürün
2026-08-13 07:37:09,726 | INFO    | bookdata.pipeline.products | Kategori 'Tüm Kategoriler': ürün bulunamadı (1 sayfa)
2026-08-13 07:37:09,857 | INFO    | bookdata.pipeline.products | Kategori '100 Temel Eser': 1 sayfa, 12 ürün
2026-08-13 07:37:09,986 | INFO    | bookdata.pipeline.products | Kategori 'Dünya Klasikleri TOP 50': 1 sayfa, 12 ürün
2026-08-13 07:37:10,115 | INFO    | bookdata.pipeline.products | Kategori 'I. Dünya Savaşı Kitapları': 1 sayfa, 12 ürün
2026-08-13 07:37:10,353 | INFO    | bookdata.pipeline.products | Kategori 'Çocuk Şiir Kitapları': 1 sayfa, 12 ürün
2026-08-13 07:37:10,488 | INFO    | bookdata.pipeline.products | Kategori ' Mizah Kitapları': 1 sayfa, 12 ürün
2026-08-13 07:37:10,617 | INFO    | bookdata.pipeline.products | Kategori 'Yoga Meditasyon Kitapları': 1 sayfa, 12 ürün
2026-08-13 07:37:10,821 | INFO    | bookdata.pipeline.products | Kategori 'Sessiz Kitaplar': 1 sayfa, 12 ürün
2026-08-13 07:37:10,951 | INFO    | bookdata.pipeline.products | Kategori 'Fantastik Çocuk Kitapları': 1 sayfa, 12 ürün
2026-08-13 07:37:11,084 | INFO    | bookdata.pipeline.products | Kategori 'Genel Sağlık Kitapları': 1 sayfa, 12 ürün
2026-08-13 07:37:11,394 | INFO    | bookdata.pipeline.products | Kategori 'Gençlik Ortaokul Kitapları': 1 sayfa, 12 ürün
2026-08-13 07:37:11,528 | INFO    | bookdata.pipeline.products | Kategori 'Okunması Gereken Şiir Kitapları': 1 sayfa, 12 ürün
2026-08-13 07:37:11,757 | INFO    | bookdata.pipeline.products | Kategori '0-3 Yaş Kitapları': 1 sayfa, 12 ürün
2026-08-13 07:37:11,990 | INFO    | bookdata.pipeline.products | Kategori 'En İyi Korku Kitapları': 1 sayfa, 12 ürün
2026-08-13 07:37:12,121 | INFO    | bookdata.pipeline.products | Kategori 'Rus Edebiyatı': 1 sayfa, 12 ürün
2026-08-13 07:37:12,248 | INFO    | bookdata.pipeline.products | Kategori '1. Sınıf Kitapları': 1 sayfa, 12 ürün
2026-08-13 07:37:12,385 | INFO    | bookdata.pipeline.products | Kategori 'Masallar': 1 sayfa, 12 ürün
2026-08-13 07:37:12,698 | INFO    | bookdata.pipeline.products | Kategori 'Amerika Tarihi Kitapları': ürün bulunamadı (1 sayfa)
2026-08-13 07:37:12,798 | INFO    | bookdata.pipeline.products | Kategori 'KPSS Kitapları': ürün bulunamadı (1 sayfa)
2026-08-13 07:37:12,932 | INFO    | bookdata.pipeline.products | Kategori 'Okul Öncesi Resimli Kitaplar': 1 sayfa, 12 ürün
2026-08-13 07:37:13,177 | INFO    | bookdata.pipeline.products | Kategori 'Bilim Kurgu Kitapları': 1 sayfa, 12 ürün
2026-08-13 07:37:13,314 | INFO    | bookdata.pipeline.products | Kategori 'Psikolojik Kitaplar': 1 sayfa, 12 ürün
2026-08-13 07:37:13,446 | INFO    | bookdata.pipeline.products | Kategori 'Boyalar ve Boya Ürünleri': 1 sayfa, 12 ürün
2026-08-13 07:37:13,757 | INFO    | bookdata.pipeline.products | Kategori 'En Çok Satan Seri Katil Kitapları': 1 sayfa, 11 ürün
2026-08-13 07:37:13,888 | INFO    | bookdata.pipeline.products | Kategori '4. Sınıf Kitapları': 1 sayfa, 12 ürün
2026-08-13 07:37:14,016 | INFO    | bookdata.pipeline.products | Kategori 'Mustafa Kemal Atatürk Kitapları': 1 sayfa, 12 ürün
2026-08-13 07:37:14,319 | INFO    | bookdata.pipeline.products | Kategori 'Milletler Tarihi Kitapları': ürün bulunamadı (1 sayfa)
2026-08-13 07:37:14,450 | INFO    | bookdata.pipeline.products | Kategori 'Dünya Çocuk Klasikleri': 1 sayfa, 12 ürün
2026-08-13 07:37:14,581 | INFO    | bookdata.pipeline.products | Kategori 'En Çok Satan Biyografi Kitapları': 1 sayfa, 12 ürün
2026-08-13 07:37:14,711 | INFO    | bookdata.pipeline.products | Kategori 'Politik - Kurgu Kitapları': 1 sayfa, 12 ürün
2026-08-13 07:37:14,946 | INFO    | bookdata.pipeline.products | Kategori 'Çocuk Kitapları': 1 sayfa, 12 ürün
2026-08-13 07:37:15,067 | INFO    | bookdata.pipeline.products | Kategori 'Çocuk Dil Eğitimi Kitapları': 1 sayfa, 4 ürün
2026-08-13 07:37:15,197 | INFO    | bookdata.pipeline.products | Kategori 'Kürt Edebiyatı': 1 sayfa, 12 ürün
2026-08-13 07:37:15,328 | INFO    | bookdata.pipeline.products | Kategori 'Kinetik Kumlar': 1 sayfa, 12 ürün
2026-08-13 07:37:15,542 | INFO    | bookdata.pipeline.products | Kategori 'Ortadoğu - Arap Edebiyatı Kitapları': 1 sayfa, 12 ürün
2026-08-13 07:37:15,683 | INFO    | bookdata.pipeline.products | Kategori 'Çocuk Çizgi Roman Kitapları': 1 sayfa, 12 ürün
2026-08-13 07:37:15,875 | INFO    | bookdata.pipeline.products | Kategori 'Çok Satanlar': ürün bulunamadı (1 sayfa)
2026-08-13 07:37:16,199 | INFO    | bookdata.pipeline.products | Kategori 'Fransız Edebiyatı Kitapları': 1 sayfa, 12 ürün
2026-08-13 07:37:16,325 | INFO    | bookdata.pipeline.products | Kategori 'İstanbul Rehberi Kitapları': 1 sayfa, 12 ürün
2026-08-13 07:37:16,449 | INFO    | bookdata.pipeline.products | Kategori 'En Çok Satan Gerilim Kitapları': 1 sayfa, 12 ürün
2026-08-13 07:37:16,665 | INFO    | bookdata.pipeline.products | Kategori 'Anaokulu': 1 sayfa, 12 ürün
2026-08-13 07:37:16,800 | INFO    | bookdata.pipeline.products | Kategori 'En Çok Satan 100 Tarih Kitabı': 1 sayfa, 12 ürün
2026-08-13 07:37:16,916 | INFO    | bookdata.pipeline.products | Kategori 'Slime ve Malzemeleri': 1 sayfa, 5 ürün
2026-08-13 07:37:17,126 | INFO    | bookdata.pipeline.products | Kategori 'Defterler': 1 sayfa, 12 ürün
2026-08-13 07:37:17,327 | INFO    | bookdata.pipeline.products | Kategori 'Yabancı Dilde Tarih Kitapları ': 1 sayfa, 1 ürün
2026-08-13 07:37:17,437 | INFO    | bookdata.pipeline.products | Kategori 'Psikiyatri Kitapları': 1 sayfa, 1 ürün
2026-08-13 07:37:17,783 | INFO    | bookdata.pipeline.products | Kategori 'Araştırma ve İnceleme Kitapları': 1 sayfa, 12 ürün
2026-08-13 07:37:17,911 | INFO    | bookdata.pipeline.products | Kategori 'Gençlik Edebiyatı': 1 sayfa, 12 ürün
2026-08-13 07:37:18,018 | INFO    | bookdata.pipeline.products | Kategori 'İlaç Rehber Kitapları': 1 sayfa, 1 ürün
2026-08-13 07:37:18,158 | INFO    | bookdata.pipeline.products | Kategori 'Din Eğitimi Kitapları': 1 sayfa, 12 ürün
2026-08-13 07:37:18,383 | INFO    | bookdata.pipeline.products | Kategori 'Çocuk Boyama Kitapları': 1 sayfa, 12 ürün
2026-08-13 07:37:18,516 | INFO    | bookdata.pipeline.products | Kategori 'İngiliz Edebiyatı': 1 sayfa, 12 ürün
2026-08-13 07:37:18,644 | INFO    | bookdata.pipeline.products | Kategori 'Osmanlı Tarihi Kitapları': 1 sayfa, 12 ürün
2026-08-13 07:37:18,968 | INFO    | bookdata.pipeline.products | Kategori 'En Çok Okunan Karikatür Kitapları': 1 sayfa, 12 ürün
2026-08-13 07:37:19,103 | INFO    | bookdata.pipeline.products | Kategori 'En Sevilen Çocuk Kitabı Setleri': 1 sayfa, 12 ürün
2026-08-13 07:37:19,238 | INFO    | bookdata.pipeline.products | Kategori 'En Çok Okunan Cumhuriyet Tarihi Kitapları': 1 sayfa, 12 ürün
2026-08-13 07:37:19,454 | INFO    | bookdata.pipeline.products | Kategori 'Eğitim Psikolojisi Kitapları': 1 sayfa, 12 ürün
2026-08-13 07:37:19,599 | INFO    | bookdata.pipeline.products | Kategori 'Gençlik Lise Kitapları': 1 sayfa, 12 ürün
2026-08-13 07:37:19,720 | INFO    | bookdata.pipeline.products | Kategori 'Göktürk Tarihi Kitapları': 1 sayfa, 9 ürün
2026-08-13 07:37:20,062 | INFO    | bookdata.pipeline.products | Kategori 'En Çok Okunan Suç Kitapları': 1 sayfa, 12 ürün
2026-08-13 07:37:20,188 | INFO    | bookdata.pipeline.products | Kategori 'Kalemler ve Yazı Gereçleri': 1 sayfa, 12 ürün
2026-08-13 07:37:20,317 | INFO    | bookdata.pipeline.products | Kategori 'Efsane ve Destan Kitapları': 1 sayfa, 12 ürün
2026-08-13 07:37:20,451 | INFO    | bookdata.pipeline.products | Kategori 'İspanyol Edebiyatı': 1 sayfa, 12 ürün
2026-08-13 07:37:20,786 | INFO    | bookdata.pipeline.products | Kategori 'Tarih Felsefesi Kitapları': 1 sayfa, 12 ürün
2026-08-13 07:37:20,916 | INFO    | bookdata.pipeline.products | Kategori 'Genel Tarih Kitapları ': 1 sayfa, 12 ürün
2026-08-13 07:37:21,049 | INFO    | bookdata.pipeline.products | Kategori 'Aşk Kitapları': 1 sayfa, 12 ürün
2026-08-13 07:37:55,063 | INFO    | bookdata.pipeline.products | Kategori 'Yayınevi Listesi': ürün bulunamadı (50 sayfa)
2026-08-13 07:38:15,470 | INFO    | bookdata.pipeline.products | Kategori 'Yazar Listesi': ürün bulunamadı (50 sayfa)
2026-08-13 07:38:15,483 | INFO    | bookdata.pipeline.standardize | Standardize edildi: 2380 ham → 2140 ürün
2026-08-13 07:38:15,753 | INFO    | bookdata.pipeline.merge | Fiyat karşılaştırması: 2140 ürünün 2068 tanesinde değişiklik/yeni kayıt
2026-08-13 07:38:15,769 | INFO    | bookdata.adapters.storage | Veri setine 2068 yeni kayıt eklendi: Data/bkm_Datasets.csv
2026-08-13 07:38:15,790 | INFO    | bookdata.pipeline.runner | Özet: 246 kategori bulundu, 234 işlendi; 2140 ürün → 2068 kayıt eklendi (toplam 30854). İstek: 333, hata: 0
2026-08-13 07:38:18,127 | INFO    | bookdata.adapters.kaggle | Kaggle yayını tamamlandı: furkanzeki/bkm-book-dataset (2026-08-13)
2026-08-13 19:03:45,987 | INFO    | bookdata.pipeline.filter | Ignore kuralları gereği 12 kategori atlandı (10 desen)
2026-08-13 19:03:46,749 | INFO    | bookdata.pipeline.products | Kategori 'Aile Sağlığı Kitapları': 1 sayfa, 12 ürün
2026-08-13 19:03:46,926 | INFO    | bookdata.pipeline.products | Kategori 'Fizik Tedavi ve Rehabilitasyon Kitapları': 1 sayfa, 1 ürün
2026-08-13 19:03:47,063 | INFO    | bookdata.pipeline.products | Kategori 'Başvuru Kitapları': 1 sayfa, 12 ürün
2026-08-13 19:03:47,201 | INFO    | bookdata.pipeline.products | Kategori 'Ofis Makineleri': 1 sayfa, 12 ürün
2026-08-13 19:03:47,341 | INFO    | bookdata.pipeline.products | Kategori 'II. Dünya Savaşı Kitapları': 1 sayfa, 12 ürün
2026-08-13 19:03:47,522 | INFO    | bookdata.pipeline.products | Kategori 'Anlatı Kitapları': 1 sayfa, 12 ürün
2026-08-13 19:03:47,669 | INFO    | bookdata.pipeline.products | Kategori 'National Geographic Kids': 1 sayfa, 12 ürün
2026-08-13 19:03:47,807 | INFO    | bookdata.pipeline.products | Kategori 'Masallar': 1 sayfa, 12 ürün
2026-08-13 19:03:47,922 | INFO    | bookdata.pipeline.products | Kategori 'Sosyal Psikoloji Kitapları ': 1 sayfa, 2 ürün
2026-08-13 19:03:48,116 | INFO    | bookdata.pipeline.products | Kategori 'Divan Edebiyatı ve Halk Edebiyatı Kitapları': 1 sayfa, 12 ürün
2026-08-13 19:03:48,229 | INFO    | bookdata.pipeline.products | Kategori 'Anatomi Kitapları': 1 sayfa, 1 ürün
2026-08-13 19:03:48,370 | INFO    | bookdata.pipeline.products | Kategori 'Denemeler': 1 sayfa, 12 ürün
2026-08-13 19:03:48,510 | INFO    | bookdata.pipeline.products | Kategori 'Fantastik Kitaplar': 1 sayfa, 12 ürün
2026-08-13 19:03:48,672 | INFO    | bookdata.pipeline.products | Kategori 'Dekoratif Ürünler': 1 sayfa, 7 ürün
2026-08-13 19:03:48,818 | INFO    | bookdata.pipeline.products | Kategori '2. Sınıf Kitapları': 1 sayfa, 12 ürün
2026-08-13 19:03:48,950 | INFO    | bookdata.pipeline.products | Kategori '0-3 Yaş Kitapları': 1 sayfa, 12 ürün
2026-08-13 19:03:49,089 | INFO    | bookdata.pipeline.products | Kategori 'Seyahatname Kitapları': 1 sayfa, 12 ürün
2026-08-13 19:03:49,278 | INFO    | bookdata.pipeline.products | Kategori 'Dokun Hisset Kitapları': 1 sayfa, 10 ürün
2026-08-13 19:03:49,417 | INFO    | bookdata.pipeline.products | Kategori 'Matbu Evraklar ve Makbuzlar': 1 sayfa, 12 ürün
2026-08-13 19:03:49,555 | INFO    | bookdata.pipeline.products | Kategori 'Din Eğitimi Kitapları': 1 sayfa, 12 ürün
2026-08-13 19:03:49,752 | INFO    | bookdata.pipeline.products | Kategori 'Roman ve Öykü Kitapları': 1 sayfa, 12 ürün
2026-08-13 19:03:49,894 | INFO    | bookdata.pipeline.products | Kategori 'Türkiye - Yakın Tarih Kitapları': 1 sayfa, 12 ürün
2026-08-13 19:03:50,033 | INFO    | bookdata.pipeline.products | Kategori 'Genel Tarih Kitapları ': 1 sayfa, 12 ürün
2026-08-13 19:03:50,169 | INFO    | bookdata.pipeline.products | Kategori 'Alternatif Tıp Şifalı Bitkiler Kitapları': 1 sayfa, 12 ürün
2026-08-13 19:03:50,376 | INFO    | bookdata.pipeline.products | Kategori 'Anadolu Tarihi Kitapları': 1 sayfa, 3 ürün
2026-08-13 19:03:50,515 | INFO    | bookdata.pipeline.products | Kategori 'Genel Çocuk Kitapları': 1 sayfa, 12 ürün
2026-08-13 19:03:50,641 | INFO    | bookdata.pipeline.products | Kategori 'Antik Mısır Kitapları': 1 sayfa, 8 ürün
2026-08-13 19:03:50,780 | INFO    | bookdata.pipeline.products | Kategori 'Çocuk Bilmece Bulmaca Kitapları': 1 sayfa, 12 ürün
2026-08-13 19:03:50,973 | INFO    | bookdata.pipeline.products | Kategori 'Roman': 1 sayfa, 12 ürün
2026-08-13 19:03:51,116 | INFO    | bookdata.pipeline.products | Kategori 'Çocuk Kitabı TOP 50': 1 sayfa, 12 ürün
2026-08-13 19:03:51,228 | INFO    | bookdata.pipeline.products | Kategori 'Tarihi Belgeler Kitapları': 1 sayfa, 2 ürün
2026-08-13 19:03:51,345 | INFO    | bookdata.pipeline.products | Kategori 'Sosyal Tarih Kitapları': 1 sayfa, 2 ürün
2026-08-13 19:03:51,535 | INFO    | bookdata.pipeline.products | Kategori 'I. Dünya Savaşı Kitapları': 1 sayfa, 12 ürün
2026-08-13 19:03:51,690 | INFO    | bookdata.pipeline.products | Kategori 'Öykü Kitapları': 1 sayfa, 12 ürün
2026-08-13 19:03:51,806 | INFO    | bookdata.pipeline.products | Kategori 'Bölgeler Tarihi Kitapları': 1 sayfa, 3 ürün
2026-08-13 19:03:51,952 | INFO    | bookdata.pipeline.products | Kategori 'Çizgi Roman Kitapları': 1 sayfa, 12 ürün
2026-08-13 19:03:52,147 | INFO    | bookdata.pipeline.products | Kategori 'Yabancı Dilde Tarih Kitapları ': 1 sayfa, 1 ürün
2026-08-13 19:03:52,292 | INFO    | bookdata.pipeline.products | Kategori 'Gezi Rehberi Kitapları': 1 sayfa, 12 ürün
2026-08-13 19:03:52,433 | INFO    | bookdata.pipeline.products | Kategori 'Çıkartmalı Kitaplar': 1 sayfa, 12 ürün
2026-08-13 19:03:52,571 | INFO    | bookdata.pipeline.products | Kategori 'En Çok Satan Biyografi Kitapları': 1 sayfa, 12 ürün
2026-08-13 19:03:52,787 | INFO    | bookdata.pipeline.products | Kategori ' Mizah Kitapları': 1 sayfa, 12 ürün
2026-08-13 19:03:52,929 | INFO    | bookdata.pipeline.products | Kategori 'Din Psikolojisi Kitapları': 1 sayfa, 12 ürün
2026-08-13 19:03:53,074 | INFO    | bookdata.pipeline.products | Kategori 'Çocuk Rehber - Kişisel Gelişim Kitapları': 1 sayfa, 12 ürün
2026-08-13 19:03:53,258 | INFO    | bookdata.pipeline.products | Kategori 'Araç ve Gereçler': 1 sayfa, 2 ürün
2026-08-13 19:03:53,400 | INFO    | bookdata.pipeline.products | Kategori '3. Sınıf Kitapları': 1 sayfa, 12 ürün
2026-08-13 19:03:53,540 | INFO    | bookdata.pipeline.products | Kategori 'Sağlık İletişimi Kitapları': 1 sayfa, 12 ürün
2026-08-13 19:03:53,679 | INFO    | bookdata.pipeline.products | Kategori 'Türk Klasikleri Kitapları': 1 sayfa, 12 ürün
2026-08-13 19:03:53,899 | INFO    | bookdata.pipeline.products | Kategori 'Dil Bilimi Kitapları': 1 sayfa, 12 ürün
2026-08-13 19:03:54,050 | INFO    | bookdata.pipeline.products | Kategori 'İstanbul Rehberi Kitapları': 1 sayfa, 12 ürün
2026-08-13 19:03:54,188 | INFO    | bookdata.pipeline.products | Kategori 'Türk Edebiyatı TOP 50': 1 sayfa, 12 ürün
2026-08-13 19:03:54,324 | INFO    | bookdata.pipeline.products | Kategori 'Çocuk Etkinlik Kitapları': 1 sayfa, 12 ürün
2026-08-13 19:03:54,540 | INFO    | bookdata.pipeline.products | Kategori 'Türk Edebiyatı Romanları': 1 sayfa, 12 ürün
2026-08-13 19:03:54,680 | INFO    | bookdata.pipeline.products | Kategori 'En Çok Satan Otobiyografi Kitapları': 1 sayfa, 12 ürün
2026-08-13 19:03:54,831 | INFO    | bookdata.pipeline.products | Kategori 'Çocuk 6-7 Yaş Kitapları': 1 sayfa, 12 ürün
2026-08-13 19:03:54,975 | INFO    | bookdata.pipeline.products | Kategori 'Gezi ve Rehber Referans Kitapları': 1 sayfa, 12 ürün
2026-08-13 19:03:55,212 | INFO    | bookdata.pipeline.products | Kategori 'Bilim Kurgu Kitapları': 1 sayfa, 12 ürün
2026-08-13 19:03:55,349 | INFO    | bookdata.pipeline.products | Kategori 'Fantastik Çocuk Kitapları': 1 sayfa, 12 ürün
2026-08-13 19:03:55,485 | INFO    | bookdata.pipeline.products | Kategori 'Yapıştırıcı ve Bantlar': 1 sayfa, 12 ürün
2026-08-13 19:03:55,671 | INFO    | bookdata.pipeline.products | Kategori 'Ajanda,Takvim Ve Planlayıcılar': 1 sayfa, 12 ürün
2026-08-13 19:03:55,810 | INFO    | bookdata.pipeline.products | Kategori 'Çocuk 0-3 Yaş Kitapları': 1 sayfa, 12 ürün
2026-08-13 19:03:55,954 | INFO    | bookdata.pipeline.products | Kategori 'Zeka Gelişimi Kitapları': 1 sayfa, 12 ürün
2026-08-13 19:03:56,124 | INFO    | bookdata.pipeline.products | Kategori 'Hikayeler': 1 sayfa, 12 ürün
2026-08-13 19:03:56,313 | INFO    | bookdata.pipeline.products | Kategori 'Dünya Klasikleri TOP 50': 1 sayfa, 12 ürün
2026-08-13 19:03:56,459 | INFO    | bookdata.pipeline.products | Kategori 'Ofis Malzemeleri': 1 sayfa, 12 ürün
2026-08-13 19:03:56,591 | INFO    | bookdata.pipeline.products | Kategori 'Tarih Felsefesi Kitapları': 1 sayfa, 12 ürün
2026-08-13 19:03:56,730 | INFO    | bookdata.pipeline.products | Kategori 'İngiliz Edebiyatı': 1 sayfa, 12 ürün
2026-08-13 19:03:56,932 | INFO    | bookdata.pipeline.products | Kategori 'Gelişim Psikolojisi Kitapları': 1 sayfa, 12 ürün
2026-08-13 19:03:57,078 | INFO    | bookdata.pipeline.products | Kategori 'Çanta ve Mataralar': 1 sayfa, 12 ürün
2026-08-13 19:03:57,216 | INFO    | bookdata.pipeline.products | Kategori 'Ülke Rehberi Kitapları': 1 sayfa, 12 ürün
2026-08-13 19:03:57,403 | INFO    | bookdata.pipeline.products | Kategori 'Çocuk Gelişimi Kitapları': 1 sayfa, 12 ürün
2026-08-13 19:03:57,543 | INFO    | bookdata.pipeline.products | Kategori 'Amerikan Edebiyatı': 1 sayfa, 12 ürün
2026-08-13 19:03:57,684 | INFO    | bookdata.pipeline.products | Kategori 'Ekol ve Yaklaşım Kitapları': 1 sayfa, 12 ürün
2026-08-13 19:03:57,996 | INFO    | bookdata.pipeline.products | Kategori 'Osmanlı Tarihi Kitapları': 1 sayfa, 12 ürün
2026-08-13 19:03:58,123 | INFO    | bookdata.pipeline.products | Kategori 'Selçuklu Dönemi Kitapları': 1 sayfa, 5 ürün
2026-08-13 19:03:58,264 | INFO    | bookdata.pipeline.products | Kategori 'En Çok Satan Gerilim Kitapları': 1 sayfa, 12 ürün
2026-08-13 19:03:58,401 | INFO    | bookdata.pipeline.products | Kategori 'Beslenme ve Diyet Kitapları': 1 sayfa, 12 ürün
2026-08-13 19:03:58,622 | INFO    | bookdata.pipeline.products | Kategori 'Okul Öncesi Çocuk Kitapları': 1 sayfa, 12 ürün
2026-08-13 19:03:58,767 | INFO    | bookdata.pipeline.products | Kategori 'Eğitici ve Öğretici Çocuk Kitapları': 1 sayfa, 12 ürün
2026-08-13 19:03:58,901 | INFO    | bookdata.pipeline.products | Kategori 'Eğitim Psikolojisi Kitapları': 1 sayfa, 12 ürün
2026-08-13 19:03:59,048 | INFO    | bookdata.pipeline.products | Kategori 'Çocuk İlkokul Kitapları': 1 sayfa, 12 ürün
2026-08-13 19:03:59,256 | INFO    | bookdata.pipeline.products | Kategori 'Slime ve Malzemeleri': 1 sayfa, 5 ürün
2026-08-13 19:03:59,482 | INFO    | bookdata.pipeline.products | Kategori 'Milletler Tarihi Kitapları': ürün bulunamadı (1 sayfa)
2026-08-13 19:03:59,619 | INFO    | bookdata.pipeline.products | Kategori 'Mustafa Kemal Atatürk Kitapları': 1 sayfa, 12 ürün
2026-08-13 19:03:59,809 | INFO    | bookdata.pipeline.products | Kategori 'Referans Kitaplar': 1 sayfa, 12 ürün
2026-08-13 19:03:59,953 | INFO    | bookdata.pipeline.products | Kategori 'En Çok Okunan Suç Kitapları': 1 sayfa, 12 ürün
2026-08-13 19:04:00,089 | INFO    | bookdata.pipeline.products | Kategori 'En Çok Satan Gizemli Kitaplar': 1 sayfa, 12 ürün
2026-08-13 19:04:00,207 | INFO    | bookdata.pipeline.products | Kategori 'Kurtuluş Savaşı Kitapları': 1 sayfa, 2 ürün
2026-08-13 19:04:00,415 | INFO    | bookdata.pipeline.products | Kategori 'Seyahatname Kitapları': 1 sayfa, 3 ürün
2026-08-13 19:04:00,556 | INFO    | bookdata.pipeline.products | Kategori 'Kinetik Kumlar': 1 sayfa, 12 ürün
2026-08-13 19:04:00,684 | INFO    | bookdata.pipeline.products | Kategori 'Hamilelik ve Doğum Kitapları': 1 sayfa, 6 ürün
2026-08-13 19:04:00,825 | INFO    | bookdata.pipeline.products | Kategori 'Sessiz Kitaplar': 1 sayfa, 12 ürün
2026-08-13 19:04:01,022 | INFO    | bookdata.pipeline.products | Kategori 'Tarih - Mitoloji Kitapları': 1 sayfa, 2 ürün
2026-08-13 19:04:01,167 | INFO    | bookdata.pipeline.products | Kategori 'Korku ve Gerilim Edebiyatı': 1 sayfa, 12 ürün
2026-08-13 19:04:01,398 | INFO    | bookdata.pipeline.products | Kategori 'Genel Ülke Edebiyatları Kitapları': 1 sayfa, 12 ürün
2026-08-13 19:04:01,632 | INFO    | bookdata.pipeline.products | Kategori 'Karikatürler': 1 sayfa, 12 ürün
2026-08-13 19:04:01,773 | INFO    | bookdata.pipeline.products | Kategori 'Aforizma': 1 sayfa, 12 ürün
2026-08-13 19:04:01,915 | INFO    | bookdata.pipeline.products | Kategori 'Araştırma ve İnceleme Kitapları': 1 sayfa, 12 ürün
2026-08-13 19:04:02,045 | INFO    | bookdata.pipeline.products | Kategori 'Sağlıklı Yaşam Kitapları': 1 sayfa, 7 ürün
2026-08-13 19:04:02,303 | INFO    | bookdata.pipeline.products | Kategori 'Tarihi Romanlar': 1 sayfa, 12 ürün
2026-08-13 19:04:02,444 | INFO    | bookdata.pipeline.products | Kategori 'En Çok Satan Seri Katil Kitapları': 1 sayfa, 11 ürün
2026-08-13 19:04:02,588 | INFO    | bookdata.pipeline.products | Kategori 'Tarih Kitapları': 1 sayfa, 12 ürün
2026-08-13 19:04:02,817 | INFO    | bookdata.pipeline.products | Kategori 'Dosya ve Klasörler': 1 sayfa, 12 ürün
2026-08-13 19:04:02,940 | INFO    | bookdata.pipeline.products | Kategori 'Amerika Tarihi Kitapları': ürün bulunamadı (1 sayfa)
2026-08-13 19:04:03,082 | INFO    | bookdata.pipeline.products | Kategori 'Casusluk Kitapları': 1 sayfa, 12 ürün
2026-08-13 19:04:03,302 | INFO    | bookdata.pipeline.products | Kategori 'Psikoloji Akımları Kitapları': 1 sayfa, 2 ürün
2026-08-13 19:04:03,534 | INFO    | bookdata.pipeline.products | Kategori 'Anaokulu': 1 sayfa, 12 ürün
2026-08-13 19:04:03,667 | INFO    | bookdata.pipeline.products | Kategori 'Bilim Kurgu Kitapları': 1 sayfa, 7 ürün
2026-08-13 19:04:03,799 | INFO    | bookdata.pipeline.products | Kategori 'Yunan Mitolojisi Kitapları': 1 sayfa, 11 ürün
2026-08-13 19:04:04,059 | INFO    | bookdata.pipeline.products | Kategori 'Biyografi ve Otobiyografi Kitapları': 1 sayfa, 12 ürün
2026-08-13 19:04:04,198 | INFO    | bookdata.pipeline.products | Kategori 'Eleştiri İnceleme ve Kuram Kitapları': 1 sayfa, 12 ürün
2026-08-13 19:04:04,338 | INFO    | bookdata.pipeline.products | Kategori 'Cinsellik Kitapları': 1 sayfa, 12 ürün
2026-08-13 19:04:04,458 | INFO    | bookdata.pipeline.products | Kategori 'Yabancı Dilde Psikoloji Kitapları': ürün bulunamadı (1 sayfa)
2026-08-13 19:04:04,736 | INFO    | bookdata.pipeline.products | Kategori 'Derlemeler': 1 sayfa, 12 ürün
2026-08-13 19:04:04,884 | INFO    | bookdata.pipeline.products | Kategori 'Setler': 1 sayfa, 12 ürün
2026-08-13 19:04:05,024 | INFO    | bookdata.pipeline.products | Kategori 'Çocuk 4-5 Yaş Kitapları': 1 sayfa, 12 ürün
2026-08-13 19:04:05,161 | INFO    | bookdata.pipeline.products | Kategori 'Psikoloji': 1 sayfa, 12 ürün
2026-08-13 19:04:05,425 | INFO    | bookdata.pipeline.products | Kategori 'Alman Edebiyatı Kitapları': 1 sayfa, 12 ürün
2026-08-13 19:04:05,670 | INFO    | bookdata.pipeline.products | Kategori 'Ortadoğu - Arap Edebiyatı Kitapları': 1 sayfa, 12 ürün
2026-08-13 19:04:05,814 | INFO    | bookdata.pipeline.products | Kategori 'Türkiye ve Cumhuriyet Tarihi Kitapları': 1 sayfa, 12 ürün
2026-08-13 19:04:06,024 | INFO    | bookdata.pipeline.products | Kategori 'Tarihi Kişilikler Kitapları': 1 sayfa, 6 ürün
2026-08-13 19:04:06,160 | INFO    | bookdata.pipeline.products | Kategori 'Göktürk Tarihi Kitapları': 1 sayfa, 9 ürün
2026-08-13 19:04:06,297 | INFO    | bookdata.pipeline.products | Kategori 'Genel Edebiyat Kitapları': 1 sayfa, 12 ürün
2026-08-13 19:04:06,408 | INFO    | bookdata.pipeline.products | Kategori 'Psikiyatri Kitapları': 1 sayfa, 1 ürün
2026-08-13 19:04:06,647 | INFO    | bookdata.pipeline.products | Kategori 'Söyleşi Kitapları': 1 sayfa, 12 ürün
2026-08-13 19:04:06,798 | INFO    | bookdata.pipeline.products | Kategori 'Araştırma - İnceleme Kitapları': 1 sayfa, 12 ürün
2026-08-13 19:04:06,939 | INFO    | bookdata.pipeline.products | Kategori 'En Çok Satan Fantastik Kitaplar': 1 sayfa, 12 ürün
2026-08-13 19:04:07,056 | INFO    | bookdata.pipeline.products | Kategori 'Biyoloji - Genetik Kitapları': 1 sayfa, 1 ürün
2026-08-13 19:04:07,288 | INFO    | bookdata.pipeline.products | Kategori 'Etkinlik Kitapları': 1 sayfa, 12 ürün
2026-08-13 19:04:07,432 | INFO    | bookdata.pipeline.products | Kategori 'Çizgi Roman - Anime ve Mangalar': 1 sayfa, 12 ürün
2026-08-13 19:04:07,576 | INFO    | bookdata.pipeline.products | Kategori 'Çocuk Kitapları': 1 sayfa, 12 ürün
2026-08-13 19:04:07,684 | INFO    | bookdata.pipeline.products | Kategori 'Psikolojik Araştırma Teknikleri Kitapları': 1 sayfa, 1 ürün
2026-08-13 19:04:08,022 | INFO    | bookdata.pipeline.products | Kategori 'Yoga Meditasyon Kitapları': 1 sayfa, 12 ürün
2026-08-13 19:04:08,172 | INFO    | bookdata.pipeline.products | Kategori '3-6 Yaş Kitapları': 1 sayfa, 12 ürün
2026-08-13 19:04:08,431 | INFO    | bookdata.pipeline.products | Kategori 'Klasik Romanlar ve Kitapları': 1 sayfa, 12 ürün
2026-08-13 19:04:08,553 | INFO    | bookdata.pipeline.products | Kategori 'Arkeoloji Kitapları': 1 sayfa, 2 ürün
2026-08-13 19:04:08,700 | INFO    | bookdata.pipeline.products | Kategori 'Efsane ve Destan Kitapları': 1 sayfa, 12 ürün
2026-08-13 19:04:08,840 | INFO    | bookdata.pipeline.products | Kategori 'Kent Rehberleri': 1 sayfa, 12 ürün
2026-08-13 19:04:09,118 | INFO    | bookdata.pipeline.products | Kategori 'En Çok Satan Diyet Kitapları': 1 sayfa, 12 ürün
2026-08-13 19:04:09,235 | INFO    | bookdata.pipeline.products | Kategori 'Tahta ve Panolar': ürün bulunamadı (1 sayfa)
2026-08-13 19:04:09,476 | INFO    | bookdata.pipeline.products | Kategori 'Antoloji Kitapları': 1 sayfa, 12 ürün
2026-08-13 19:04:09,741 | INFO    | bookdata.pipeline.products | Kategori 'Önemli Olaylar ve Biyografi ve Otobiyografi Kitapları': 1 sayfa, 12 ürün
2026-08-13 19:04:09,879 | INFO    | bookdata.pipeline.products | Kategori 'Bilimsel Kitaplar': 1 sayfa, 12 ürün
2026-08-13 19:04:10,025 | INFO    | bookdata.pipeline.products | Kategori 'Uzakdoğu Edebiyatı': 1 sayfa, 12 ürün
2026-08-13 19:04:10,163 | INFO    | bookdata.pipeline.products | Kategori 'Anı - Mektup - Günlük Kitapları': 1 sayfa, 12 ürün
2026-08-13 19:04:10,402 | INFO    | bookdata.pipeline.products | Kategori 'Yetişkin Masal Kitapları': 1 sayfa, 9 ürün
2026-08-13 19:04:10,546 | INFO    | bookdata.pipeline.products | Kategori 'En Çok Satan Selçuklu Tarihi Kitapları': 1 sayfa, 12 ürün
2026-08-13 19:04:10,694 | INFO    | bookdata.pipeline.products | Kategori 'Çok Satan Çizgi Romanlar': 1 sayfa, 12 ürün
2026-08-13 19:04:11,010 | INFO    | bookdata.pipeline.products | Kategori 'Nöroloji Kitapları': 1 sayfa, 1 ürün
2026-08-13 19:04:11,253 | INFO    | bookdata.pipeline.products | Kategori 'Yazıcı ve Fotokopi Kağıtları': 1 sayfa, 5 ürün
2026-08-13 19:04:11,390 | INFO    | bookdata.pipeline.products | Kategori 'Psikoloji Başvuru Kitapları': 1 sayfa, 12 ürün
2026-08-13 19:04:11,655 | INFO    | bookdata.pipeline.products | Kategori 'Yabancı Dilde Edebiyat Kitapları': 1 sayfa, 12 ürün
2026-08-13 19:04:11,791 | INFO    | bookdata.pipeline.products | Kategori 'En İyi Korku Kitapları': 1 sayfa, 12 ürün
2026-08-13 19:04:11,934 | INFO    | bookdata.pipeline.products | Kategori 'Okunması Gereken Şiir Kitapları': 1 sayfa, 12 ürün
2026-08-13 19:04:12,085 | INFO    | bookdata.pipeline.products | Kategori 'Gençlik Lise Kitapları': 1 sayfa, 12 ürün
2026-08-13 19:04:12,353 | INFO    | bookdata.pipeline.products | Kategori 'Fransız Edebiyatı Kitapları': 1 sayfa, 12 ürün
2026-08-13 19:04:12,492 | INFO    | bookdata.pipeline.products | Kategori 'Çocuk Boyama Kitapları': 1 sayfa, 12 ürün
2026-08-13 19:04:12,631 | INFO    | bookdata.pipeline.products | Kategori 'Biyografi Otobiyografi Kitapları': 1 sayfa, 12 ürün
2026-08-13 19:04:12,731 | INFO    | bookdata.pipeline.products | Kategori 'KPSS Kitapları': ürün bulunamadı (1 sayfa)
2026-08-13 19:04:13,128 | INFO    | bookdata.pipeline.products | Kategori 'İspanyol Edebiyatı': 1 sayfa, 12 ürün
2026-08-13 19:04:13,245 | INFO    | bookdata.pipeline.products | Kategori 'Histoloji ve Embriyoloji Kitapları': 1 sayfa, 1 ürün
2026-08-13 19:04:13,389 | INFO    | bookdata.pipeline.products | Kategori 'Çocuk Psikolojisi Kitapları': 1 sayfa, 12 ürün
2026-08-13 19:04:13,618 | INFO    | bookdata.pipeline.products | Kategori 'Ülkeler Tarihi Kitapları': 1 sayfa, 2 ürün
2026-08-13 19:04:13,777 | INFO    | bookdata.pipeline.products | Kategori 'Tavsiye Kitapları': 1 sayfa, 12 ürün
2026-08-13 19:04:14,017 | INFO    | bookdata.pipeline.products | Kategori 'Çocuk Bilim Kitapları': 1 sayfa, 12 ürün
2026-08-13 19:04:14,315 | INFO    | bookdata.pipeline.products | Kategori 'En Çok Okunan Cumhuriyet Tarihi Kitapları': 1 sayfa, 12 ürün
2026-08-13 19:04:14,427 | INFO    | bookdata.pipeline.products | Kategori 'Yazar Listesi': ürün bulunamadı (3 sayfa)
2026-08-13 19:04:14,553 | INFO    | bookdata.pipeline.products | Kategori 'Periyodik Yayınlar': 1 sayfa, 3 ürün
2026-08-13 19:04:14,689 | INFO    | bookdata.pipeline.products | Kategori 'Yabancı Dilde Çocuk Kitapları': 1 sayfa, 12 ürün
2026-08-13 19:04:14,994 | INFO    | bookdata.pipeline.products | Kategori 'Okul Öncesi Şekilli Kitaplar': 1 sayfa, 12 ürün
2026-08-13 19:04:15,132 | INFO    | bookdata.pipeline.products | Kategori '100 Temel Eser Kitapları': 1 sayfa, 12 ürün
2026-08-13 19:04:15,285 | INFO    | bookdata.pipeline.products | Kategori 'Yapbozlu Kitapları': 1 sayfa, 12 ürün
2026-08-13 19:04:15,432 | INFO    | bookdata.pipeline.products | Kategori 'Şiir Kitapları': 1 sayfa, 12 ürün
2026-08-13 19:04:15,678 | INFO    | bookdata.pipeline.products | Kategori 'Boyalar ve Boya Ürünleri': 1 sayfa, 12 ürün
2026-08-13 19:04:15,801 | INFO    | bookdata.pipeline.products | Kategori 'Çocuk Dil Eğitimi Kitapları': 1 sayfa, 4 ürün
2026-08-13 19:04:16,062 | INFO    | bookdata.pipeline.products | Kategori 'En Çok Okunan Bilim Kurgu Kitapları': 1 sayfa, 12 ürün
2026-08-13 19:04:16,334 | INFO    | bookdata.pipeline.products | Kategori 'Genel Sağlık Kitapları': 1 sayfa, 12 ürün
2026-08-13 19:04:16,440 | INFO    | bookdata.pipeline.products | Kategori 'Çok Satanlar': ürün bulunamadı (1 sayfa)
2026-08-13 19:04:16,580 | INFO    | bookdata.pipeline.products | Kategori 'Dünya Çocuk Klasikleri': 1 sayfa, 12 ürün
2026-08-13 19:04:16,730 | INFO    | bookdata.pipeline.products | Kategori 'Rus Edebiyatı': 1 sayfa, 12 ürün
2026-08-13 19:04:16,978 | INFO    | bookdata.pipeline.products | Kategori 'İlaç Rehber Kitapları': 1 sayfa, 1 ürün
2026-08-13 19:04:17,127 | INFO    | bookdata.pipeline.products | Kategori '1. Sınıf Kitapları': 1 sayfa, 12 ürün
2026-08-13 19:04:17,260 | INFO    | bookdata.pipeline.products | Kategori 'Psikolojik Danışma Kitapları ': 1 sayfa, 8 ürün
2026-08-13 19:04:17,400 | INFO    | bookdata.pipeline.products | Kategori 'En Çok Satan Osmanlı Kitapları': 1 sayfa, 12 ürün
2026-08-13 19:04:17,635 | INFO    | bookdata.pipeline.products | Kategori 'Politik - Kurgu Kitapları': 1 sayfa, 12 ürün
2026-08-13 19:04:17,891 | INFO    | bookdata.pipeline.products | Kategori 'Gezi ve Rehber Kitapları': 1 sayfa, 12 ürün
2026-08-13 19:04:18,031 | INFO    | bookdata.pipeline.products | Kategori 'Yakın Tarih Kitapları': 1 sayfa, 12 ürün
2026-08-13 19:04:18,282 | INFO    | bookdata.pipeline.products | Kategori 'Gezi ve Rehber Kitapları': 1 sayfa, 12 ürün
2026-08-13 19:04:18,432 | INFO    | bookdata.pipeline.products | Kategori 'Psikolojik Kitaplar': 1 sayfa, 12 ürün
2026-08-13 19:04:18,557 | INFO    | bookdata.pipeline.products | Kategori 'Psikiyatri ve Psikanaliz Kitapları': 1 sayfa, 5 ürün
2026-08-13 19:04:18,790 | INFO    | bookdata.pipeline.products | Kategori 'Genel Psikoloji Kitapları': 1 sayfa, 12 ürün
2026-08-13 19:04:18,945 | INFO    | bookdata.pipeline.products | Kategori 'Senaryo Kitapları': 1 sayfa, 12 ürün
2026-08-13 19:04:19,100 | INFO    | bookdata.pipeline.products | Kategori 'Çocuk Çizgi Roman Kitapları': 1 sayfa, 12 ürün
2026-08-13 19:04:19,236 | INFO    | bookdata.pipeline.products | Kategori 'Sağlık Kitapları': 1 sayfa, 12 ürün
2026-08-13 19:04:19,474 | INFO    | bookdata.pipeline.products | Kategori 'Polisiye Romanlar': 1 sayfa, 12 ürün
2026-08-13 19:04:19,612 | INFO    | bookdata.pipeline.products | Kategori 'Türkiye Rehber Kitapları': 1 sayfa, 12 ürün
2026-08-13 19:04:19,854 | INFO    | bookdata.pipeline.products | Kategori 'Takvim Ve Planlayıcılar': 1 sayfa, 12 ürün
2026-08-13 19:04:20,065 | INFO    | bookdata.pipeline.products | Kategori 'Coğrafya ve Genel Kitaplar': 1 sayfa, 1 ürün
2026-08-13 19:04:20,228 | INFO    | bookdata.pipeline.products | Kategori 'Annelik ve Çocuk Bakımı Kitapları': 1 sayfa, 12 ürün
2026-08-13 19:04:20,365 | INFO    | bookdata.pipeline.products | Kategori 'Kalemler ve Yazı Gereçleri': 1 sayfa, 12 ürün
2026-08-13 19:04:20,509 | INFO    | bookdata.pipeline.products | Kategori 'Aşk Kitapları': 1 sayfa, 12 ürün
2026-08-13 19:04:20,757 | INFO    | bookdata.pipeline.products | Kategori 'Edebiyat Referans Kitaplar': 1 sayfa, 3 ürün
2026-08-13 19:04:20,895 | INFO    | bookdata.pipeline.products | Kategori 'Gençlik Ortaokul Kitapları': 1 sayfa, 12 ürün
2026-08-13 19:04:21,044 | INFO    | bookdata.pipeline.products | Kategori 'Defterler': 1 sayfa, 12 ürün
2026-08-13 19:04:21,184 | INFO    | bookdata.pipeline.products | Kategori 'Çocuk Şiir Kitapları': 1 sayfa, 12 ürün
2026-08-13 19:04:21,565 | INFO    | bookdata.pipeline.products | Kategori 'Tüm Kategoriler': ürün bulunamadı (1 sayfa)
2026-08-13 19:04:21,713 | INFO    | bookdata.pipeline.products | Kategori 'En Sevilen Çocuk Kitabı Setleri': 1 sayfa, 12 ürün
2026-08-13 19:04:21,961 | INFO    | bookdata.pipeline.products | Kategori 'Sanatsal Malzemeler': 1 sayfa, 12 ürün
2026-08-13 19:04:22,106 | INFO    | bookdata.pipeline.products | Kategori 'Ölçü ve Çizim Malzemeleri': 1 sayfa, 12 ürün
2026-08-13 19:04:22,358 | INFO    | bookdata.pipeline.products | Kategori 'Çocuk Boyama Kitapları': 1 sayfa, 12 ürün
2026-08-13 19:04:22,588 | INFO    | bookdata.pipeline.products | Kategori 'Tiyatro ve Piyes Kitapları': 1 sayfa, 12 ürün
2026-08-13 19:04:22,730 | INFO    | bookdata.pipeline.products | Kategori 'İtalyan Edebiyatı': 1 sayfa, 12 ürün
2026-08-13 19:04:22,863 | INFO    | bookdata.pipeline.products | Kategori 'En Çok Satan 100 Tarih Kitabı': 1 sayfa, 12 ürün
2026-08-13 19:04:23,016 | INFO    | bookdata.pipeline.products | Kategori 'Okul Öncesi Resimli Kitaplar': 1 sayfa, 12 ürün
2026-08-13 19:04:23,275 | INFO    | bookdata.pipeline.products | Kategori 'Çocuk Referans Kitaplar': 1 sayfa, 12 ürün
2026-08-13 19:04:23,430 | INFO    | bookdata.pipeline.products | Kategori 'Aksiyon ve Macera Kitapları': 1 sayfa, 12 ürün
2026-08-13 19:04:23,574 | INFO    | bookdata.pipeline.products | Kategori '5. Sınıf Kitapları': 1 sayfa, 12 ürün
2026-08-13 19:04:23,711 | INFO    | bookdata.pipeline.products | Kategori 'Türk Tarihi Araştırmaları Kitapları': 1 sayfa, 12 ürün
2026-08-13 19:04:24,111 | INFO    | bookdata.pipeline.products | Kategori '4. Sınıf Kitapları': 1 sayfa, 12 ürün
2026-08-13 19:04:24,258 | INFO    | bookdata.pipeline.products | Kategori 'En Çok Satan Dünya Tarihi Kitapları': 1 sayfa, 12 ürün
2026-08-13 19:04:24,397 | INFO    | bookdata.pipeline.products | Kategori 'Özel Eğitim Çocuk Kitapları': 1 sayfa, 12 ürün
2026-08-13 19:04:24,635 | INFO    | bookdata.pipeline.products | Kategori 'Dünya Tarihi Kitapları': 1 sayfa, 12 ürün
2026-08-13 19:04:24,764 | INFO    | bookdata.pipeline.products | Kategori 'İskandinav Edebiyatı': 1 sayfa, 3 ürün
2026-08-13 19:04:24,901 | INFO    | bookdata.pipeline.products | Kategori 'Gençlik Edebiyatı': 1 sayfa, 12 ürün
2026-08-13 19:04:25,134 | INFO    | bookdata.pipeline.products | Kategori 'Kürt Edebiyatı': 1 sayfa, 12 ürün
2026-08-13 19:04:25,321 | INFO    | bookdata.pipeline.products | Kategori 'Eğitim - Okula Yardımcı Kitaplar': 1 sayfa, 27 ürün
2026-08-13 19:04:25,464 | INFO    | bookdata.pipeline.products | Kategori 'Edebiyat Kitapları': 1 sayfa, 12 ürün
2026-08-13 19:04:25,856 | INFO    | bookdata.pipeline.products | Kategori 'En Çok Satan 50 Dünya Klasiği': 1 sayfa, 12 ürün
2026-08-13 19:04:26,000 | INFO    | bookdata.pipeline.products | Kategori 'Kağıt Ürünleri': 1 sayfa, 12 ürün
2026-08-13 19:04:26,144 | INFO    | bookdata.pipeline.products | Kategori 'Seçili Araştırma ve Tarih Kitapları': 1 sayfa, 12 ürün
2026-08-13 19:04:26,284 | INFO    | bookdata.pipeline.products | Kategori 'Latin Edebiyatı': 1 sayfa, 12 ürün
2026-08-13 19:04:26,501 | INFO    | bookdata.pipeline.products | Kategori 'En Çok Okunan Türk Tarihi Kitapları': 1 sayfa, 12 ürün
2026-08-13 19:04:26,641 | INFO    | bookdata.pipeline.products | Kategori '100 Temel Eser': 1 sayfa, 12 ürün
2026-08-13 19:04:26,779 | INFO    | bookdata.pipeline.products | Kategori 'En Çok Okunan Karikatür Kitapları': 1 sayfa, 12 ürün
2026-08-13 19:04:50,328 | INFO    | bookdata.pipeline.products | Kategori 'Yayınevi Listesi': ürün bulunamadı (50 sayfa)
2026-08-13 19:04:50,341 | INFO    | bookdata.pipeline.standardize | Standardize edildi: 2380 ham → 2140 ürün
2026-08-13 19:04:50,690 | INFO    | bookdata.pipeline.merge | Fiyat karşılaştırması: 2140 ürünün 2068 tanesinde değişiklik/yeni kayıt
2026-08-13 19:04:50,706 | INFO    | bookdata.adapters.storage | Veri setine 2068 yeni kayıt eklendi: Data/bkm_Datasets.csv
2026-08-13 19:04:50,729 | INFO    | bookdata.pipeline.runner | Özet: 246 kategori bulundu, 234 işlendi; 2140 ürün → 2068 kayıt eklendi (toplam 32922). İstek: 286, hata: 0
2026-08-13 19:04:53,608 | INFO    | bookdata.adapters.kaggle | Kaggle yayını tamamlandı: furkanzeki/bkm-book-dataset (2026-08-13)
2026-08-14 07:26:25,616 | INFO    | bookdata.pipeline.filter | Ignore kuralları gereği 12 kategori atlandı (10 desen)
2026-08-14 07:26:26,189 | INFO    | bookdata.pipeline.products | Kategori 'Yakın Tarih Kitapları': 1 sayfa, 12 ürün
2026-08-14 07:26:26,355 | INFO    | bookdata.pipeline.products | Kategori 'Eğitici ve Öğretici Çocuk Kitapları': 1 sayfa, 12 ürün
2026-08-14 07:26:26,475 | INFO    | bookdata.pipeline.products | Kategori 'Başvuru Kitapları': 1 sayfa, 12 ürün
2026-08-14 07:26:26,769 | INFO    | bookdata.pipeline.products | Kategori 'Etkinlik Kitapları': 1 sayfa, 12 ürün
2026-08-14 07:26:26,896 | INFO    | bookdata.pipeline.products | Kategori 'Türkiye ve Cumhuriyet Tarihi Kitapları': 1 sayfa, 12 ürün
2026-08-14 07:26:27,144 | INFO    | bookdata.pipeline.products | Kategori 'Anı - Mektup - Günlük Kitapları': 1 sayfa, 12 ürün
2026-08-14 07:26:27,261 | INFO    | bookdata.pipeline.products | Kategori 'Göktürk Tarihi Kitapları': 1 sayfa, 9 ürün
2026-08-14 07:26:27,389 | INFO    | bookdata.pipeline.products | Kategori 'Türkiye - Yakın Tarih Kitapları': 1 sayfa, 12 ürün
2026-08-14 07:26:27,510 | INFO    | bookdata.pipeline.products | Kategori 'I. Dünya Savaşı Kitapları': 1 sayfa, 12 ürün
2026-08-14 07:26:27,658 | INFO    | bookdata.pipeline.products | Kategori 'Çocuk Bilmece Bulmaca Kitapları': 1 sayfa, 12 ürün
2026-08-14 07:26:27,788 | INFO    | bookdata.pipeline.products | Kategori 'Aksiyon ve Macera Kitapları': 1 sayfa, 12 ürün
2026-08-14 07:26:27,917 | INFO    | bookdata.pipeline.products | Kategori '5. Sınıf Kitapları': 1 sayfa, 12 ürün
2026-08-14 07:26:28,073 | INFO    | bookdata.pipeline.products | Kategori 'Karikatürler': 1 sayfa, 12 ürün
2026-08-14 07:26:28,208 | INFO    | bookdata.pipeline.products | Kategori 'Roman ve Öykü Kitapları': 1 sayfa, 12 ürün
2026-08-14 07:26:28,331 | INFO    | bookdata.pipeline.products | Kategori 'Tarih Kitapları': 1 sayfa, 12 ürün
2026-08-14 07:26:28,458 | INFO    | bookdata.pipeline.products | Kategori 'Anlatı Kitapları': 1 sayfa, 12 ürün
2026-08-14 07:26:28,611 | INFO    | bookdata.pipeline.products | Kategori 'Çocuk 4-5 Yaş Kitapları': 1 sayfa, 12 ürün
2026-08-14 07:26:28,729 | INFO    | bookdata.pipeline.products | Kategori 'Anaokulu': 1 sayfa, 12 ürün
2026-08-14 07:26:28,856 | INFO    | bookdata.pipeline.products | Kategori 'Psikolojik Kitaplar': 1 sayfa, 12 ürün
2026-08-14 07:26:29,917 | INFO    | bookdata.pipeline.products | Kategori 'Roman': 1 sayfa, 12 ürün
2026-08-14 07:26:30,068 | INFO    | bookdata.pipeline.products | Kategori 'Edebiyat Kitapları': 1 sayfa, 12 ürün
2026-08-14 07:26:30,193 | INFO    | bookdata.pipeline.products | Kategori 'Ülke Rehberi Kitapları': 1 sayfa, 12 ürün
2026-08-14 07:26:30,320 | INFO    | bookdata.pipeline.products | Kategori 'Genel Sağlık Kitapları': 1 sayfa, 12 ürün
2026-08-14 07:26:30,472 | INFO    | bookdata.pipeline.products | Kategori 'Çocuk Etkinlik Kitapları': 1 sayfa, 12 ürün
2026-08-14 07:26:30,591 | INFO    | bookdata.pipeline.products | Kategori 'Türk Klasikleri Kitapları': 1 sayfa, 12 ürün
2026-08-14 07:26:30,721 | INFO    | bookdata.pipeline.products | Kategori 'Dünya Tarihi Kitapları': 1 sayfa, 12 ürün
2026-08-14 07:26:30,840 | INFO    | bookdata.pipeline.products | Kategori 'En Çok Satan Biyografi Kitapları': 1 sayfa, 12 ürün
2026-08-14 07:26:30,995 | INFO    | bookdata.pipeline.products | Kategori 'II. Dünya Savaşı Kitapları': 1 sayfa, 12 ürün
2026-08-14 07:26:31,096 | INFO    | bookdata.pipeline.products | Kategori 'Milletler Tarihi Kitapları': ürün bulunamadı (1 sayfa)
2026-08-14 07:26:31,224 | INFO    | bookdata.pipeline.products | Kategori 'Araştırma - İnceleme Kitapları': 1 sayfa, 12 ürün
2026-08-14 07:26:31,368 | INFO    | bookdata.pipeline.products | Kategori 'Hikayeler': 1 sayfa, 12 ürün
2026-08-14 07:26:31,526 | INFO    | bookdata.pipeline.products | Kategori 'Casusluk Kitapları': 1 sayfa, 12 ürün
2026-08-14 07:26:31,638 | INFO    | bookdata.pipeline.products | Kategori 'Araç ve Gereçler': 1 sayfa, 2 ürün
2026-08-14 07:26:31,758 | INFO    | bookdata.pipeline.products | Kategori 'Genel Çocuk Kitapları': 1 sayfa, 12 ürün
2026-08-14 07:26:31,874 | INFO    | bookdata.pipeline.products | Kategori 'Antik Mısır Kitapları': 1 sayfa, 8 ürün
2026-08-14 07:26:32,029 | INFO    | bookdata.pipeline.products | Kategori 'Matbu Evraklar ve Makbuzlar': 1 sayfa, 12 ürün
2026-08-14 07:26:32,152 | INFO    | bookdata.pipeline.products | Kategori '3. Sınıf Kitapları': 1 sayfa, 12 ürün
2026-08-14 07:26:32,279 | INFO    | bookdata.pipeline.products | Kategori '2. Sınıf Kitapları': 1 sayfa, 12 ürün
2026-08-14 07:26:32,400 | INFO    | bookdata.pipeline.products | Kategori '0-3 Yaş Kitapları': 1 sayfa, 12 ürün
2026-08-14 07:26:32,557 | INFO    | bookdata.pipeline.products | Kategori '100 Temel Eser': 1 sayfa, 12 ürün
2026-08-14 07:26:32,658 | INFO    | bookdata.pipeline.products | Kategori 'Fizik Tedavi ve Rehabilitasyon Kitapları': 1 sayfa, 1 ürün
2026-08-14 07:26:32,784 | INFO    | bookdata.pipeline.products | Kategori 'Çocuk Şiir Kitapları': 1 sayfa, 12 ürün
2026-08-14 07:26:32,948 | INFO    | bookdata.pipeline.products | Kategori 'En Çok Satan Selçuklu Tarihi Kitapları': 1 sayfa, 12 ürün
2026-08-14 07:26:33,053 | INFO    | bookdata.pipeline.products | Kategori 'Anadolu Tarihi Kitapları': 1 sayfa, 3 ürün
2026-08-14 07:26:33,159 | INFO    | bookdata.pipeline.products | Kategori 'Sosyal Tarih Kitapları': 1 sayfa, 2 ürün
2026-08-14 07:26:33,283 | INFO    | bookdata.pipeline.products | Kategori 'Din Psikolojisi Kitapları': 1 sayfa, 12 ürün
2026-08-14 07:26:33,452 | INFO    | bookdata.pipeline.products | Kategori 'Psikoloji Başvuru Kitapları': 1 sayfa, 12 ürün
2026-08-14 07:26:33,568 | INFO    | bookdata.pipeline.products | Kategori ' Mizah Kitapları': 1 sayfa, 12 ürün
2026-08-14 07:26:33,688 | INFO    | bookdata.pipeline.products | Kategori 'Türk Edebiyatı TOP 50': 1 sayfa, 12 ürün
2026-08-14 07:26:33,787 | INFO    | bookdata.pipeline.products | Kategori 'Tarihi Belgeler Kitapları': 1 sayfa, 2 ürün
2026-08-14 07:26:33,955 | INFO    | bookdata.pipeline.products | Kategori 'Seçili Araştırma ve Tarih Kitapları': 1 sayfa, 12 ürün
2026-08-14 07:26:34,071 | INFO    | bookdata.pipeline.products | Kategori 'En Çok Satan 50 Dünya Klasiği': 1 sayfa, 12 ürün
2026-08-14 07:26:34,172 | INFO    | bookdata.pipeline.products | Kategori 'Nöroloji Kitapları': 1 sayfa, 1 ürün
2026-08-14 07:26:34,303 | INFO    | bookdata.pipeline.products | Kategori 'Masallar': 1 sayfa, 12 ürün
2026-08-14 07:26:34,474 | INFO    | bookdata.pipeline.products | Kategori 'Okul Öncesi Resimli Kitaplar': 1 sayfa, 12 ürün
2026-08-14 07:26:34,596 | INFO    | bookdata.pipeline.products | Kategori 'Çanta ve Mataralar': 1 sayfa, 12 ürün
2026-08-14 07:26:34,715 | INFO    | bookdata.pipeline.products | Kategori 'Biyografi Otobiyografi Kitapları': 1 sayfa, 12 ürün
2026-08-14 07:26:34,837 | INFO    | bookdata.pipeline.products | Kategori 'Ajanda,Takvim Ve Planlayıcılar': 1 sayfa, 12 ürün
2026-08-14 07:26:34,998 | INFO    | bookdata.pipeline.products | Kategori 'Çizgi Roman - Anime ve Mangalar': 1 sayfa, 12 ürün
2026-08-14 07:26:35,119 | INFO    | bookdata.pipeline.products | Kategori 'En Çok Satan Osmanlı Kitapları': 1 sayfa, 12 ürün
2026-08-14 07:26:35,243 | INFO    | bookdata.pipeline.products | Kategori 'Denemeler': 1 sayfa, 12 ürün
2026-08-14 07:26:35,378 | INFO    | bookdata.pipeline.products | Kategori 'Genel Edebiyat Kitapları': 1 sayfa, 12 ürün
2026-08-14 07:26:35,528 | INFO    | bookdata.pipeline.products | Kategori '100 Temel Eser Kitapları': 1 sayfa, 12 ürün
2026-08-14 07:26:35,647 | INFO    | bookdata.pipeline.products | Kategori 'Yunan Mitolojisi Kitapları': 1 sayfa, 11 ürün
2026-08-14 07:26:35,766 | INFO    | bookdata.pipeline.products | Kategori 'En İyi Korku Kitapları': 1 sayfa, 12 ürün
2026-08-14 07:26:35,923 | INFO    | bookdata.pipeline.products | Kategori 'Çocuk Çizgi Roman Kitapları': 1 sayfa, 12 ürün
2026-08-14 07:26:36,056 | INFO    | bookdata.pipeline.products | Kategori 'Öykü Kitapları': 1 sayfa, 12 ürün
2026-08-14 07:26:36,183 | INFO    | bookdata.pipeline.products | Kategori 'Gençlik Ortaokul Kitapları': 1 sayfa, 12 ürün
2026-08-14 07:26:36,293 | INFO    | bookdata.pipeline.products | Kategori 'Yabancı Dilde Psikoloji Kitapları': ürün bulunamadı (1 sayfa)
2026-08-14 07:26:36,451 | INFO    | bookdata.pipeline.products | Kategori 'Çocuk Referans Kitaplar': 1 sayfa, 12 ürün
2026-08-14 07:26:36,577 | INFO    | bookdata.pipeline.products | Kategori 'Yabancı Dilde Edebiyat Kitapları': 1 sayfa, 12 ürün
2026-08-14 07:26:36,682 | INFO    | bookdata.pipeline.products | Kategori 'Selçuklu Dönemi Kitapları': 1 sayfa, 5 ürün
2026-08-14 07:26:36,807 | INFO    | bookdata.pipeline.products | Kategori 'Alman Edebiyatı Kitapları': 1 sayfa, 12 ürün
2026-08-14 07:26:36,960 | INFO    | bookdata.pipeline.products | Kategori 'Çocuk Kitabı TOP 50': 1 sayfa, 12 ürün
2026-08-14 07:26:37,087 | INFO    | bookdata.pipeline.products | Kategori 'Çocuk Boyama Kitapları': 1 sayfa, 12 ürün
2026-08-14 07:26:37,568 | INFO    | bookdata.pipeline.products | Kategori 'Şiir Kitapları': 1 sayfa, 12 ürün
2026-08-14 07:26:37,693 | INFO    | bookdata.pipeline.products | Kategori 'En Çok Satan Gerilim Kitapları': 1 sayfa, 12 ürün
2026-08-14 07:26:37,843 | INFO    | bookdata.pipeline.products | Kategori 'Tarihi Kişilikler Kitapları': 1 sayfa, 6 ürün
2026-08-14 07:26:37,967 | INFO    | bookdata.pipeline.products | Kategori 'Yetişkin Masal Kitapları': 1 sayfa, 9 ürün
2026-08-14 07:26:38,076 | INFO    | bookdata.pipeline.products | Kategori 'Psikiyatri ve Psikanaliz Kitapları': 1 sayfa, 5 ürün
2026-08-14 07:26:38,176 | INFO    | bookdata.pipeline.products | Kategori 'Tahta ve Panolar': ürün bulunamadı (1 sayfa)
2026-08-14 07:26:38,340 | INFO    | bookdata.pipeline.products | Kategori 'Çizgi Roman Kitapları': 1 sayfa, 12 ürün
2026-08-14 07:26:38,463 | INFO    | bookdata.pipeline.products | Kategori 'National Geographic Kids': 1 sayfa, 12 ürün
2026-08-14 07:26:38,581 | INFO    | bookdata.pipeline.products | Kategori 'Senaryo Kitapları': 1 sayfa, 12 ürün
2026-08-14 07:26:38,742 | INFO    | bookdata.pipeline.products | Kategori 'Söyleşi Kitapları': 1 sayfa, 12 ürün
2026-08-14 07:26:38,863 | INFO    | bookdata.pipeline.products | Kategori 'Fantastik Çocuk Kitapları': 1 sayfa, 12 ürün
2026-08-14 07:26:38,984 | INFO    | bookdata.pipeline.products | Kategori 'Bilim Kurgu Kitapları': 1 sayfa, 12 ürün
2026-08-14 07:26:39,112 | INFO    | bookdata.pipeline.products | Kategori 'En Çok Okunan Karikatür Kitapları': 1 sayfa, 12 ürün
2026-08-14 07:26:39,268 | INFO    | bookdata.pipeline.products | Kategori '4. Sınıf Kitapları': 1 sayfa, 12 ürün
2026-08-14 07:26:39,388 | INFO    | bookdata.pipeline.products | Kategori 'Yoga Meditasyon Kitapları': 1 sayfa, 12 ürün
2026-08-14 07:26:39,491 | INFO    | bookdata.pipeline.products | Kategori 'İskandinav Edebiyatı': 1 sayfa, 3 ürün
2026-08-14 07:26:39,618 | INFO    | bookdata.pipeline.products | Kategori 'Türk Edebiyatı Romanları': 1 sayfa, 12 ürün
2026-08-14 07:26:39,751 | INFO    | bookdata.pipeline.products | Kategori 'Biyoloji - Genetik Kitapları': 1 sayfa, 1 ürün
2026-08-14 07:26:39,873 | INFO    | bookdata.pipeline.products | Kategori 'En Çok Satan Dünya Tarihi Kitapları': 1 sayfa, 12 ürün
2026-08-14 07:26:39,991 | INFO    | bookdata.pipeline.products | Kategori 'Antoloji Kitapları': 1 sayfa, 12 ürün
2026-08-14 07:26:40,114 | INFO    | bookdata.pipeline.products | Kategori 'Çocuk Boyama Kitapları': 1 sayfa, 12 ürün
2026-08-14 07:26:40,271 | INFO    | bookdata.pipeline.products | Kategori 'Aile Sağlığı Kitapları': 1 sayfa, 12 ürün
2026-08-14 07:26:40,385 | INFO    | bookdata.pipeline.products | Kategori 'Coğrafya ve Genel Kitaplar': 1 sayfa, 1 ürün
2026-08-14 07:26:40,510 | INFO    | bookdata.pipeline.products | Kategori 'Uzakdoğu Edebiyatı': 1 sayfa, 12 ürün
2026-08-14 07:26:40,627 | INFO    | bookdata.pipeline.products | Kategori 'Ofis Makineleri': 1 sayfa, 12 ürün
2026-08-14 07:26:40,786 | INFO    | bookdata.pipeline.products | Kategori 'Beslenme ve Diyet Kitapları': 1 sayfa, 12 ürün
2026-08-14 07:26:40,902 | INFO    | bookdata.pipeline.products | Kategori 'Kent Rehberleri': 1 sayfa, 12 ürün
2026-08-14 07:26:41,024 | INFO    | bookdata.pipeline.products | Kategori 'Boyalar ve Boya Ürünleri': 1 sayfa, 12 ürün
2026-08-14 07:26:41,130 | INFO    | bookdata.pipeline.products | Kategori 'Edebiyat Referans Kitaplar': 1 sayfa, 3 ürün
2026-08-14 07:26:41,297 | INFO    | bookdata.pipeline.products | Kategori 'Çocuk 6-7 Yaş Kitapları': 1 sayfa, 12 ürün
2026-08-14 07:26:41,420 | INFO    | bookdata.pipeline.products | Kategori 'Annelik ve Çocuk Bakımı Kitapları': 1 sayfa, 12 ürün
2026-08-14 07:26:41,556 | INFO    | bookdata.pipeline.products | Kategori 'Aşk Kitapları': 1 sayfa, 12 ürün
2026-08-14 07:26:41,711 | INFO    | bookdata.pipeline.products | Kategori 'En Sevilen Çocuk Kitabı Setleri': 1 sayfa, 12 ürün
2026-08-14 07:26:41,838 | INFO    | bookdata.pipeline.products | Kategori 'Önemli Olaylar ve Biyografi ve Otobiyografi Kitapları': 1 sayfa, 12 ürün
2026-08-14 07:26:41,957 | INFO    | bookdata.pipeline.products | Kategori 'İtalyan Edebiyatı': 1 sayfa, 12 ürün
2026-08-14 07:26:42,090 | INFO    | bookdata.pipeline.products | Kategori 'Genel Psikoloji Kitapları': 1 sayfa, 12 ürün
2026-08-14 07:26:42,245 | INFO    | bookdata.pipeline.products | Kategori 'Gelişim Psikolojisi Kitapları': 1 sayfa, 12 ürün
2026-08-14 07:26:42,357 | INFO    | bookdata.pipeline.products | Kategori 'Periyodik Yayınlar': 1 sayfa, 3 ürün
2026-08-14 07:26:42,475 | INFO    | bookdata.pipeline.products | Kategori 'Fantastik Kitaplar': 1 sayfa, 12 ürün
2026-08-14 07:26:42,579 | INFO    | bookdata.pipeline.products | Kategori 'Slime ve Malzemeleri': 1 sayfa, 5 ürün
2026-08-14 07:26:43,166 | INFO    | bookdata.pipeline.products | Kategori 'Alternatif Tıp Şifalı Bitkiler Kitapları': 1 sayfa, 12 ürün
2026-08-14 07:26:43,267 | INFO    | bookdata.pipeline.products | Kategori 'Histoloji ve Embriyoloji Kitapları': 1 sayfa, 1 ürün
2026-08-14 07:26:43,400 | INFO    | bookdata.pipeline.products | Kategori 'Gençlik Edebiyatı': 1 sayfa, 12 ürün
2026-08-14 07:26:43,547 | INFO    | bookdata.pipeline.products | Kategori 'Yazıcı ve Fotokopi Kağıtları': 1 sayfa, 5 ürün
2026-08-14 07:26:43,666 | INFO    | bookdata.pipeline.products | Kategori '1. Sınıf Kitapları': 1 sayfa, 12 ürün
2026-08-14 07:26:43,787 | INFO    | bookdata.pipeline.products | Kategori 'Sağlık İletişimi Kitapları': 1 sayfa, 12 ürün
2026-08-14 07:26:43,910 | INFO    | bookdata.pipeline.products | Kategori 'Tarihi Romanlar': 1 sayfa, 12 ürün
2026-08-14 07:26:44,618 | INFO    | bookdata.pipeline.products | Kategori 'Gezi ve Rehber Kitapları': 1 sayfa, 12 ürün
2026-08-14 07:26:44,739 | INFO    | bookdata.pipeline.products | Kategori 'En Çok Okunan Türk Tarihi Kitapları': 1 sayfa, 12 ürün
2026-08-14 07:26:44,861 | INFO    | bookdata.pipeline.products | Kategori 'Sessiz Kitaplar': 1 sayfa, 12 ürün
2026-08-14 07:26:45,023 | INFO    | bookdata.pipeline.products | Kategori 'Çocuk İlkokul Kitapları': 1 sayfa, 12 ürün
2026-08-14 07:26:45,148 | INFO    | bookdata.pipeline.products | Kategori 'Efsane ve Destan Kitapları': 1 sayfa, 12 ürün
2026-08-14 07:26:45,728 | INFO    | bookdata.pipeline.products | Kategori 'Polisiye Romanlar': 1 sayfa, 12 ürün
2026-08-14 07:26:45,886 | INFO    | bookdata.pipeline.products | Kategori 'Sosyal Psikoloji Kitapları ': 1 sayfa, 2 ürün
2026-08-14 07:26:46,002 | INFO    | bookdata.pipeline.products | Kategori 'Fransız Edebiyatı Kitapları': 1 sayfa, 12 ürün
2026-08-14 07:26:46,130 | INFO    | bookdata.pipeline.products | Kategori 'Tiyatro ve Piyes Kitapları': 1 sayfa, 12 ürün
2026-08-14 07:26:46,297 | INFO    | bookdata.pipeline.products | Kategori 'Defterler': 1 sayfa, 12 ürün
2026-08-14 07:26:46,423 | INFO    | bookdata.pipeline.products | Kategori 'Eleştiri İnceleme ve Kuram Kitapları': 1 sayfa, 12 ürün
2026-08-14 07:26:46,540 | INFO    | bookdata.pipeline.products | Kategori 'En Çok Okunan Bilim Kurgu Kitapları': 1 sayfa, 12 ürün
2026-08-14 07:26:47,330 | INFO    | bookdata.pipeline.products | Kategori 'Latin Edebiyatı': 1 sayfa, 12 ürün
2026-08-14 07:26:47,451 | INFO    | bookdata.pipeline.products | Kategori 'Çocuk Bilim Kitapları': 1 sayfa, 12 ürün
2026-08-14 07:26:47,568 | INFO    | bookdata.pipeline.products | Kategori 'Yapbozlu Kitapları': 1 sayfa, 12 ürün
2026-08-14 07:26:47,693 | INFO    | bookdata.pipeline.products | Kategori 'Zeka Gelişimi Kitapları': 1 sayfa, 12 ürün
2026-08-14 07:26:47,856 | INFO    | bookdata.pipeline.products | Kategori 'Bilim Kurgu Kitapları': 1 sayfa, 7 ürün
2026-08-14 07:26:47,980 | INFO    | bookdata.pipeline.products | Kategori 'Genel Tarih Kitapları ': 1 sayfa, 12 ürün
2026-08-14 07:26:48,101 | INFO    | bookdata.pipeline.products | Kategori 'En Çok Satan Fantastik Kitaplar': 1 sayfa, 12 ürün
2026-08-14 07:26:48,224 | INFO    | bookdata.pipeline.products | Kategori 'Türkiye Rehber Kitapları': 1 sayfa, 12 ürün
2026-08-14 07:26:49,186 | INFO    | bookdata.pipeline.products | Kategori 'Okul Öncesi Çocuk Kitapları': 1 sayfa, 12 ürün
2026-08-14 07:26:49,310 | INFO    | bookdata.pipeline.products | Kategori 'Çok Satan Çizgi Romanlar': 1 sayfa, 12 ürün
2026-08-14 07:26:49,425 | INFO    | bookdata.pipeline.products | Kategori 'Dokun Hisset Kitapları': 1 sayfa, 10 ürün
2026-08-14 07:26:49,600 | INFO    | bookdata.pipeline.products | Kategori 'Yapıştırıcı ve Bantlar': 1 sayfa, 12 ürün
2026-08-14 07:26:49,717 | INFO    | bookdata.pipeline.products | Kategori 'En Çok Satan Diyet Kitapları': 1 sayfa, 12 ürün
2026-08-14 07:26:49,840 | INFO    | bookdata.pipeline.products | Kategori 'Osmanlı Tarihi Kitapları': 1 sayfa, 12 ürün
2026-08-14 07:26:50,360 | INFO    | bookdata.pipeline.products | Kategori 'KPSS Kitapları': ürün bulunamadı (1 sayfa)
2026-08-14 07:26:50,630 | INFO    | bookdata.pipeline.products | Kategori 'En Çok Okunan Cumhuriyet Tarihi Kitapları': 1 sayfa, 12 ürün
2026-08-14 07:26:50,749 | INFO    | bookdata.pipeline.products | Kategori 'Setler': 1 sayfa, 12 ürün
2026-08-14 07:26:50,859 | INFO    | bookdata.pipeline.products | Kategori 'Psikolojik Danışma Kitapları ': 1 sayfa, 8 ürün
2026-08-14 07:26:51,016 | INFO    | bookdata.pipeline.products | Kategori 'Anatomi Kitapları': 1 sayfa, 1 ürün
2026-08-14 07:26:51,118 | INFO    | bookdata.pipeline.products | Kategori 'İlaç Rehber Kitapları': 1 sayfa, 1 ürün
2026-08-14 07:26:51,245 | INFO    | bookdata.pipeline.products | Kategori 'Gençlik Lise Kitapları': 1 sayfa, 12 ürün
2026-08-14 07:26:51,368 | INFO    | bookdata.pipeline.products | Kategori 'İstanbul Rehberi Kitapları': 1 sayfa, 12 ürün
2026-08-14 07:26:51,907 | INFO    | bookdata.pipeline.products | Kategori 'Psikiyatri Kitapları': 1 sayfa, 1 ürün
2026-08-14 07:26:52,105 | INFO    | bookdata.pipeline.products | Kategori 'Çocuk Dil Eğitimi Kitapları': 1 sayfa, 4 ürün
2026-08-14 07:26:52,208 | INFO    | bookdata.pipeline.products | Kategori 'Tarih - Mitoloji Kitapları': 1 sayfa, 2 ürün
2026-08-14 07:26:52,384 | INFO    | bookdata.pipeline.products | Kategori 'Araştırma ve İnceleme Kitapları': 1 sayfa, 12 ürün
2026-08-14 07:26:52,524 | INFO    | bookdata.pipeline.products | Kategori 'Divan Edebiyatı ve Halk Edebiyatı Kitapları': 1 sayfa, 12 ürün
2026-08-14 07:26:52,656 | INFO    | bookdata.pipeline.products | Kategori 'Mustafa Kemal Atatürk Kitapları': 1 sayfa, 12 ürün
2026-08-14 07:26:52,787 | INFO    | bookdata.pipeline.products | Kategori 'Sağlık Kitapları': 1 sayfa, 12 ürün
2026-08-14 07:26:53,561 | INFO    | bookdata.pipeline.products | Kategori 'Okunması Gereken Şiir Kitapları': 1 sayfa, 12 ürün
2026-08-14 07:26:53,678 | INFO    | bookdata.pipeline.products | Kategori 'İspanyol Edebiyatı': 1 sayfa, 12 ürün
2026-08-14 07:26:53,811 | INFO    | bookdata.pipeline.products | Kategori 'Rus Edebiyatı': 1 sayfa, 12 ürün
2026-08-14 07:26:53,980 | INFO    | bookdata.pipeline.products | Kategori 'Kürt Edebiyatı': 1 sayfa, 12 ürün
2026-08-14 07:26:54,108 | INFO    | bookdata.pipeline.products | Kategori 'Ekol ve Yaklaşım Kitapları': 1 sayfa, 12 ürün
2026-08-14 07:26:54,930 | INFO    | bookdata.pipeline.products | Kategori 'Tüm Kategoriler': ürün bulunamadı (1 sayfa)
2026-08-14 07:26:55,060 | INFO    | bookdata.pipeline.products | Kategori 'Korku ve Gerilim Edebiyatı': 1 sayfa, 12 ürün
2026-08-14 07:26:55,181 | INFO    | bookdata.pipeline.products | Kategori 'Gezi ve Rehber Referans Kitapları': 1 sayfa, 12 ürün
2026-08-14 07:26:55,284 | INFO    | bookdata.pipeline.products | Kategori 'Kurtuluş Savaşı Kitapları': 1 sayfa, 2 ürün
2026-08-14 07:26:55,469 | INFO    | bookdata.pipeline.products | Kategori 'İngiliz Edebiyatı': 1 sayfa, 12 ürün
2026-08-14 07:26:55,563 | INFO    | bookdata.pipeline.products | Kategori 'Çok Satanlar': ürün bulunamadı (1 sayfa)
2026-08-14 07:26:55,680 | INFO    | bookdata.pipeline.products | Kategori 'En Çok Satan Seri Katil Kitapları': 1 sayfa, 11 ürün
2026-08-14 07:26:55,860 | INFO    | bookdata.pipeline.products | Kategori 'Derlemeler': 1 sayfa, 12 ürün
2026-08-14 07:26:55,958 | INFO    | bookdata.pipeline.products | Kategori 'Psikolojik Araştırma Teknikleri Kitapları': 1 sayfa, 1 ürün
2026-08-14 07:26:56,060 | INFO    | bookdata.pipeline.products | Kategori 'Bölgeler Tarihi Kitapları': 1 sayfa, 3 ürün
2026-08-14 07:26:56,180 | INFO    | bookdata.pipeline.products | Kategori 'En Çok Satan Gizemli Kitaplar': 1 sayfa, 12 ürün
2026-08-14 07:26:56,778 | INFO    | bookdata.pipeline.products | Kategori 'Amerika Tarihi Kitapları': ürün bulunamadı (1 sayfa)
2026-08-14 07:26:56,900 | INFO    | bookdata.pipeline.products | Kategori 'Referans Kitaplar': 1 sayfa, 12 ürün
2026-08-14 07:26:57,002 | INFO    | bookdata.pipeline.products | Kategori 'Seyahatname Kitapları': 1 sayfa, 3 ürün
2026-08-14 07:26:57,127 | INFO    | bookdata.pipeline.products | Kategori 'Cinsellik Kitapları': 1 sayfa, 12 ürün
2026-08-14 07:26:57,301 | INFO    | bookdata.pipeline.products | Kategori 'Psikoloji': 1 sayfa, 12 ürün
2026-08-14 07:26:57,425 | INFO    | bookdata.pipeline.products | Kategori 'Yabancı Dilde Çocuk Kitapları': 1 sayfa, 12 ürün
2026-08-14 07:26:57,542 | INFO    | bookdata.pipeline.products | Kategori 'Bilimsel Kitaplar': 1 sayfa, 12 ürün
2026-08-14 07:26:58,368 | INFO    | bookdata.pipeline.products | Kategori 'Çocuk Rehber - Kişisel Gelişim Kitapları': 1 sayfa, 12 ürün
2026-08-14 07:26:58,484 | INFO    | bookdata.pipeline.products | Kategori 'Dekoratif Ürünler': 1 sayfa, 7 ürün
2026-08-14 07:26:58,600 | INFO    | bookdata.pipeline.products | Kategori 'Tarih Felsefesi Kitapları': 1 sayfa, 12 ürün
2026-08-14 07:26:58,778 | INFO    | bookdata.pipeline.products | Kategori 'Politik - Kurgu Kitapları': 1 sayfa, 12 ürün
2026-08-14 07:26:58,894 | INFO    | bookdata.pipeline.products | Kategori 'Seyahatname Kitapları': 1 sayfa, 12 ürün
2026-08-14 07:26:59,845 | INFO    | bookdata.pipeline.products | Kategori 'Kalemler ve Yazı Gereçleri': 1 sayfa, 12 ürün
2026-08-14 07:27:00,022 | INFO    | bookdata.pipeline.products | Kategori 'Klasik Romanlar ve Kitapları': 1 sayfa, 12 ürün
2026-08-14 07:27:00,125 | INFO    | bookdata.pipeline.products | Kategori 'Psikoloji Akımları Kitapları': 1 sayfa, 2 ürün
2026-08-14 07:27:00,256 | INFO    | bookdata.pipeline.products | Kategori 'Biyografi ve Otobiyografi Kitapları': 1 sayfa, 12 ürün
2026-08-14 07:27:00,366 | INFO    | bookdata.pipeline.products | Kategori 'Sağlıklı Yaşam Kitapları': 1 sayfa, 7 ürün
2026-08-14 07:27:01,263 | INFO    | bookdata.pipeline.products | Kategori 'Çocuk Gelişimi Kitapları': 1 sayfa, 12 ürün
2026-08-14 07:27:01,525 | INFO    | bookdata.pipeline.products | Kategori 'Ortadoğu - Arap Edebiyatı Kitapları': 1 sayfa, 12 ürün
2026-08-14 07:27:01,672 | INFO    | bookdata.pipeline.products | Kategori 'Dil Bilimi Kitapları': 1 sayfa, 12 ürün
2026-08-14 07:27:01,873 | INFO    | bookdata.pipeline.products | Kategori 'Kinetik Kumlar': 1 sayfa, 12 ürün
2026-08-14 07:27:02,097 | INFO    | bookdata.pipeline.products | Kategori 'Çocuk 0-3 Yaş Kitapları': 1 sayfa, 12 ürün
2026-08-14 07:27:02,221 | INFO    | bookdata.pipeline.products | Kategori 'Ölçü ve Çizim Malzemeleri': 1 sayfa, 12 ürün
2026-08-14 07:27:03,015 | INFO    | bookdata.pipeline.products | Kategori 'Dünya Klasikleri TOP 50': 1 sayfa, 12 ürün
2026-08-14 07:27:03,166 | INFO    | bookdata.pipeline.products | Kategori 'Arkeoloji Kitapları': 1 sayfa, 2 ürün
2026-08-14 07:27:03,441 | INFO    | bookdata.pipeline.products | Kategori 'Çıkartmalı Kitaplar': 1 sayfa, 12 ürün
2026-08-14 07:27:03,563 | INFO    | bookdata.pipeline.products | Kategori 'Dünya Çocuk Klasikleri': 1 sayfa, 12 ürün
2026-08-14 07:27:04,223 | INFO    | bookdata.pipeline.products | Kategori 'Dosya ve Klasörler': 1 sayfa, 12 ürün
2026-08-14 07:27:04,511 | INFO    | bookdata.pipeline.products | Kategori 'Takvim Ve Planlayıcılar': 1 sayfa, 12 ürün
2026-08-14 07:27:04,637 | INFO    | bookdata.pipeline.products | Kategori 'Din Eğitimi Kitapları': 1 sayfa, 12 ürün
2026-08-14 07:27:04,848 | INFO    | bookdata.pipeline.products | Kategori 'Gezi Rehberi Kitapları': 1 sayfa, 12 ürün
2026-08-14 07:27:05,037 | INFO    | bookdata.pipeline.products | Kategori 'En Çok Okunan Suç Kitapları': 1 sayfa, 12 ürün
2026-08-14 07:27:05,166 | INFO    | bookdata.pipeline.products | Kategori 'Ofis Malzemeleri': 1 sayfa, 12 ürün
2026-08-14 07:27:05,283 | INFO    | bookdata.pipeline.products | Kategori 'Aforizma': 1 sayfa, 12 ürün
2026-08-14 07:27:05,408 | INFO    | bookdata.pipeline.products | Kategori 'Kağıt Ürünleri': 1 sayfa, 12 ürün
2026-08-14 07:27:06,395 | INFO    | bookdata.pipeline.products | Kategori 'Okul Öncesi Şekilli Kitaplar': 1 sayfa, 12 ürün
2026-08-14 07:27:06,609 | INFO    | bookdata.pipeline.products | Kategori 'Gezi ve Rehber Kitapları': 1 sayfa, 12 ürün
2026-08-14 07:27:06,815 | INFO    | bookdata.pipeline.products | Kategori 'Genel Ülke Edebiyatları Kitapları': 1 sayfa, 12 ürün
2026-08-14 07:27:06,923 | INFO    | bookdata.pipeline.products | Kategori 'Yabancı Dilde Tarih Kitapları ': 1 sayfa, 1 ürün
2026-08-14 07:27:07,027 | INFO    | bookdata.pipeline.products | Kategori 'Ülkeler Tarihi Kitapları': 1 sayfa, 2 ürün
2026-08-14 07:27:07,151 | INFO    | bookdata.pipeline.products | Kategori 'Tavsiye Kitapları': 1 sayfa, 12 ürün
2026-08-14 07:27:07,329 | INFO    | bookdata.pipeline.products | Kategori 'Hamilelik ve Doğum Kitapları': 1 sayfa, 6 ürün
2026-08-14 07:27:08,039 | INFO    | bookdata.pipeline.products | Kategori 'Eğitim - Okula Yardımcı Kitaplar': 1 sayfa, 27 ürün
2026-08-14 07:27:08,237 | INFO    | bookdata.pipeline.products | Kategori 'En Çok Satan 100 Tarih Kitabı': 1 sayfa, 12 ürün
2026-08-14 07:27:08,362 | INFO    | bookdata.pipeline.products | Kategori 'Eğitim Psikolojisi Kitapları': 1 sayfa, 12 ürün
2026-08-14 07:27:08,485 | INFO    | bookdata.pipeline.products | Kategori 'Türk Tarihi Araştırmaları Kitapları': 1 sayfa, 12 ürün
2026-08-14 07:27:08,605 | INFO    | bookdata.pipeline.products | Kategori 'En Çok Satan Otobiyografi Kitapları': 1 sayfa, 12 ürün
2026-08-14 07:27:08,794 | INFO    | bookdata.pipeline.products | Kategori 'Sanatsal Malzemeler': 1 sayfa, 12 ürün
2026-08-14 07:27:08,928 | INFO    | bookdata.pipeline.products | Kategori 'Amerikan Edebiyatı': 1 sayfa, 12 ürün
2026-08-14 07:27:09,209 | INFO    | bookdata.pipeline.products | Kategori 'Özel Eğitim Çocuk Kitapları': 1 sayfa, 12 ürün
2026-08-14 07:27:09,336 | INFO    | bookdata.pipeline.products | Kategori 'Çocuk Psikolojisi Kitapları': 1 sayfa, 12 ürün
2026-08-14 07:27:09,465 | INFO    | bookdata.pipeline.products | Kategori 'Çocuk Kitapları': 1 sayfa, 12 ürün
2026-08-14 07:27:09,584 | INFO    | bookdata.pipeline.products | Kategori '3-6 Yaş Kitapları': 1 sayfa, 12 ürün
2026-08-14 07:27:46,505 | INFO    | bookdata.pipeline.products | Kategori 'Yazar Listesi': ürün bulunamadı (50 sayfa)
2026-08-14 07:27:52,859 | INFO    | bookdata.pipeline.products | Kategori 'Yayınevi Listesi': ürün bulunamadı (50 sayfa)
2026-08-14 07:27:52,869 | INFO    | bookdata.pipeline.standardize | Standardize edildi: 2380 ham → 2140 ürün
2026-08-14 07:27:53,115 | INFO    | bookdata.pipeline.merge | Fiyat karşılaştırması: 2140 ürünün 2068 tanesinde değişiklik/yeni kayıt
2026-08-14 07:27:53,130 | INFO    | bookdata.adapters.storage | Veri setine 2068 yeni kayıt eklendi: Data/bkm_Datasets.csv
2026-08-14 07:27:53,154 | INFO    | bookdata.pipeline.runner | Özet: 246 kategori bulundu, 234 işlendi; 2140 ürün → 2068 kayıt eklendi (toplam 34990). İstek: 333, hata: 0
2026-08-14 07:27:55,170 | INFO    | bookdata.adapters.kaggle | Kaggle yayını tamamlandı: furkanzeki/bkm-book-dataset (2026-08-14)
2026-08-14 18:55:52,734 | INFO    | bookdata.pipeline.filter | Ignore kuralları gereği 12 kategori atlandı (10 desen)
2026-08-14 18:55:53,431 | INFO    | bookdata.pipeline.products | Kategori 'Periyodik Yayınlar': 1 sayfa, 3 ürün
2026-08-14 18:55:53,560 | INFO    | bookdata.pipeline.products | Kategori 'En Çok Satan Gerilim Kitapları': 1 sayfa, 12 ürün
2026-08-14 18:55:54,086 | INFO    | bookdata.pipeline.products | Kategori 'Roman': 1 sayfa, 12 ürün
2026-08-14 18:55:54,183 | INFO    | bookdata.pipeline.products | Kategori 'Özel Eğitim Çocuk Kitapları': 1 sayfa, 12 ürün
2026-08-14 18:55:54,276 | INFO    | bookdata.pipeline.products | Kategori 'Bölgeler Tarihi Kitapları': 1 sayfa, 3 ürün
2026-08-14 18:55:54,411 | INFO    | bookdata.pipeline.products | Kategori 'Yabancı Dilde Tarih Kitapları ': 1 sayfa, 1 ürün
2026-08-14 18:55:54,524 | INFO    | bookdata.pipeline.products | Kategori 'Fantastik Kitaplar': 1 sayfa, 12 ürün
2026-08-14 18:55:54,604 | INFO    | bookdata.pipeline.products | Kategori 'Tarihi Belgeler Kitapları': 1 sayfa, 2 ürün
2026-08-14 18:55:54,700 | INFO    | bookdata.pipeline.products | Kategori 'Defterler': 1 sayfa, 12 ürün
2026-08-14 18:55:54,825 | INFO    | bookdata.pipeline.products | Kategori 'Selçuklu Dönemi Kitapları': 1 sayfa, 5 ürün
2026-08-14 18:55:54,925 | INFO    | bookdata.pipeline.products | Kategori 'Türkiye Rehber Kitapları': 1 sayfa, 12 ürün
2026-08-14 18:55:55,017 | INFO    | bookdata.pipeline.products | Kategori 'Efsane ve Destan Kitapları': 1 sayfa, 12 ürün
2026-08-14 18:55:55,111 | INFO    | bookdata.pipeline.products | Kategori 'Kürt Edebiyatı': 1 sayfa, 12 ürün
2026-08-14 18:55:55,242 | INFO    | bookdata.pipeline.products | Kategori 'En Çok Okunan Cumhuriyet Tarihi Kitapları': 1 sayfa, 12 ürün
2026-08-14 18:55:55,717 | INFO    | bookdata.pipeline.products | Kategori 'Şiir Kitapları': 1 sayfa, 12 ürün
2026-08-14 18:55:55,814 | INFO    | bookdata.pipeline.products | Kategori 'Çocuk İlkokul Kitapları': 1 sayfa, 12 ürün
2026-08-14 18:55:55,910 | INFO    | bookdata.pipeline.products | Kategori 'Bilimsel Kitaplar': 1 sayfa, 12 ürün
2026-08-14 18:55:56,022 | INFO    | bookdata.pipeline.products | Kategori 'Tahta ve Panolar': ürün bulunamadı (1 sayfa)
2026-08-14 18:55:56,120 | INFO    | bookdata.pipeline.products | Kategori 'Ofis Makineleri': 1 sayfa, 12 ürün
2026-08-14 18:55:56,210 | INFO    | bookdata.pipeline.products | Kategori 'Gençlik Edebiyatı': 1 sayfa, 12 ürün
2026-08-14 18:55:56,289 | INFO    | bookdata.pipeline.products | Kategori 'Sosyal Psikoloji Kitapları ': 1 sayfa, 2 ürün
2026-08-14 18:55:56,404 | INFO    | bookdata.pipeline.products | Kategori 'Sosyal Tarih Kitapları': 1 sayfa, 2 ürün
2026-08-14 18:55:56,503 | INFO    | bookdata.pipeline.products | Kategori 'En Çok Satan Fantastik Kitaplar': 1 sayfa, 12 ürün
2026-08-14 18:55:56,594 | INFO    | bookdata.pipeline.products | Kategori 'Aforizma': 1 sayfa, 12 ürün
2026-08-14 18:55:56,719 | INFO    | bookdata.pipeline.products | Kategori 'Seyahatname Kitapları': 1 sayfa, 12 ürün
2026-08-14 18:55:56,808 | INFO    | bookdata.pipeline.products | Kategori 'Sanatsal Malzemeler': 1 sayfa, 12 ürün
2026-08-14 18:55:56,891 | INFO    | bookdata.pipeline.products | Kategori 'Biyoloji - Genetik Kitapları': 1 sayfa, 1 ürün
2026-08-14 18:55:56,987 | INFO    | bookdata.pipeline.products | Kategori 'En Sevilen Çocuk Kitabı Setleri': 1 sayfa, 12 ürün
2026-08-14 18:55:57,146 | INFO    | bookdata.pipeline.products | Kategori 'En Çok Okunan Suç Kitapları': 1 sayfa, 12 ürün
2026-08-14 18:55:57,241 | INFO    | bookdata.pipeline.products | Kategori 'Çocuk Etkinlik Kitapları': 1 sayfa, 12 ürün
2026-08-14 18:55:57,334 | INFO    | bookdata.pipeline.products | Kategori 'Çocuk Kitabı TOP 50': 1 sayfa, 12 ürün
2026-08-14 18:55:57,432 | INFO    | bookdata.pipeline.products | Kategori 'Gezi ve Rehber Referans Kitapları': 1 sayfa, 12 ürün
2026-08-14 18:55:57,581 | INFO    | bookdata.pipeline.products | Kategori 'En Çok Satan Gizemli Kitaplar': 1 sayfa, 12 ürün
2026-08-14 18:55:57,684 | INFO    | bookdata.pipeline.products | Kategori 'Gelişim Psikolojisi Kitapları': 1 sayfa, 12 ürün
2026-08-14 18:55:57,784 | INFO    | bookdata.pipeline.products | Kategori 'Çocuk Kitapları': 1 sayfa, 12 ürün
2026-08-14 18:55:57,888 | INFO    | bookdata.pipeline.products | Kategori 'Tarih Felsefesi Kitapları': 1 sayfa, 12 ürün
2026-08-14 18:55:58,027 | INFO    | bookdata.pipeline.products | Kategori 'Türkiye ve Cumhuriyet Tarihi Kitapları': 1 sayfa, 12 ürün
2026-08-14 18:55:58,127 | INFO    | bookdata.pipeline.products | Kategori 'Dünya Tarihi Kitapları': 1 sayfa, 12 ürün
2026-08-14 18:55:58,225 | INFO    | bookdata.pipeline.products | Kategori 'Gezi ve Rehber Kitapları': 1 sayfa, 12 ürün
2026-08-14 18:55:58,508 | INFO    | bookdata.pipeline.products | Kategori 'En Çok Satan Otobiyografi Kitapları': 1 sayfa, 12 ürün
2026-08-14 18:55:58,646 | INFO    | bookdata.pipeline.products | Kategori 'Çizgi Roman - Anime ve Mangalar': 1 sayfa, 12 ürün
2026-08-14 18:55:58,740 | INFO    | bookdata.pipeline.products | Kategori 'Politik - Kurgu Kitapları': 1 sayfa, 12 ürün
2026-08-14 18:55:58,825 | INFO    | bookdata.pipeline.products | Kategori 'Kurtuluş Savaşı Kitapları': 1 sayfa, 2 ürün
2026-08-14 18:55:58,957 | INFO    | bookdata.pipeline.products | Kategori 'Anlatı Kitapları': 1 sayfa, 12 ürün
2026-08-14 18:55:59,060 | INFO    | bookdata.pipeline.products | Kategori 'En Çok Satan Dünya Tarihi Kitapları': 1 sayfa, 12 ürün
2026-08-14 18:55:59,155 | INFO    | bookdata.pipeline.products | Kategori 'Fransız Edebiyatı Kitapları': 1 sayfa, 12 ürün
2026-08-14 18:55:59,256 | INFO    | bookdata.pipeline.products | Kategori 'Psikoloji': 1 sayfa, 12 ürün
2026-08-14 18:55:59,400 | INFO    | bookdata.pipeline.products | Kategori 'Alman Edebiyatı Kitapları': 1 sayfa, 12 ürün
2026-08-14 18:55:59,490 | INFO    | bookdata.pipeline.products | Kategori 'Dokun Hisset Kitapları': 1 sayfa, 10 ürün
2026-08-14 18:55:59,594 | INFO    | bookdata.pipeline.products | Kategori 'Polisiye Romanlar': 1 sayfa, 12 ürün
2026-08-14 18:55:59,691 | INFO    | bookdata.pipeline.products | Kategori 'Takvim Ve Planlayıcılar': 1 sayfa, 12 ürün
2026-08-14 18:55:59,860 | INFO    | bookdata.pipeline.products | Kategori 'Eğitim - Okula Yardımcı Kitaplar': 1 sayfa, 27 ürün
2026-08-14 18:55:59,962 | INFO    | bookdata.pipeline.products | Kategori 'I. Dünya Savaşı Kitapları': 1 sayfa, 12 ürün
2026-08-14 18:56:00,064 | INFO    | bookdata.pipeline.products | Kategori 'Çocuk Boyama Kitapları': 1 sayfa, 12 ürün
2026-08-14 18:56:00,203 | INFO    | bookdata.pipeline.products | Kategori 'Yapıştırıcı ve Bantlar': 1 sayfa, 12 ürün
2026-08-14 18:56:00,294 | INFO    | bookdata.pipeline.products | Kategori 'Anadolu Tarihi Kitapları': 1 sayfa, 3 ürün
2026-08-14 18:56:00,390 | INFO    | bookdata.pipeline.products | Kategori 'En Çok Satan Osmanlı Kitapları': 1 sayfa, 12 ürün
2026-08-14 18:56:00,467 | INFO    | bookdata.pipeline.products | Kategori 'Milletler Tarihi Kitapları': ürün bulunamadı (1 sayfa)
2026-08-14 18:56:00,609 | INFO    | bookdata.pipeline.products | Kategori 'Aksiyon ve Macera Kitapları': 1 sayfa, 12 ürün
2026-08-14 18:56:00,711 | INFO    | bookdata.pipeline.products | Kategori 'Dosya ve Klasörler': 1 sayfa, 12 ürün
2026-08-14 18:56:00,794 | INFO    | bookdata.pipeline.products | Kategori 'Psikolojik Araştırma Teknikleri Kitapları': 1 sayfa, 1 ürün
2026-08-14 18:56:00,889 | INFO    | bookdata.pipeline.products | Kategori 'Antoloji Kitapları': 1 sayfa, 12 ürün
2026-08-14 18:56:01,030 | INFO    | bookdata.pipeline.products | Kategori 'Çizgi Roman Kitapları': 1 sayfa, 12 ürün
2026-08-14 18:56:01,135 | INFO    | bookdata.pipeline.products | Kategori 'Gençlik Ortaokul Kitapları': 1 sayfa, 12 ürün
2026-08-14 18:56:01,229 | INFO    | bookdata.pipeline.products | Kategori 'En Çok Okunan Bilim Kurgu Kitapları': 1 sayfa, 12 ürün
2026-08-14 18:56:01,323 | INFO    | bookdata.pipeline.products | Kategori 'Genel Sağlık Kitapları': 1 sayfa, 12 ürün
2026-08-14 18:56:02,071 | INFO    | bookdata.pipeline.products | Kategori 'Yoga Meditasyon Kitapları': 1 sayfa, 12 ürün
2026-08-14 18:56:02,171 | INFO    | bookdata.pipeline.products | Kategori '3-6 Yaş Kitapları': 1 sayfa, 12 ürün
2026-08-14 18:56:02,267 | INFO    | bookdata.pipeline.products | Kategori 'Alternatif Tıp Şifalı Bitkiler Kitapları': 1 sayfa, 12 ürün
2026-08-14 18:56:02,404 | INFO    | bookdata.pipeline.products | Kategori 'Yapbozlu Kitapları': 1 sayfa, 12 ürün
2026-08-14 18:56:02,501 | INFO    | bookdata.pipeline.products | Kategori 'Edebiyat Kitapları': 1 sayfa, 12 ürün
2026-08-14 18:56:02,606 | INFO    | bookdata.pipeline.products | Kategori 'Okul Öncesi Resimli Kitaplar': 1 sayfa, 12 ürün
2026-08-14 18:56:02,752 | INFO    | bookdata.pipeline.products | Kategori 'Tarih Kitapları': 1 sayfa, 12 ürün
2026-08-14 18:56:02,856 | INFO    | bookdata.pipeline.products | Kategori 'Sessiz Kitaplar': 1 sayfa, 12 ürün
2026-08-14 18:56:02,952 | INFO    | bookdata.pipeline.products | Kategori 'Dünya Çocuk Klasikleri': 1 sayfa, 12 ürün
2026-08-14 18:56:03,053 | INFO    | bookdata.pipeline.products | Kategori 'Önemli Olaylar ve Biyografi ve Otobiyografi Kitapları': 1 sayfa, 12 ürün
2026-08-14 18:56:03,859 | INFO    | bookdata.pipeline.products | Kategori 'Beslenme ve Diyet Kitapları': 1 sayfa, 12 ürün
2026-08-14 18:56:03,958 | INFO    | bookdata.pipeline.products | Kategori 'Ölçü ve Çizim Malzemeleri': 1 sayfa, 12 ürün
2026-08-14 18:56:04,048 | INFO    | bookdata.pipeline.products | Kategori 'Yetişkin Masal Kitapları': 1 sayfa, 9 ürün
2026-08-14 18:56:04,200 | INFO    | bookdata.pipeline.products | Kategori '1. Sınıf Kitapları': 1 sayfa, 12 ürün
2026-08-14 18:56:04,298 | INFO    | bookdata.pipeline.products | Kategori 'Kinetik Kumlar': 1 sayfa, 12 ürün
2026-08-14 18:56:04,405 | INFO    | bookdata.pipeline.products | Kategori 'Denemeler': 1 sayfa, 12 ürün
2026-08-14 18:56:04,490 | INFO    | bookdata.pipeline.products | Kategori 'İskandinav Edebiyatı': 1 sayfa, 3 ürün
2026-08-14 18:56:04,650 | INFO    | bookdata.pipeline.products | Kategori '3. Sınıf Kitapları': 1 sayfa, 12 ürün
2026-08-14 18:56:04,749 | INFO    | bookdata.pipeline.products | Kategori 'Yabancı Dilde Çocuk Kitapları': 1 sayfa, 12 ürün
2026-08-14 18:56:04,847 | INFO    | bookdata.pipeline.products | Kategori 'Türk Klasikleri Kitapları': 1 sayfa, 12 ürün
2026-08-14 18:56:04,939 | INFO    | bookdata.pipeline.products | Kategori 'Tavsiye Kitapları': 1 sayfa, 12 ürün
2026-08-14 18:56:05,279 | INFO    | bookdata.pipeline.products | Kategori 'Histoloji ve Embriyoloji Kitapları': 1 sayfa, 1 ürün
2026-08-14 18:56:05,380 | INFO    | bookdata.pipeline.products | Kategori 'Ajanda,Takvim Ve Planlayıcılar': 1 sayfa, 12 ürün
2026-08-14 18:56:05,529 | INFO    | bookdata.pipeline.products | Kategori 'Anı - Mektup - Günlük Kitapları': 1 sayfa, 12 ürün
2026-08-14 18:56:05,710 | INFO    | bookdata.pipeline.products | Kategori 'Yakın Tarih Kitapları': 1 sayfa, 12 ürün
2026-08-14 18:56:05,970 | INFO    | bookdata.pipeline.products | Kategori 'Psikolojik Kitaplar': 1 sayfa, 12 ürün
2026-08-14 18:56:06,122 | INFO    | bookdata.pipeline.products | Kategori 'Eğitim Psikolojisi Kitapları': 1 sayfa, 12 ürün
2026-08-14 18:56:06,203 | INFO    | bookdata.pipeline.products | Kategori 'Fizik Tedavi ve Rehabilitasyon Kitapları': 1 sayfa, 1 ürün
2026-08-14 18:56:06,349 | INFO    | bookdata.pipeline.products | Kategori 'Söyleşi Kitapları': 1 sayfa, 12 ürün
2026-08-14 18:56:06,442 | INFO    | bookdata.pipeline.products | Kategori 'Tarihi Kişilikler Kitapları': 1 sayfa, 6 ürün
2026-08-14 18:56:06,520 | INFO    | bookdata.pipeline.products | Kategori 'Nöroloji Kitapları': 1 sayfa, 1 ürün
2026-08-14 18:56:06,597 | INFO    | bookdata.pipeline.products | Kategori 'Psikiyatri Kitapları': 1 sayfa, 1 ürün
2026-08-14 18:56:06,750 | INFO    | bookdata.pipeline.products | Kategori 'Genel Tarih Kitapları ': 1 sayfa, 12 ürün
2026-08-14 18:56:06,832 | INFO    | bookdata.pipeline.products | Kategori 'Seyahatname Kitapları': 1 sayfa, 3 ürün
2026-08-14 18:56:06,929 | INFO    | bookdata.pipeline.products | Kategori 'Dil Bilimi Kitapları': 1 sayfa, 12 ürün
2026-08-14 18:56:07,023 | INFO    | bookdata.pipeline.products | Kategori 'Din Eğitimi Kitapları': 1 sayfa, 12 ürün
2026-08-14 18:56:07,933 | INFO    | bookdata.pipeline.products | Kategori 'Genel Çocuk Kitapları': 1 sayfa, 12 ürün
2026-08-14 18:56:08,028 | INFO    | bookdata.pipeline.products | Kategori 'Dünya Klasikleri TOP 50': 1 sayfa, 12 ürün
2026-08-14 18:56:08,121 | INFO    | bookdata.pipeline.products | Kategori 'Latin Edebiyatı': 1 sayfa, 12 ürün
2026-08-14 18:56:08,285 | INFO    | bookdata.pipeline.products | Kategori 'Setler': 1 sayfa, 12 ürün
2026-08-14 18:56:08,380 | INFO    | bookdata.pipeline.products | Kategori 'Gezi ve Rehber Kitapları': 1 sayfa, 12 ürün
2026-08-14 18:56:08,479 | INFO    | bookdata.pipeline.products | Kategori 'Türk Edebiyatı Romanları': 1 sayfa, 12 ürün
2026-08-14 18:56:08,617 | INFO    | bookdata.pipeline.products | Kategori 'Sağlıklı Yaşam Kitapları': 1 sayfa, 7 ürün
2026-08-14 18:56:08,717 | INFO    | bookdata.pipeline.products | Kategori 'Kent Rehberleri': 1 sayfa, 12 ürün
2026-08-14 18:56:08,810 | INFO    | bookdata.pipeline.products | Kategori 'Mustafa Kemal Atatürk Kitapları': 1 sayfa, 12 ürün
2026-08-14 18:56:08,901 | INFO    | bookdata.pipeline.products | Kategori 'Ofis Malzemeleri': 1 sayfa, 12 ürün
2026-08-14 18:56:09,704 | INFO    | bookdata.pipeline.products | Kategori 'Çocuk Bilmece Bulmaca Kitapları': 1 sayfa, 12 ürün
2026-08-14 18:56:09,798 | INFO    | bookdata.pipeline.products | Kategori 'Çocuk Boyama Kitapları': 1 sayfa, 12 ürün
2026-08-14 18:56:09,896 | INFO    | bookdata.pipeline.products | Kategori '2. Sınıf Kitapları': 1 sayfa, 12 ürün
2026-08-14 18:56:10,056 | INFO    | bookdata.pipeline.products | Kategori ' Mizah Kitapları': 1 sayfa, 12 ürün
2026-08-14 18:56:10,155 | INFO    | bookdata.pipeline.products | Kategori 'Çocuk Rehber - Kişisel Gelişim Kitapları': 1 sayfa, 12 ürün
2026-08-14 18:56:10,259 | INFO    | bookdata.pipeline.products | Kategori '5. Sınıf Kitapları': 1 sayfa, 12 ürün
2026-08-14 18:56:10,359 | INFO    | bookdata.pipeline.products | Kategori 'En İyi Korku Kitapları': 1 sayfa, 12 ürün
2026-08-14 18:56:10,515 | INFO    | bookdata.pipeline.products | Kategori 'Okul Öncesi Şekilli Kitaplar': 1 sayfa, 12 ürün
2026-08-14 18:56:10,611 | INFO    | bookdata.pipeline.products | Kategori 'Kalemler ve Yazı Gereçleri': 1 sayfa, 12 ürün
2026-08-14 18:56:11,295 | INFO    | bookdata.pipeline.products | Kategori 'Amerika Tarihi Kitapları': ürün bulunamadı (1 sayfa)
2026-08-14 18:56:11,455 | INFO    | bookdata.pipeline.products | Kategori 'Bilim Kurgu Kitapları': 1 sayfa, 7 ürün
2026-08-14 18:56:11,542 | INFO    | bookdata.pipeline.products | Kategori 'Anatomi Kitapları': 1 sayfa, 1 ürün
2026-08-14 18:56:11,627 | INFO    | bookdata.pipeline.products | Kategori 'Çocuk Dil Eğitimi Kitapları': 1 sayfa, 4 ürün
2026-08-14 18:56:11,720 | INFO    | bookdata.pipeline.products | Kategori 'Osmanlı Tarihi Kitapları': 1 sayfa, 12 ürün
2026-08-14 18:56:11,871 | INFO    | bookdata.pipeline.products | Kategori 'En Çok Satan 50 Dünya Klasiği': 1 sayfa, 12 ürün
2026-08-14 18:56:11,970 | INFO    | bookdata.pipeline.products | Kategori 'II. Dünya Savaşı Kitapları': 1 sayfa, 12 ürün
2026-08-14 18:56:12,067 | INFO    | bookdata.pipeline.products | Kategori '4. Sınıf Kitapları': 1 sayfa, 12 ürün
2026-08-14 18:56:12,161 | INFO    | bookdata.pipeline.products | Kategori 'Çocuk Bilim Kitapları': 1 sayfa, 12 ürün
2026-08-14 18:56:12,859 | INFO    | bookdata.pipeline.products | Kategori 'Çocuk Referans Kitaplar': 1 sayfa, 12 ürün
2026-08-14 18:56:12,952 | INFO    | bookdata.pipeline.products | Kategori 'Ekol ve Yaklaşım Kitapları': 1 sayfa, 12 ürün
2026-08-14 18:56:13,052 | INFO    | bookdata.pipeline.products | Kategori 'Casusluk Kitapları': 1 sayfa, 12 ürün
2026-08-14 18:56:13,196 | INFO    | bookdata.pipeline.products | Kategori 'Çok Satanlar': ürün bulunamadı (1 sayfa)
2026-08-14 18:56:13,288 | INFO    | bookdata.pipeline.products | Kategori 'Dekoratif Ürünler': 1 sayfa, 7 ürün
2026-08-14 18:56:13,381 | INFO    | bookdata.pipeline.products | Kategori 'Zeka Gelişimi Kitapları': 1 sayfa, 12 ürün
2026-08-14 18:56:13,477 | INFO    | bookdata.pipeline.products | Kategori 'En Çok Satan Selçuklu Tarihi Kitapları': 1 sayfa, 12 ürün
2026-08-14 18:56:13,631 | INFO    | bookdata.pipeline.products | Kategori 'Eğitici ve Öğretici Çocuk Kitapları': 1 sayfa, 12 ürün
2026-08-14 18:56:13,734 | INFO    | bookdata.pipeline.products | Kategori 'Aşk Kitapları': 1 sayfa, 12 ürün
2026-08-14 18:56:13,825 | INFO    | bookdata.pipeline.products | Kategori 'Çocuk 0-3 Yaş Kitapları': 1 sayfa, 12 ürün
2026-08-14 18:56:14,794 | INFO    | bookdata.pipeline.products | Kategori 'Çocuk Gelişimi Kitapları': 1 sayfa, 12 ürün
2026-08-14 18:56:14,896 | INFO    | bookdata.pipeline.products | Kategori 'Tiyatro ve Piyes Kitapları': 1 sayfa, 12 ürün
2026-08-14 18:56:14,996 | INFO    | bookdata.pipeline.products | Kategori 'Tarihi Romanlar': 1 sayfa, 12 ürün
2026-08-14 18:56:15,171 | INFO    | bookdata.pipeline.products | Kategori 'Araştırma - İnceleme Kitapları': 1 sayfa, 12 ürün
2026-08-14 18:56:15,267 | INFO    | bookdata.pipeline.products | Kategori 'En Çok Satan Seri Katil Kitapları': 1 sayfa, 11 ürün
2026-08-14 18:56:15,371 | INFO    | bookdata.pipeline.products | Kategori 'Araştırma ve İnceleme Kitapları': 1 sayfa, 12 ürün
2026-08-14 18:56:15,467 | INFO    | bookdata.pipeline.products | Kategori 'Sağlık İletişimi Kitapları': 1 sayfa, 12 ürün
2026-08-14 18:56:15,706 | INFO    | bookdata.pipeline.products | Kategori 'Klasik Romanlar ve Kitapları': 1 sayfa, 12 ürün
2026-08-14 18:56:16,407 | INFO    | bookdata.pipeline.products | Kategori 'Türkiye - Yakın Tarih Kitapları': 1 sayfa, 12 ürün
2026-08-14 18:56:16,637 | INFO    | bookdata.pipeline.products | Kategori 'Yazıcı ve Fotokopi Kağıtları': 1 sayfa, 5 ürün
2026-08-14 18:56:16,735 | INFO    | bookdata.pipeline.products | Kategori 'En Çok Satan 100 Tarih Kitabı': 1 sayfa, 12 ürün
2026-08-14 18:56:16,899 | INFO    | bookdata.pipeline.products | Kategori 'Tüm Kategoriler': ürün bulunamadı (1 sayfa)
2026-08-14 18:56:17,063 | INFO    | bookdata.pipeline.products | Kategori 'Eleştiri İnceleme ve Kuram Kitapları': 1 sayfa, 12 ürün
2026-08-14 18:56:17,149 | INFO    | bookdata.pipeline.products | Kategori 'Psikiyatri ve Psikanaliz Kitapları': 1 sayfa, 5 ürün
2026-08-14 18:56:17,315 | INFO    | bookdata.pipeline.products | Kategori 'Türk Edebiyatı TOP 50': 1 sayfa, 12 ürün
2026-08-14 18:56:17,479 | INFO    | bookdata.pipeline.products | Kategori '0-3 Yaş Kitapları': 1 sayfa, 12 ürün
2026-08-14 18:56:17,578 | INFO    | bookdata.pipeline.products | Kategori 'Yabancı Dilde Edebiyat Kitapları': 1 sayfa, 12 ürün
2026-08-14 18:56:17,671 | INFO    | bookdata.pipeline.products | Kategori 'Karikatürler': 1 sayfa, 12 ürün
2026-08-14 18:56:17,768 | INFO    | bookdata.pipeline.products | Kategori 'Annelik ve Çocuk Bakımı Kitapları': 1 sayfa, 12 ürün
2026-08-14 18:56:17,938 | INFO    | bookdata.pipeline.products | Kategori 'En Çok Okunan Karikatür Kitapları': 1 sayfa, 12 ürün
2026-08-14 18:56:18,603 | INFO    | bookdata.pipeline.products | Kategori 'Biyografi ve Otobiyografi Kitapları': 1 sayfa, 12 ürün
2026-08-14 18:56:18,940 | INFO    | bookdata.pipeline.products | Kategori 'Cinsellik Kitapları': 1 sayfa, 12 ürün
2026-08-14 18:56:19,040 | INFO    | bookdata.pipeline.products | Kategori 'Roman ve Öykü Kitapları': 1 sayfa, 12 ürün
2026-08-14 18:56:19,144 | INFO    | bookdata.pipeline.products | Kategori 'Derlemeler': 1 sayfa, 12 ürün
2026-08-14 18:56:19,241 | INFO    | bookdata.pipeline.products | Kategori 'Kağıt Ürünleri': 1 sayfa, 12 ürün
2026-08-14 18:56:19,445 | INFO    | bookdata.pipeline.products | Kategori 'Psikoloji Başvuru Kitapları': 1 sayfa, 12 ürün
2026-08-14 18:56:19,609 | INFO    | bookdata.pipeline.products | Kategori 'Tarih - Mitoloji Kitapları': 1 sayfa, 2 ürün
2026-08-14 18:56:19,701 | INFO    | bookdata.pipeline.products | Kategori 'Çocuk Psikolojisi Kitapları': 1 sayfa, 12 ürün
2026-08-14 18:56:19,869 | INFO    | bookdata.pipeline.products | Kategori 'Edebiyat Referans Kitaplar': 1 sayfa, 3 ürün
2026-08-14 18:56:19,962 | INFO    | bookdata.pipeline.products | Kategori 'Aile Sağlığı Kitapları': 1 sayfa, 12 ürün
2026-08-14 18:56:20,062 | INFO    | bookdata.pipeline.products | Kategori 'Çok Satan Çizgi Romanlar': 1 sayfa, 12 ürün
2026-08-14 18:56:20,643 | INFO    | bookdata.pipeline.products | Kategori 'Okul Öncesi Çocuk Kitapları': 1 sayfa, 12 ürün
2026-08-14 18:56:20,889 | INFO    | bookdata.pipeline.products | Kategori 'Slime ve Malzemeleri': 1 sayfa, 5 ürün
2026-08-14 18:56:20,969 | INFO    | bookdata.pipeline.products | Kategori 'İlaç Rehber Kitapları': 1 sayfa, 1 ürün
2026-08-14 18:56:21,063 | INFO    | bookdata.pipeline.products | Kategori 'Çocuk Şiir Kitapları': 1 sayfa, 12 ürün
2026-08-14 18:56:21,252 | INFO    | bookdata.pipeline.products | Kategori 'Sağlık Kitapları': 1 sayfa, 12 ürün
2026-08-14 18:56:21,335 | INFO    | bookdata.pipeline.products | Kategori 'Psikoloji Akımları Kitapları': 1 sayfa, 2 ürün
2026-08-14 18:56:21,436 | INFO    | bookdata.pipeline.products | Kategori 'Amerikan Edebiyatı': 1 sayfa, 12 ürün
2026-08-14 18:56:21,529 | INFO    | bookdata.pipeline.products | Kategori 'Başvuru Kitapları': 1 sayfa, 12 ürün
2026-08-14 18:56:21,702 | INFO    | bookdata.pipeline.products | Kategori 'Genel Edebiyat Kitapları': 1 sayfa, 12 ürün
2026-08-14 18:56:21,803 | INFO    | bookdata.pipeline.products | Kategori 'Bilim Kurgu Kitapları': 1 sayfa, 12 ürün
2026-08-14 18:56:21,964 | INFO    | bookdata.pipeline.products | Kategori 'İngiliz Edebiyatı': 1 sayfa, 12 ürün
2026-08-14 18:56:22,162 | INFO    | bookdata.pipeline.products | Kategori 'Gençlik Lise Kitapları': 1 sayfa, 12 ürün
2026-08-14 18:56:22,402 | INFO    | bookdata.pipeline.products | Kategori 'Yabancı Dilde Psikoloji Kitapları': ürün bulunamadı (1 sayfa)
2026-08-14 18:56:23,080 | INFO    | bookdata.pipeline.products | Kategori 'Antik Mısır Kitapları': 1 sayfa, 8 ürün
2026-08-14 18:56:23,287 | INFO    | bookdata.pipeline.products | Kategori 'Hikayeler': 1 sayfa, 12 ürün
2026-08-14 18:56:23,391 | INFO    | bookdata.pipeline.products | Kategori 'Çocuk 6-7 Yaş Kitapları': 1 sayfa, 12 ürün
2026-08-14 18:56:23,491 | INFO    | bookdata.pipeline.products | Kategori 'Türk Tarihi Araştırmaları Kitapları': 1 sayfa, 12 ürün
2026-08-14 18:56:23,569 | INFO    | bookdata.pipeline.products | Kategori 'Arkeoloji Kitapları': 1 sayfa, 2 ürün
2026-08-14 18:56:23,751 | INFO    | bookdata.pipeline.products | Kategori 'Çanta ve Mataralar': 1 sayfa, 12 ürün
2026-08-14 18:56:23,841 | INFO    | bookdata.pipeline.products | Kategori 'Psikolojik Danışma Kitapları ': 1 sayfa, 8 ürün
2026-08-14 18:56:24,724 | INFO    | bookdata.pipeline.products | Kategori 'Masallar': 1 sayfa, 12 ürün
2026-08-14 18:56:24,975 | INFO    | bookdata.pipeline.products | Kategori 'Çıkartmalı Kitaplar': 1 sayfa, 12 ürün
2026-08-14 18:56:25,070 | INFO    | bookdata.pipeline.products | Kategori 'İstanbul Rehberi Kitapları': 1 sayfa, 12 ürün
2026-08-14 18:56:25,166 | INFO    | bookdata.pipeline.products | Kategori 'Uzakdoğu Edebiyatı': 1 sayfa, 12 ürün
2026-08-14 18:56:25,353 | INFO    | bookdata.pipeline.products | Kategori 'Etkinlik Kitapları': 1 sayfa, 12 ürün
2026-08-14 18:56:25,447 | INFO    | bookdata.pipeline.products | Kategori 'İtalyan Edebiyatı': 1 sayfa, 12 ürün
2026-08-14 18:56:25,546 | INFO    | bookdata.pipeline.products | Kategori 'Divan Edebiyatı ve Halk Edebiyatı Kitapları': 1 sayfa, 12 ürün
2026-08-14 18:56:25,618 | INFO    | bookdata.pipeline.products | Kategori 'KPSS Kitapları': ürün bulunamadı (1 sayfa)
2026-08-14 18:56:26,571 | INFO    | bookdata.pipeline.products | Kategori 'Araç ve Gereçler': 1 sayfa, 2 ürün
2026-08-14 18:56:26,700 | INFO    | bookdata.pipeline.products | Kategori 'Ortadoğu - Arap Edebiyatı Kitapları': 1 sayfa, 12 ürün
2026-08-14 18:56:26,794 | INFO    | bookdata.pipeline.products | Kategori 'Ülke Rehberi Kitapları': 1 sayfa, 12 ürün
2026-08-14 18:56:26,971 | INFO    | bookdata.pipeline.products | Kategori '100 Temel Eser': 1 sayfa, 12 ürün
2026-08-14 18:56:27,141 | INFO    | bookdata.pipeline.products | Kategori 'Anaokulu': 1 sayfa, 12 ürün
2026-08-14 18:56:27,321 | INFO    | bookdata.pipeline.products | Kategori 'National Geographic Kids': 1 sayfa, 12 ürün
2026-08-14 18:56:27,418 | INFO    | bookdata.pipeline.products | Kategori 'Genel Psikoloji Kitapları': 1 sayfa, 12 ürün
2026-08-14 18:56:27,526 | INFO    | bookdata.pipeline.products | Kategori 'Çocuk Çizgi Roman Kitapları': 1 sayfa, 12 ürün
2026-08-14 18:56:27,619 | INFO    | bookdata.pipeline.products | Kategori 'Matbu Evraklar ve Makbuzlar': 1 sayfa, 12 ürün
2026-08-14 18:56:27,784 | INFO    | bookdata.pipeline.products | Kategori 'Seçili Araştırma ve Tarih Kitapları': 1 sayfa, 12 ürün
2026-08-14 18:56:28,442 | INFO    | bookdata.pipeline.products | Kategori 'En Çok Satan Biyografi Kitapları': 1 sayfa, 12 ürün
2026-08-14 18:56:28,638 | INFO    | bookdata.pipeline.products | Kategori 'Senaryo Kitapları': 1 sayfa, 12 ürün
2026-08-14 18:56:28,733 | INFO    | bookdata.pipeline.products | Kategori 'Genel Ülke Edebiyatları Kitapları': 1 sayfa, 12 ürün
2026-08-14 18:56:28,839 | INFO    | bookdata.pipeline.products | Kategori 'Korku ve Gerilim Edebiyatı': 1 sayfa, 12 ürün
2026-08-14 18:56:28,928 | INFO    | bookdata.pipeline.products | Kategori 'Göktürk Tarihi Kitapları': 1 sayfa, 9 ürün
2026-08-14 18:56:29,107 | INFO    | bookdata.pipeline.products | Kategori 'En Çok Okunan Türk Tarihi Kitapları': 1 sayfa, 12 ürün
2026-08-14 18:56:29,202 | INFO    | bookdata.pipeline.products | Kategori 'Referans Kitaplar': 1 sayfa, 12 ürün
2026-08-14 18:56:29,307 | INFO    | bookdata.pipeline.products | Kategori 'Boyalar ve Boya Ürünleri': 1 sayfa, 12 ürün
2026-08-14 18:56:29,400 | INFO    | bookdata.pipeline.products | Kategori 'Yunan Mitolojisi Kitapları': 1 sayfa, 11 ürün
2026-08-14 18:56:29,652 | INFO    | bookdata.pipeline.products | Kategori '100 Temel Eser Kitapları': 1 sayfa, 12 ürün
2026-08-14 18:56:30,197 | INFO    | bookdata.pipeline.products | Kategori 'Fantastik Çocuk Kitapları': 1 sayfa, 12 ürün
2026-08-14 18:56:30,388 | INFO    | bookdata.pipeline.products | Kategori 'Din Psikolojisi Kitapları': 1 sayfa, 12 ürün
2026-08-14 18:56:30,488 | INFO    | bookdata.pipeline.products | Kategori 'Okunması Gereken Şiir Kitapları': 1 sayfa, 12 ürün
2026-08-14 18:56:30,599 | INFO    | bookdata.pipeline.products | Kategori 'Biyografi Otobiyografi Kitapları': 1 sayfa, 12 ürün
2026-08-14 18:56:30,679 | INFO    | bookdata.pipeline.products | Kategori 'Ülkeler Tarihi Kitapları': 1 sayfa, 2 ürün
2026-08-14 18:56:30,868 | INFO    | bookdata.pipeline.products | Kategori 'İspanyol Edebiyatı': 1 sayfa, 12 ürün
2026-08-14 18:56:30,974 | INFO    | bookdata.pipeline.products | Kategori 'Gezi Rehberi Kitapları': 1 sayfa, 12 ürün
2026-08-14 18:56:31,074 | INFO    | bookdata.pipeline.products | Kategori 'Rus Edebiyatı': 1 sayfa, 12 ürün
2026-08-14 18:56:31,150 | INFO    | bookdata.pipeline.products | Kategori 'Coğrafya ve Genel Kitaplar': 1 sayfa, 1 ürün
2026-08-14 18:56:31,401 | INFO    | bookdata.pipeline.products | Kategori 'Çocuk 4-5 Yaş Kitapları': 1 sayfa, 12 ürün
2026-08-14 18:56:31,846 | INFO    | bookdata.pipeline.products | Kategori 'Hamilelik ve Doğum Kitapları': 1 sayfa, 6 ürün
2026-08-14 18:56:32,037 | INFO    | bookdata.pipeline.products | Kategori 'En Çok Satan Diyet Kitapları': 1 sayfa, 12 ürün
2026-08-14 18:56:32,140 | INFO    | bookdata.pipeline.products | Kategori 'Öykü Kitapları': 1 sayfa, 12 ürün
2026-08-14 18:57:19,173 | INFO    | bookdata.pipeline.products | Kategori 'Yazar Listesi': ürün bulunamadı (50 sayfa)
2026-08-14 18:57:24,051 | INFO    | bookdata.pipeline.products | Kategori 'Yayınevi Listesi': ürün bulunamadı (50 sayfa)
2026-08-14 18:57:24,061 | INFO    | bookdata.pipeline.standardize | Standardize edildi: 2380 ham → 2140 ürün
2026-08-14 18:57:24,317 | INFO    | bookdata.pipeline.merge | Fiyat karşılaştırması: 2140 ürünün 2072 tanesinde değişiklik/yeni kayıt
2026-08-14 18:57:24,330 | INFO    | bookdata.adapters.storage | Veri setine 2072 yeni kayıt eklendi: Data/bkm_Datasets.csv
2026-08-14 18:57:24,350 | INFO    | bookdata.pipeline.runner | Özet: 246 kategori bulundu, 234 işlendi; 2140 ürün → 2072 kayıt eklendi (toplam 37062). İstek: 333, hata: 0
2026-08-14 18:57:26,864 | INFO    | bookdata.adapters.kaggle | Kaggle yayını tamamlandı: furkanzeki/bkm-book-dataset (2026-08-14)
2026-08-15 06:39:58,127 | INFO    | bookdata.pipeline.filter | Ignore kuralları gereği 12 kategori atlandı (10 desen)
2026-08-15 06:39:58,584 | INFO    | bookdata.pipeline.products | Kategori 'En Çok Satan 100 Tarih Kitabı': 1 sayfa, 12 ürün
2026-08-15 06:39:58,793 | INFO    | bookdata.pipeline.products | Kategori 'Tarihi Belgeler Kitapları': 1 sayfa, 2 ürün
2026-08-15 06:39:59,106 | INFO    | bookdata.pipeline.products | Kategori 'Çok Satanlar': ürün bulunamadı (1 sayfa)
2026-08-15 06:39:59,417 | INFO    | bookdata.pipeline.products | Kategori 'Yabancı Dilde Edebiyat Kitapları': 1 sayfa, 12 ürün
2026-08-15 06:39:59,520 | INFO    | bookdata.pipeline.products | Kategori 'Biyografi ve Otobiyografi Kitapları': 1 sayfa, 12 ürün
2026-08-15 06:39:59,666 | INFO    | bookdata.pipeline.products | Kategori 'Dünya Çocuk Klasikleri': 1 sayfa, 12 ürün
2026-08-15 06:39:59,773 | INFO    | bookdata.pipeline.products | Kategori 'Türkiye ve Cumhuriyet Tarihi Kitapları': 1 sayfa, 12 ürün
2026-08-15 06:39:59,849 | INFO    | bookdata.pipeline.products | Kategori 'Gezi ve Rehber Kitapları': 1 sayfa, 12 ürün
2026-08-15 06:39:59,929 | INFO    | bookdata.pipeline.products | Kategori 'Tarih Felsefesi Kitapları': 1 sayfa, 12 ürün
2026-08-15 06:40:00,043 | INFO    | bookdata.pipeline.products | Kategori '0-3 Yaş Kitapları': 1 sayfa, 12 ürün
2026-08-15 06:40:00,122 | INFO    | bookdata.pipeline.products | Kategori 'Dil Bilimi Kitapları': 1 sayfa, 12 ürün
2026-08-15 06:40:00,199 | INFO    | bookdata.pipeline.products | Kategori 'Mustafa Kemal Atatürk Kitapları': 1 sayfa, 12 ürün
2026-08-15 06:40:00,278 | INFO    | bookdata.pipeline.products | Kategori 'Ortadoğu - Arap Edebiyatı Kitapları': 1 sayfa, 12 ürün
2026-08-15 06:40:00,567 | INFO    | bookdata.pipeline.products | Kategori 'Sağlıklı Yaşam Kitapları': 1 sayfa, 7 ürün
2026-08-15 06:40:00,646 | INFO    | bookdata.pipeline.products | Kategori 'Psikolojik Kitaplar': 1 sayfa, 12 ürün
2026-08-15 06:40:00,725 | INFO    | bookdata.pipeline.products | Kategori 'Ajanda,Takvim Ve Planlayıcılar': 1 sayfa, 12 ürün
2026-08-15 06:40:00,840 | INFO    | bookdata.pipeline.products | Kategori 'Klasik Romanlar ve Kitapları': 1 sayfa, 12 ürün
2026-08-15 06:40:00,905 | INFO    | bookdata.pipeline.products | Kategori 'Coğrafya ve Genel Kitaplar': 1 sayfa, 1 ürün
2026-08-15 06:40:00,971 | INFO    | bookdata.pipeline.products | Kategori 'Seyahatname Kitapları': 1 sayfa, 3 ürün
2026-08-15 06:40:01,051 | INFO    | bookdata.pipeline.products | Kategori 'Rus Edebiyatı': 1 sayfa, 12 ürün
2026-08-15 06:40:01,119 | INFO    | bookdata.pipeline.products | Kategori 'Anatomi Kitapları': 1 sayfa, 1 ürün
2026-08-15 06:40:01,235 | INFO    | bookdata.pipeline.products | Kategori 'Araştırma ve İnceleme Kitapları': 1 sayfa, 12 ürün
2026-08-15 06:40:01,316 | INFO    | bookdata.pipeline.products | Kategori 'Biyografi Otobiyografi Kitapları': 1 sayfa, 12 ürün
2026-08-15 06:40:01,391 | INFO    | bookdata.pipeline.products | Kategori 'Ölçü ve Çizim Malzemeleri': 1 sayfa, 12 ürün
2026-08-15 06:40:01,506 | INFO    | bookdata.pipeline.products | Kategori 'Etkinlik Kitapları': 1 sayfa, 12 ürün
2026-08-15 06:40:01,583 | INFO    | bookdata.pipeline.products | Kategori 'Gelişim Psikolojisi Kitapları': 1 sayfa, 12 ürün
2026-08-15 06:40:01,654 | INFO    | bookdata.pipeline.products | Kategori 'Psikiyatri ve Psikanaliz Kitapları': 1 sayfa, 5 ürün
2026-08-15 06:40:01,734 | INFO    | bookdata.pipeline.products | Kategori 'En Çok Satan 50 Dünya Klasiği': 1 sayfa, 12 ürün
2026-08-15 06:40:01,841 | INFO    | bookdata.pipeline.products | Kategori 'Arkeoloji Kitapları': 1 sayfa, 2 ürün
2026-08-15 06:40:01,918 | INFO    | bookdata.pipeline.products | Kategori 'Çıkartmalı Kitaplar': 1 sayfa, 12 ürün
2026-08-15 06:40:01,988 | INFO    | bookdata.pipeline.products | Kategori 'Tarihi Kişilikler Kitapları': 1 sayfa, 6 ürün
2026-08-15 06:40:02,067 | INFO    | bookdata.pipeline.products | Kategori 'Annelik ve Çocuk Bakımı Kitapları': 1 sayfa, 12 ürün
2026-08-15 06:40:02,872 | INFO    | bookdata.pipeline.products | Kategori 'Hikayeler': 1 sayfa, 12 ürün
2026-08-15 06:40:03,031 | INFO    | bookdata.pipeline.products | Kategori 'Fantastik Çocuk Kitapları': 1 sayfa, 12 ürün
2026-08-15 06:40:03,114 | INFO    | bookdata.pipeline.products | Kategori 'Ekol ve Yaklaşım Kitapları': 1 sayfa, 12 ürün
2026-08-15 06:40:03,310 | INFO    | bookdata.pipeline.products | Kategori 'En Çok Okunan Karikatür Kitapları': 1 sayfa, 12 ürün
2026-08-15 06:40:03,547 | INFO    | bookdata.pipeline.products | Kategori 'Genel Sağlık Kitapları': 1 sayfa, 12 ürün
2026-08-15 06:40:03,639 | INFO    | bookdata.pipeline.products | Kategori 'Boyalar ve Boya Ürünleri': 1 sayfa, 12 ürün
2026-08-15 06:40:03,832 | INFO    | bookdata.pipeline.products | Kategori 'Gezi ve Rehber Referans Kitapları': 1 sayfa, 12 ürün
2026-08-15 06:40:03,944 | INFO    | bookdata.pipeline.products | Kategori 'Kalemler ve Yazı Gereçleri': 1 sayfa, 12 ürün
2026-08-15 06:40:04,023 | INFO    | bookdata.pipeline.products | Kategori 'Defterler': 1 sayfa, 12 ürün
2026-08-15 06:40:04,158 | INFO    | bookdata.pipeline.products | Kategori 'Casusluk Kitapları': 1 sayfa, 12 ürün
2026-08-15 06:40:04,232 | INFO    | bookdata.pipeline.products | Kategori 'Söyleşi Kitapları': 1 sayfa, 12 ürün
2026-08-15 06:40:04,351 | INFO    | bookdata.pipeline.products | Kategori 'Eğitim Psikolojisi Kitapları': 1 sayfa, 12 ürün
2026-08-15 06:40:04,536 | INFO    | bookdata.pipeline.products | Kategori 'Türk Edebiyatı TOP 50': 1 sayfa, 12 ürün
2026-08-15 06:40:04,619 | INFO    | bookdata.pipeline.products | Kategori 'En Sevilen Çocuk Kitabı Setleri': 1 sayfa, 12 ürün
2026-08-15 06:40:04,696 | INFO    | bookdata.pipeline.products | Kategori 'Politik - Kurgu Kitapları': 1 sayfa, 12 ürün
2026-08-15 06:40:04,814 | INFO    | bookdata.pipeline.products | Kategori 'Aforizma': 1 sayfa, 12 ürün
2026-08-15 06:40:04,893 | INFO    | bookdata.pipeline.products | Kategori 'Çocuk Boyama Kitapları': 1 sayfa, 12 ürün
2026-08-15 06:40:04,970 | INFO    | bookdata.pipeline.products | Kategori 'Okunması Gereken Şiir Kitapları': 1 sayfa, 12 ürün
2026-08-15 06:40:05,048 | INFO    | bookdata.pipeline.products | Kategori 'Gezi Rehberi Kitapları': 1 sayfa, 12 ürün
2026-08-15 06:40:05,259 | INFO    | bookdata.pipeline.products | Kategori 'Okul Öncesi Resimli Kitaplar': 1 sayfa, 12 ürün
2026-08-15 06:40:05,367 | INFO    | bookdata.pipeline.products | Kategori 'Anaokulu': 1 sayfa, 12 ürün
2026-08-15 06:40:05,482 | INFO    | bookdata.pipeline.products | Kategori 'Yetişkin Masal Kitapları': 1 sayfa, 9 ürün
2026-08-15 06:40:05,598 | INFO    | bookdata.pipeline.products | Kategori 'Gençlik Edebiyatı': 1 sayfa, 12 ürün
2026-08-15 06:40:05,676 | INFO    | bookdata.pipeline.products | Kategori 'Tiyatro ve Piyes Kitapları': 1 sayfa, 12 ürün
2026-08-15 06:40:05,867 | INFO    | bookdata.pipeline.products | Kategori 'Efsane ve Destan Kitapları': 1 sayfa, 12 ürün
2026-08-15 06:40:05,936 | INFO    | bookdata.pipeline.products | Kategori 'Araç ve Gereçler': 1 sayfa, 2 ürün
2026-08-15 06:40:06,041 | INFO    | bookdata.pipeline.products | Kategori 'Psikiyatri Kitapları': 1 sayfa, 1 ürün
2026-08-15 06:40:06,115 | INFO    | bookdata.pipeline.products | Kategori 'Türkiye Rehber Kitapları': 1 sayfa, 12 ürün
2026-08-15 06:40:06,192 | INFO    | bookdata.pipeline.products | Kategori 'Yapıştırıcı ve Bantlar': 1 sayfa, 12 ürün
2026-08-15 06:40:06,275 | INFO    | bookdata.pipeline.products | Kategori 'En Çok Satan Selçuklu Tarihi Kitapları': 1 sayfa, 12 ürün
2026-08-15 06:40:06,396 | INFO    | bookdata.pipeline.products | Kategori 'Gençlik Lise Kitapları': 1 sayfa, 12 ürün
2026-08-15 06:40:06,474 | INFO    | bookdata.pipeline.products | Kategori 'Çocuk Gelişimi Kitapları': 1 sayfa, 12 ürün
2026-08-15 06:40:07,133 | INFO    | bookdata.pipeline.products | Kategori 'Aksiyon ve Macera Kitapları': 1 sayfa, 12 ürün
2026-08-15 06:40:07,252 | INFO    | bookdata.pipeline.products | Kategori 'Çocuk 4-5 Yaş Kitapları': 1 sayfa, 12 ürün
2026-08-15 06:40:07,364 | INFO    | bookdata.pipeline.products | Kategori 'Tarih - Mitoloji Kitapları': 1 sayfa, 2 ürün
2026-08-15 06:40:07,473 | INFO    | bookdata.pipeline.products | Kategori 'Alternatif Tıp Şifalı Bitkiler Kitapları': 1 sayfa, 12 ürün
2026-08-15 06:40:07,554 | INFO    | bookdata.pipeline.products | Kategori 'En İyi Korku Kitapları': 1 sayfa, 12 ürün
2026-08-15 06:40:07,682 | INFO    | bookdata.pipeline.products | Kategori 'Psikolojik Danışma Kitapları ': 1 sayfa, 8 ürün
2026-08-15 06:40:07,757 | INFO    | bookdata.pipeline.products | Kategori 'Histoloji ve Embriyoloji Kitapları': 1 sayfa, 1 ürün
2026-08-15 06:40:07,851 | INFO    | bookdata.pipeline.products | Kategori 'En Çok Satan Biyografi Kitapları': 1 sayfa, 12 ürün
2026-08-15 06:40:07,941 | INFO    | bookdata.pipeline.products | Kategori 'En Çok Okunan Cumhuriyet Tarihi Kitapları': 1 sayfa, 12 ürün
2026-08-15 06:40:08,070 | INFO    | bookdata.pipeline.products | Kategori 'Çanta ve Mataralar': 1 sayfa, 12 ürün
2026-08-15 06:40:08,155 | INFO    | bookdata.pipeline.products | Kategori 'Antik Mısır Kitapları': 1 sayfa, 8 ürün
2026-08-15 06:40:08,636 | INFO    | bookdata.pipeline.products | Kategori 'Yabancı Dilde Çocuk Kitapları': 1 sayfa, 12 ürün
2026-08-15 06:40:08,850 | INFO    | bookdata.pipeline.products | Kategori 'Yabancı Dilde Tarih Kitapları ': 1 sayfa, 1 ürün
2026-08-15 06:40:08,987 | INFO    | bookdata.pipeline.products | Kategori 'Çocuk Çizgi Roman Kitapları': 1 sayfa, 12 ürün
2026-08-15 06:40:09,126 | INFO    | bookdata.pipeline.products | Kategori 'Alman Edebiyatı Kitapları': 1 sayfa, 12 ürün
2026-08-15 06:40:09,213 | INFO    | bookdata.pipeline.products | Kategori 'Ofis Makineleri': 1 sayfa, 12 ürün
2026-08-15 06:40:09,356 | INFO    | bookdata.pipeline.products | Kategori 'Sağlık Kitapları': 1 sayfa, 12 ürün
2026-08-15 06:40:09,496 | INFO    | bookdata.pipeline.products | Kategori 'Kürt Edebiyatı': 1 sayfa, 12 ürün
2026-08-15 06:40:09,586 | INFO    | bookdata.pipeline.products | Kategori 'Dünya Klasikleri TOP 50': 1 sayfa, 12 ürün
2026-08-15 06:40:09,711 | INFO    | bookdata.pipeline.products | Kategori 'Amerika Tarihi Kitapları': ürün bulunamadı (1 sayfa)
2026-08-15 06:40:09,801 | INFO    | bookdata.pipeline.products | Kategori 'Çocuk Bilmece Bulmaca Kitapları': 1 sayfa, 12 ürün
2026-08-15 06:40:09,891 | INFO    | bookdata.pipeline.products | Kategori 'Din Psikolojisi Kitapları': 1 sayfa, 12 ürün
2026-08-15 06:40:10,053 | INFO    | bookdata.pipeline.products | Kategori 'En Çok Satan Seri Katil Kitapları': 1 sayfa, 11 ürün
2026-08-15 06:40:10,197 | INFO    | bookdata.pipeline.products | Kategori '5. Sınıf Kitapları': 1 sayfa, 12 ürün
2026-08-15 06:40:10,286 | INFO    | bookdata.pipeline.products | Kategori 'En Çok Okunan Suç Kitapları': 1 sayfa, 12 ürün
2026-08-15 06:40:11,009 | INFO    | bookdata.pipeline.products | Kategori 'Önemli Olaylar ve Biyografi ve Otobiyografi Kitapları': 1 sayfa, 12 ürün
2026-08-15 06:40:11,184 | INFO    | bookdata.pipeline.products | Kategori 'Yunan Mitolojisi Kitapları': 1 sayfa, 11 ürün
2026-08-15 06:40:11,270 | INFO    | bookdata.pipeline.products | Kategori 'Karikatürler': 1 sayfa, 12 ürün
2026-08-15 06:40:11,365 | INFO    | bookdata.pipeline.products | Kategori 'Dünya Tarihi Kitapları': 1 sayfa, 12 ürün
2026-08-15 06:40:11,450 | INFO    | bookdata.pipeline.products | Kategori 'Genel Tarih Kitapları ': 1 sayfa, 12 ürün
2026-08-15 06:40:11,595 | INFO    | bookdata.pipeline.products | Kategori 'Kağıt Ürünleri': 1 sayfa, 12 ürün
2026-08-15 06:40:11,684 | INFO    | bookdata.pipeline.products | Kategori 'Antoloji Kitapları': 1 sayfa, 12 ürün
2026-08-15 06:40:11,774 | INFO    | bookdata.pipeline.products | Kategori 'Gençlik Ortaokul Kitapları': 1 sayfa, 12 ürün
2026-08-15 06:40:11,937 | INFO    | bookdata.pipeline.products | Kategori 'Eğitim - Okula Yardımcı Kitaplar': 1 sayfa, 29 ürün
2026-08-15 06:40:12,424 | INFO    | bookdata.pipeline.products | Kategori 'Hamilelik ve Doğum Kitapları': 1 sayfa, 6 ürün
2026-08-15 06:40:12,513 | INFO    | bookdata.pipeline.products | Kategori 'Özel Eğitim Çocuk Kitapları': 1 sayfa, 12 ürün
2026-08-15 06:40:12,660 | INFO    | bookdata.pipeline.products | Kategori 'En Çok Satan Osmanlı Kitapları': 1 sayfa, 12 ürün
2026-08-15 06:40:12,748 | INFO    | bookdata.pipeline.products | Kategori 'En Çok Satan Gerilim Kitapları': 1 sayfa, 12 ürün
2026-08-15 06:40:12,841 | INFO    | bookdata.pipeline.products | Kategori 'Referans Kitaplar': 1 sayfa, 12 ürün
2026-08-15 06:40:12,920 | INFO    | bookdata.pipeline.products | Kategori 'Dekoratif Ürünler': 1 sayfa, 7 ürün
2026-08-15 06:40:13,064 | INFO    | bookdata.pipeline.products | Kategori 'Masallar': 1 sayfa, 12 ürün
2026-08-15 06:40:13,151 | INFO    | bookdata.pipeline.products | Kategori 'En Çok Okunan Bilim Kurgu Kitapları': 1 sayfa, 12 ürün
2026-08-15 06:40:13,245 | INFO    | bookdata.pipeline.products | Kategori 'Korku ve Gerilim Edebiyatı': 1 sayfa, 12 ürün
2026-08-15 06:40:13,336 | INFO    | bookdata.pipeline.products | Kategori 'Bilim Kurgu Kitapları': 1 sayfa, 12 ürün
2026-08-15 06:40:13,477 | INFO    | bookdata.pipeline.products | Kategori 'Din Eğitimi Kitapları': 1 sayfa, 12 ürün
2026-08-15 06:40:13,553 | INFO    | bookdata.pipeline.products | Kategori 'Çocuk Dil Eğitimi Kitapları': 1 sayfa, 4 ürün
2026-08-15 06:40:13,642 | INFO    | bookdata.pipeline.products | Kategori 'Divan Edebiyatı ve Halk Edebiyatı Kitapları': 1 sayfa, 12 ürün
2026-08-15 06:40:13,715 | INFO    | bookdata.pipeline.products | Kategori 'Edebiyat Referans Kitaplar': 1 sayfa, 3 ürün
2026-08-15 06:40:14,521 | INFO    | bookdata.pipeline.products | Kategori 'Seçili Araştırma ve Tarih Kitapları': 1 sayfa, 12 ürün
2026-08-15 06:40:14,598 | INFO    | bookdata.pipeline.products | Kategori '3-6 Yaş Kitapları': 1 sayfa, 12 ürün
2026-08-15 06:40:14,677 | INFO    | bookdata.pipeline.products | Kategori 'Dosya ve Klasörler': 1 sayfa, 12 ürün
2026-08-15 06:40:14,817 | INFO    | bookdata.pipeline.products | Kategori 'Fantastik Kitaplar': 1 sayfa, 12 ürün
2026-08-15 06:40:14,887 | INFO    | bookdata.pipeline.products | Kategori 'Selçuklu Dönemi Kitapları': 1 sayfa, 5 ürün
2026-08-15 06:40:14,969 | INFO    | bookdata.pipeline.products | Kategori 'Başvuru Kitapları': 1 sayfa, 12 ürün
2026-08-15 06:40:15,032 | INFO    | bookdata.pipeline.products | Kategori 'Milletler Tarihi Kitapları': ürün bulunamadı (1 sayfa)
2026-08-15 06:40:15,169 | INFO    | bookdata.pipeline.products | Kategori 'I. Dünya Savaşı Kitapları': 1 sayfa, 12 ürün
2026-08-15 06:40:15,918 | INFO    | bookdata.pipeline.products | Kategori 'Genel Çocuk Kitapları': 1 sayfa, 12 ürün
2026-08-15 06:40:15,984 | INFO    | bookdata.pipeline.products | Kategori 'Sosyal Psikoloji Kitapları ': 1 sayfa, 2 ürün
2026-08-15 06:40:16,120 | INFO    | bookdata.pipeline.products | Kategori 'En Çok Satan Fantastik Kitaplar': 1 sayfa, 12 ürün
2026-08-15 06:40:16,204 | INFO    | bookdata.pipeline.products | Kategori 'Aşk Kitapları': 1 sayfa, 12 ürün
2026-08-15 06:40:16,285 | INFO    | bookdata.pipeline.products | Kategori 'Takvim Ve Planlayıcılar': 1 sayfa, 12 ürün
2026-08-15 06:40:16,402 | INFO    | bookdata.pipeline.products | Kategori 'Psikoloji Akımları Kitapları': 1 sayfa, 2 ürün
2026-08-15 06:40:16,475 | INFO    | bookdata.pipeline.products | Kategori 'Göktürk Tarihi Kitapları': 1 sayfa, 9 ürün
2026-08-15 06:40:16,559 | INFO    | bookdata.pipeline.products | Kategori 'Anlatı Kitapları': 1 sayfa, 12 ürün
2026-08-15 06:40:16,635 | INFO    | bookdata.pipeline.products | Kategori 'İngiliz Edebiyatı': 1 sayfa, 12 ürün
2026-08-15 06:40:16,778 | INFO    | bookdata.pipeline.products | Kategori 'Gezi ve Rehber Kitapları': 1 sayfa, 12 ürün
2026-08-15 06:40:16,847 | INFO    | bookdata.pipeline.products | Kategori 'İskandinav Edebiyatı': 1 sayfa, 3 ürün
2026-08-15 06:40:17,765 | INFO    | bookdata.pipeline.products | Kategori 'Fransız Edebiyatı Kitapları': 1 sayfa, 12 ürün
2026-08-15 06:40:17,835 | INFO    | bookdata.pipeline.products | Kategori 'Kurtuluş Savaşı Kitapları': 1 sayfa, 2 ürün
2026-08-15 06:40:17,914 | INFO    | bookdata.pipeline.products | Kategori 'Aile Sağlığı Kitapları': 1 sayfa, 12 ürün
2026-08-15 06:40:17,993 | INFO    | bookdata.pipeline.products | Kategori 'İstanbul Rehberi Kitapları': 1 sayfa, 12 ürün
2026-08-15 06:40:18,138 | INFO    | bookdata.pipeline.products | Kategori 'Denemeler': 1 sayfa, 12 ürün
2026-08-15 06:40:18,220 | INFO    | bookdata.pipeline.products | Kategori 'Roman': 1 sayfa, 12 ürün
2026-08-15 06:40:18,299 | INFO    | bookdata.pipeline.products | Kategori 'Ülke Rehberi Kitapları': 1 sayfa, 12 ürün
2026-08-15 06:40:18,383 | INFO    | bookdata.pipeline.products | Kategori 'Yoga Meditasyon Kitapları': 1 sayfa, 12 ürün
2026-08-15 06:40:18,533 | INFO    | bookdata.pipeline.products | Kategori 'En Çok Satan Dünya Tarihi Kitapları': 1 sayfa, 12 ürün
2026-08-15 06:40:18,694 | INFO    | bookdata.pipeline.products | Kategori 'Çizgi Roman Kitapları': 1 sayfa, 12 ürün
2026-08-15 06:40:19,530 | INFO    | bookdata.pipeline.products | Kategori 'Araştırma - İnceleme Kitapları': 1 sayfa, 12 ürün
2026-08-15 06:40:19,850 | INFO    | bookdata.pipeline.products | Kategori 'Tüm Kategoriler': ürün bulunamadı (1 sayfa)
2026-08-15 06:40:20,055 | INFO    | bookdata.pipeline.products | Kategori 'Öykü Kitapları': 1 sayfa, 12 ürün
2026-08-15 06:40:20,141 | INFO    | bookdata.pipeline.products | Kategori 'Cinsellik Kitapları': 1 sayfa, 12 ürün
2026-08-15 06:40:20,221 | INFO    | bookdata.pipeline.products | Kategori 'Çocuk 6-7 Yaş Kitapları': 1 sayfa, 12 ürün
2026-08-15 06:40:20,301 | INFO    | bookdata.pipeline.products | Kategori 'Genel Edebiyat Kitapları': 1 sayfa, 12 ürün
2026-08-15 06:40:20,452 | INFO    | bookdata.pipeline.products | Kategori 'Tavsiye Kitapları': 1 sayfa, 12 ürün
2026-08-15 06:40:20,536 | INFO    | bookdata.pipeline.products | Kategori 'Uzakdoğu Edebiyatı': 1 sayfa, 12 ürün
2026-08-15 06:40:20,612 | INFO    | bookdata.pipeline.products | Kategori 'Sanatsal Malzemeler': 1 sayfa, 12 ürün
2026-08-15 06:40:20,753 | INFO    | bookdata.pipeline.products | Kategori 'Setler': 1 sayfa, 12 ürün
2026-08-15 06:40:21,458 | INFO    | bookdata.pipeline.products | Kategori 'Sağlık İletişimi Kitapları': 1 sayfa, 12 ürün
2026-08-15 06:40:21,539 | INFO    | bookdata.pipeline.products | Kategori '4. Sınıf Kitapları': 1 sayfa, 12 ürün
2026-08-15 06:40:21,606 | INFO    | bookdata.pipeline.products | Kategori 'Nöroloji Kitapları': 1 sayfa, 1 ürün
2026-08-15 06:40:21,774 | INFO    | bookdata.pipeline.products | Kategori 'Bilimsel Kitaplar': 1 sayfa, 12 ürün
2026-08-15 06:40:21,855 | INFO    | bookdata.pipeline.products | Kategori 'Çocuk Referans Kitaplar': 1 sayfa, 12 ürün
2026-08-15 06:40:21,935 | INFO    | bookdata.pipeline.products | Kategori 'Çocuk Rehber - Kişisel Gelişim Kitapları': 1 sayfa, 12 ürün
2026-08-15 06:40:22,066 | INFO    | bookdata.pipeline.products | Kategori 'Ülkeler Tarihi Kitapları': 1 sayfa, 2 ürün
2026-08-15 06:40:22,211 | INFO    | bookdata.pipeline.products | Kategori 'Çocuk İlkokul Kitapları': 1 sayfa, 12 ürün
2026-08-15 06:40:22,287 | INFO    | bookdata.pipeline.products | Kategori 'Genel Ülke Edebiyatları Kitapları': 1 sayfa, 12 ürün
2026-08-15 06:40:22,439 | INFO    | bookdata.pipeline.products | Kategori 'Yakın Tarih Kitapları': 1 sayfa, 12 ürün
2026-08-15 06:40:23,222 | INFO    | bookdata.pipeline.products | Kategori 'Yazıcı ve Fotokopi Kağıtları': 1 sayfa, 5 ürün
2026-08-15 06:40:23,301 | INFO    | bookdata.pipeline.products | Kategori 'Türk Tarihi Araştırmaları Kitapları': 1 sayfa, 12 ürün
2026-08-15 06:40:23,450 | INFO    | bookdata.pipeline.products | Kategori 'Yapbozlu Kitapları': 1 sayfa, 12 ürün
2026-08-15 06:40:23,537 | INFO    | bookdata.pipeline.products | Kategori 'Türkiye - Yakın Tarih Kitapları': 1 sayfa, 12 ürün
2026-08-15 06:40:23,677 | INFO    | bookdata.pipeline.products | Kategori 'Ofis Malzemeleri': 1 sayfa, 12 ürün
2026-08-15 06:40:23,832 | INFO    | bookdata.pipeline.products | Kategori '2. Sınıf Kitapları': 1 sayfa, 12 ürün
2026-08-15 06:40:23,913 | INFO    | bookdata.pipeline.products | Kategori 'Latin Edebiyatı': 1 sayfa, 12 ürün
2026-08-15 06:40:24,000 | INFO    | bookdata.pipeline.products | Kategori 'Seyahatname Kitapları': 1 sayfa, 12 ürün
2026-08-15 06:40:24,858 | INFO    | bookdata.pipeline.products | Kategori '100 Temel Eser': 1 sayfa, 12 ürün
2026-08-15 06:40:24,952 | INFO    | bookdata.pipeline.products | Kategori 'Tarih Kitapları': 1 sayfa, 12 ürün
2026-08-15 06:40:25,044 | INFO    | bookdata.pipeline.products | Kategori 'Kent Rehberleri': 1 sayfa, 12 ürün
2026-08-15 06:40:25,214 | INFO    | bookdata.pipeline.products | Kategori 'Psikoloji Başvuru Kitapları': 1 sayfa, 12 ürün
2026-08-15 06:40:25,306 | INFO    | bookdata.pipeline.products | Kategori 'Amerikan Edebiyatı': 1 sayfa, 12 ürün
2026-08-15 06:40:25,403 | INFO    | bookdata.pipeline.products | Kategori 'Çocuk Bilim Kitapları': 1 sayfa, 12 ürün
2026-08-15 06:40:25,492 | INFO    | bookdata.pipeline.products | Kategori '1. Sınıf Kitapları': 1 sayfa, 12 ürün
2026-08-15 06:40:25,650 | INFO    | bookdata.pipeline.products | Kategori 'En Çok Satan Otobiyografi Kitapları': 1 sayfa, 12 ürün
2026-08-15 06:40:25,797 | INFO    | bookdata.pipeline.products | Kategori '100 Temel Eser Kitapları': 1 sayfa, 12 ürün
2026-08-15 06:40:25,874 | INFO    | bookdata.pipeline.products | Kategori 'Sessiz Kitaplar': 1 sayfa, 12 ürün
2026-08-15 06:40:26,032 | INFO    | bookdata.pipeline.products | Kategori 'En Çok Okunan Türk Tarihi Kitapları': 1 sayfa, 12 ürün
2026-08-15 06:40:26,581 | INFO    | bookdata.pipeline.products | Kategori 'Türk Klasikleri Kitapları': 1 sayfa, 12 ürün
2026-08-15 06:40:26,658 | INFO    | bookdata.pipeline.products | Kategori 'İtalyan Edebiyatı': 1 sayfa, 12 ürün
2026-08-15 06:40:26,793 | INFO    | bookdata.pipeline.products | Kategori 'Fizik Tedavi ve Rehabilitasyon Kitapları': 1 sayfa, 1 ürün
2026-08-15 06:40:26,871 | INFO    | bookdata.pipeline.products | Kategori 'Derlemeler': 1 sayfa, 12 ürün
2026-08-15 06:40:27,011 | INFO    | bookdata.pipeline.products | Kategori 'Tarihi Romanlar': 1 sayfa, 12 ürün
2026-08-15 06:40:27,144 | INFO    | bookdata.pipeline.products | Kategori 'Yabancı Dilde Psikoloji Kitapları': ürün bulunamadı (1 sayfa)
2026-08-15 06:40:27,974 | INFO    | bookdata.pipeline.products | Kategori 'Polisiye Romanlar': 1 sayfa, 12 ürün
2026-08-15 06:40:28,069 | INFO    | bookdata.pipeline.products | Kategori 'Beslenme ve Diyet Kitapları': 1 sayfa, 12 ürün
2026-08-15 06:40:28,225 | INFO    | bookdata.pipeline.products | Kategori 'Okul Öncesi Çocuk Kitapları': 1 sayfa, 12 ürün
2026-08-15 06:40:28,368 | INFO    | bookdata.pipeline.products | Kategori 'Eleştiri İnceleme ve Kuram Kitapları': 1 sayfa, 12 ürün
2026-08-15 06:40:28,445 | INFO    | bookdata.pipeline.products | Kategori 'Çocuk Boyama Kitapları': 1 sayfa, 12 ürün
2026-08-15 06:40:28,596 | INFO    | bookdata.pipeline.products | Kategori 'Anı - Mektup - Günlük Kitapları': 1 sayfa, 12 ürün
2026-08-15 06:40:28,679 | INFO    | bookdata.pipeline.products | Kategori 'Osmanlı Tarihi Kitapları': 1 sayfa, 12 ürün
2026-08-15 06:40:28,743 | INFO    | bookdata.pipeline.products | Kategori 'İlaç Rehber Kitapları': 1 sayfa, 1 ürün
2026-08-15 06:40:28,810 | INFO    | bookdata.pipeline.products | Kategori 'Anadolu Tarihi Kitapları': 1 sayfa, 3 ürün
2026-08-15 06:40:28,940 | INFO    | bookdata.pipeline.products | Kategori 'Tahta ve Panolar': ürün bulunamadı (1 sayfa)
2026-08-15 06:40:31,890 | INFO    | bookdata.pipeline.products | Kategori 'Edebiyat Kitapları': 1 sayfa, 12 ürün
2026-08-15 06:40:32,731 | INFO    | bookdata.pipeline.products | Kategori ' Mizah Kitapları': 1 sayfa, 12 ürün
2026-08-15 06:40:33,054 | INFO    | bookdata.pipeline.products | Kategori 'En Çok Satan Diyet Kitapları': 1 sayfa, 12 ürün
2026-08-15 06:40:33,132 | INFO    | bookdata.pipeline.products | Kategori 'Çocuk 0-3 Yaş Kitapları': 1 sayfa, 12 ürün
2026-08-15 06:40:33,198 | INFO    | bookdata.pipeline.products | Kategori 'Biyoloji - Genetik Kitapları': 1 sayfa, 1 ürün
2026-08-15 06:40:33,351 | INFO    | bookdata.pipeline.products | Kategori 'National Geographic Kids': 1 sayfa, 12 ürün
2026-08-15 06:40:33,434 | INFO    | bookdata.pipeline.products | Kategori 'Psikoloji': 1 sayfa, 12 ürün
2026-08-15 06:40:33,500 | INFO    | bookdata.pipeline.products | Kategori 'Psikolojik Araştırma Teknikleri Kitapları': 1 sayfa, 1 ürün
2026-08-15 06:40:33,564 | INFO    | bookdata.pipeline.products | Kategori 'Periyodik Yayınlar': 1 sayfa, 3 ürün
2026-08-15 06:40:33,712 | INFO    | bookdata.pipeline.products | Kategori 'İspanyol Edebiyatı': 1 sayfa, 12 ürün
2026-08-15 06:40:33,849 | INFO    | bookdata.pipeline.products | Kategori 'Çocuk Psikolojisi Kitapları': 1 sayfa, 12 ürün
2026-08-15 06:40:33,925 | INFO    | bookdata.pipeline.products | Kategori 'Senaryo Kitapları': 1 sayfa, 12 ürün
2026-08-15 06:40:34,503 | INFO    | bookdata.pipeline.products | Kategori 'Slime ve Malzemeleri': 1 sayfa, 5 ürün
2026-08-15 06:40:34,580 | INFO    | bookdata.pipeline.products | Kategori 'Çocuk Kitabı TOP 50': 1 sayfa, 12 ürün
2026-08-15 06:40:34,650 | INFO    | bookdata.pipeline.products | Kategori 'Bölgeler Tarihi Kitapları': 1 sayfa, 3 ürün
2026-08-15 06:40:34,798 | INFO    | bookdata.pipeline.products | Kategori 'II. Dünya Savaşı Kitapları': 1 sayfa, 12 ürün
2026-08-15 06:40:34,881 | INFO    | bookdata.pipeline.products | Kategori 'Çocuk Etkinlik Kitapları': 1 sayfa, 12 ürün
2026-08-15 06:40:34,963 | INFO    | bookdata.pipeline.products | Kategori 'Çok Satan Çizgi Romanlar': 1 sayfa, 12 ürün
2026-08-15 06:40:35,020 | INFO    | bookdata.pipeline.products | Kategori 'KPSS Kitapları': ürün bulunamadı (1 sayfa)
2026-08-15 06:40:35,302 | INFO    | bookdata.pipeline.products | Kategori 'Türk Edebiyatı Romanları': 1 sayfa, 12 ürün
2026-08-15 06:40:35,387 | INFO    | bookdata.pipeline.products | Kategori 'Roman ve Öykü Kitapları': 1 sayfa, 12 ürün
2026-08-15 06:40:35,463 | INFO    | bookdata.pipeline.products | Kategori 'Eğitici ve Öğretici Çocuk Kitapları': 1 sayfa, 12 ürün
2026-08-15 06:40:36,194 | INFO    | bookdata.pipeline.products | Kategori 'En Çok Satan Gizemli Kitaplar': 1 sayfa, 12 ürün
2026-08-15 06:40:36,268 | INFO    | bookdata.pipeline.products | Kategori 'Dokun Hisset Kitapları': 1 sayfa, 10 ürün
2026-08-15 06:40:36,350 | INFO    | bookdata.pipeline.products | Kategori 'Çocuk Kitapları': 1 sayfa, 12 ürün
2026-08-15 06:40:36,509 | INFO    | bookdata.pipeline.products | Kategori '3. Sınıf Kitapları': 1 sayfa, 12 ürün
2026-08-15 06:40:36,587 | INFO    | bookdata.pipeline.products | Kategori 'Kinetik Kumlar': 1 sayfa, 12 ürün
2026-08-15 06:40:36,668 | INFO    | bookdata.pipeline.products | Kategori 'Genel Psikoloji Kitapları': 1 sayfa, 12 ürün
2026-08-15 06:40:36,752 | INFO    | bookdata.pipeline.products | Kategori 'Matbu Evraklar ve Makbuzlar': 1 sayfa, 12 ürün
2026-08-15 06:40:36,971 | INFO    | bookdata.pipeline.products | Kategori 'Çocuk Şiir Kitapları': 1 sayfa, 12 ürün
2026-08-15 06:40:37,053 | INFO    | bookdata.pipeline.products | Kategori 'Okul Öncesi Şekilli Kitaplar': 1 sayfa, 12 ürün
2026-08-15 06:40:37,122 | INFO    | bookdata.pipeline.products | Kategori 'Sosyal Tarih Kitapları': 1 sayfa, 2 ürün
2026-08-15 06:40:37,280 | INFO    | bookdata.pipeline.products | Kategori 'Zeka Gelişimi Kitapları': 1 sayfa, 12 ürün
2026-08-15 06:40:37,357 | INFO    | bookdata.pipeline.products | Kategori 'Çizgi Roman - Anime ve Mangalar': 1 sayfa, 12 ürün
2026-08-15 06:40:37,864 | INFO    | bookdata.pipeline.products | Kategori 'Bilim Kurgu Kitapları': 1 sayfa, 7 ürün
2026-08-15 06:40:38,026 | INFO    | bookdata.pipeline.products | Kategori 'Şiir Kitapları': 1 sayfa, 12 ürün
2026-08-15 06:41:18,635 | INFO    | bookdata.pipeline.products | Kategori 'Yazar Listesi': ürün bulunamadı (50 sayfa)
2026-08-15 06:41:20,303 | INFO    | bookdata.pipeline.products | Kategori 'Yayınevi Listesi': ürün bulunamadı (50 sayfa)
2026-08-15 06:41:20,312 | INFO    | bookdata.pipeline.standardize | Standardize edildi: 2382 ham → 2142 ürün
2026-08-15 06:41:20,547 | INFO    | bookdata.pipeline.merge | Fiyat karşılaştırması: 2142 ürünün 2074 tanesinde değişiklik/yeni kayıt
2026-08-15 06:41:20,557 | INFO    | bookdata.adapters.storage | Veri setine 2074 yeni kayıt eklendi: Data/bkm_Datasets.csv
2026-08-15 06:41:20,575 | INFO    | bookdata.pipeline.runner | Özet: 246 kategori bulundu, 234 işlendi; 2142 ürün → 2074 kayıt eklendi (toplam 39136). İstek: 333, hata: 0
2026-08-15 06:41:22,829 | INFO    | bookdata.adapters.kaggle | Kaggle yayını tamamlandı: furkanzeki/bkm-book-dataset (2026-08-15)
2026-08-15 18:31:24,352 | INFO    | bookdata.pipeline.filter | Ignore kuralları gereği 12 kategori atlandı (10 desen)
2026-08-15 18:31:25,110 | INFO    | bookdata.pipeline.products | Kategori 'Gelişim Psikolojisi Kitapları': 1 sayfa, 12 ürün
2026-08-15 18:31:25,274 | INFO    | bookdata.pipeline.products | Kategori '0-3 Yaş Kitapları': 1 sayfa, 12 ürün
2026-08-15 18:31:25,412 | INFO    | bookdata.pipeline.products | Kategori 'En İyi Korku Kitapları': 1 sayfa, 12 ürün
2026-08-15 18:31:25,803 | INFO    | bookdata.pipeline.products | Kategori 'Çocuk Boyama Kitapları': 1 sayfa, 12 ürün
2026-08-15 18:31:25,947 | INFO    | bookdata.pipeline.products | Kategori 'Fransız Edebiyatı Kitapları': 1 sayfa, 12 ürün
2026-08-15 18:31:26,117 | INFO    | bookdata.pipeline.products | Kategori 'Aforizma': 1 sayfa, 12 ürün
2026-08-15 18:31:26,250 | INFO    | bookdata.pipeline.products | Kategori 'Türkiye Rehber Kitapları': 1 sayfa, 12 ürün
2026-08-15 18:31:26,392 | INFO    | bookdata.pipeline.products | Kategori 'Ortadoğu - Arap Edebiyatı Kitapları': 1 sayfa, 12 ürün
2026-08-15 18:31:26,529 | INFO    | bookdata.pipeline.products | Kategori 'National Geographic Kids': 1 sayfa, 12 ürün
2026-08-15 18:31:26,676 | INFO    | bookdata.pipeline.products | Kategori 'Tarihi Belgeler Kitapları': 1 sayfa, 2 ürün
2026-08-15 18:31:26,806 | INFO    | bookdata.pipeline.products | Kategori 'En Çok Satan Gerilim Kitapları': 1 sayfa, 12 ürün
2026-08-15 18:31:26,941 | INFO    | bookdata.pipeline.products | Kategori 'Çocuk Gelişimi Kitapları': 1 sayfa, 12 ürün
2026-08-15 18:31:27,112 | INFO    | bookdata.pipeline.products | Kategori '100 Temel Eser Kitapları': 1 sayfa, 12 ürün
2026-08-15 18:31:27,249 | INFO    | bookdata.pipeline.products | Kategori 'Çocuk Bilmece Bulmaca Kitapları': 1 sayfa, 12 ürün
2026-08-15 18:31:27,360 | INFO    | bookdata.pipeline.products | Kategori 'Sosyal Tarih Kitapları': 1 sayfa, 2 ürün
2026-08-15 18:31:27,492 | INFO    | bookdata.pipeline.products | Kategori 'Çocuk Bilim Kitapları': 1 sayfa, 12 ürün
2026-08-15 18:31:27,684 | INFO    | bookdata.pipeline.products | Kategori 'Ofis Makineleri': 1 sayfa, 12 ürün
2026-08-15 18:31:27,798 | INFO    | bookdata.pipeline.products | Kategori 'Bölgeler Tarihi Kitapları': 1 sayfa, 3 ürün
2026-08-15 18:31:28,036 | INFO    | bookdata.pipeline.products | Kategori 'Fantastik Kitaplar': 1 sayfa, 12 ürün
2026-08-15 18:31:28,209 | INFO    | bookdata.pipeline.products | Kategori 'Edebiyat Kitapları': 1 sayfa, 12 ürün
2026-08-15 18:31:28,336 | INFO    | bookdata.pipeline.products | Kategori 'İspanyol Edebiyatı': 1 sayfa, 12 ürün
2026-08-15 18:31:28,466 | INFO    | bookdata.pipeline.products | Kategori 'Çıkartmalı Kitaplar': 1 sayfa, 12 ürün
2026-08-15 18:31:28,602 | INFO    | bookdata.pipeline.products | Kategori 'Tiyatro ve Piyes Kitapları': 1 sayfa, 12 ürün
2026-08-15 18:31:28,779 | INFO    | bookdata.pipeline.products | Kategori 'Alternatif Tıp Şifalı Bitkiler Kitapları': 1 sayfa, 12 ürün
2026-08-15 18:31:28,907 | INFO    | bookdata.pipeline.products | Kategori 'En Çok Satan Selçuklu Tarihi Kitapları': 1 sayfa, 12 ürün
2026-08-15 18:31:29,048 | INFO    | bookdata.pipeline.products | Kategori 'Çocuk Boyama Kitapları': 1 sayfa, 12 ürün
2026-08-15 18:31:29,176 | INFO    | bookdata.pipeline.products | Kategori 'Latin Edebiyatı': 1 sayfa, 12 ürün
2026-08-15 18:31:29,351 | INFO    | bookdata.pipeline.products | Kategori 'En Çok Okunan Bilim Kurgu Kitapları': 1 sayfa, 12 ürün
2026-08-15 18:31:29,477 | INFO    | bookdata.pipeline.products | Kategori 'Bilim Kurgu Kitapları': 1 sayfa, 7 ürün
2026-08-15 18:31:29,606 | INFO    | bookdata.pipeline.products | Kategori 'Eğitici ve Öğretici Çocuk Kitapları': 1 sayfa, 12 ürün
2026-08-15 18:31:29,711 | INFO    | bookdata.pipeline.products | Kategori 'Psikiyatri Kitapları': 1 sayfa, 1 ürün
2026-08-15 18:31:30,335 | INFO    | bookdata.pipeline.products | Kategori 'Psikoloji': 1 sayfa, 12 ürün
2026-08-15 18:31:30,462 | INFO    | bookdata.pipeline.products | Kategori 'Çocuk 0-3 Yaş Kitapları': 1 sayfa, 12 ürün
2026-08-15 18:31:30,593 | INFO    | bookdata.pipeline.products | Kategori 'Kinetik Kumlar': 1 sayfa, 12 ürün
2026-08-15 18:31:30,773 | INFO    | bookdata.pipeline.products | Kategori 'İstanbul Rehberi Kitapları': 1 sayfa, 12 ürün
2026-08-15 18:31:30,901 | INFO    | bookdata.pipeline.products | Kategori 'I. Dünya Savaşı Kitapları': 1 sayfa, 12 ürün
2026-08-15 18:31:31,029 | INFO    | bookdata.pipeline.products | Kategori 'Gezi ve Rehber Kitapları': 1 sayfa, 12 ürün
2026-08-15 18:31:31,221 | INFO    | bookdata.pipeline.products | Kategori 'En Çok Satan 50 Dünya Klasiği': 1 sayfa, 12 ürün
2026-08-15 18:31:31,351 | INFO    | bookdata.pipeline.products | Kategori 'Türk Tarihi Araştırmaları Kitapları': 1 sayfa, 12 ürün
2026-08-15 18:31:31,481 | INFO    | bookdata.pipeline.products | Kategori 'Din Psikolojisi Kitapları': 1 sayfa, 12 ürün
2026-08-15 18:31:31,614 | INFO    | bookdata.pipeline.products | Kategori 'Karikatürler': 1 sayfa, 12 ürün
2026-08-15 18:31:31,796 | INFO    | bookdata.pipeline.products | Kategori 'En Çok Okunan Karikatür Kitapları': 1 sayfa, 12 ürün
2026-08-15 18:31:32,155 | INFO    | bookdata.pipeline.products | Kategori 'Yapbozlu Kitapları': 1 sayfa, 12 ürün
2026-08-15 18:31:32,291 | INFO    | bookdata.pipeline.products | Kategori '3. Sınıf Kitapları': 1 sayfa, 12 ürün
2026-08-15 18:31:32,465 | INFO    | bookdata.pipeline.products | Kategori 'Ülkeler Tarihi Kitapları': 1 sayfa, 2 ürün
2026-08-15 18:31:32,605 | INFO    | bookdata.pipeline.products | Kategori 'Ölçü ve Çizim Malzemeleri': 1 sayfa, 12 ürün
2026-08-15 18:31:32,733 | INFO    | bookdata.pipeline.products | Kategori 'Çocuk Şiir Kitapları': 1 sayfa, 12 ürün
2026-08-15 18:31:32,861 | INFO    | bookdata.pipeline.products | Kategori 'En Çok Satan 100 Tarih Kitabı': 1 sayfa, 12 ürün
2026-08-15 18:31:33,041 | INFO    | bookdata.pipeline.products | Kategori 'Dosya ve Klasörler': 1 sayfa, 12 ürün
2026-08-15 18:31:33,186 | INFO    | bookdata.pipeline.products | Kategori 'Fantastik Çocuk Kitapları': 1 sayfa, 12 ürün
2026-08-15 18:31:33,314 | INFO    | bookdata.pipeline.products | Kategori 'Tarih Felsefesi Kitapları': 1 sayfa, 12 ürün
2026-08-15 18:31:33,443 | INFO    | bookdata.pipeline.products | Kategori '1. Sınıf Kitapları': 1 sayfa, 12 ürün
2026-08-15 18:31:33,610 | INFO    | bookdata.pipeline.products | Kategori 'Psikiyatri ve Psikanaliz Kitapları': 1 sayfa, 5 ürün
2026-08-15 18:31:33,715 | INFO    | bookdata.pipeline.products | Kategori 'Yabancı Dilde Psikoloji Kitapları': ürün bulunamadı (1 sayfa)
2026-08-15 18:31:33,844 | INFO    | bookdata.pipeline.products | Kategori 'En Çok Satan Osmanlı Kitapları': 1 sayfa, 12 ürün
2026-08-15 18:31:33,974 | INFO    | bookdata.pipeline.products | Kategori 'En Çok Satan Biyografi Kitapları': 1 sayfa, 12 ürün
2026-08-15 18:31:34,156 | INFO    | bookdata.pipeline.products | Kategori 'Derlemeler': 1 sayfa, 12 ürün
2026-08-15 18:31:34,785 | INFO    | bookdata.pipeline.products | Kategori 'Tarihi Kişilikler Kitapları': 1 sayfa, 6 ürün
2026-08-15 18:31:34,912 | INFO    | bookdata.pipeline.products | Kategori ' Mizah Kitapları': 1 sayfa, 12 ürün
2026-08-15 18:31:35,106 | INFO    | bookdata.pipeline.products | Kategori 'Gençlik Edebiyatı': 1 sayfa, 12 ürün
2026-08-15 18:31:35,233 | INFO    | bookdata.pipeline.products | Kategori 'Boyalar ve Boya Ürünleri': 1 sayfa, 12 ürün
2026-08-15 18:31:35,361 | INFO    | bookdata.pipeline.products | Kategori 'Annelik ve Çocuk Bakımı Kitapları': 1 sayfa, 12 ürün
2026-08-15 18:31:35,481 | INFO    | bookdata.pipeline.products | Kategori 'Seyahatname Kitapları': 1 sayfa, 3 ürün
2026-08-15 18:31:35,669 | INFO    | bookdata.pipeline.products | Kategori 'Bilim Kurgu Kitapları': 1 sayfa, 12 ürün
2026-08-15 18:31:35,804 | INFO    | bookdata.pipeline.products | Kategori 'Genel Psikoloji Kitapları': 1 sayfa, 12 ürün
2026-08-15 18:31:36,080 | INFO    | bookdata.pipeline.products | Kategori 'Tüm Kategoriler': ürün bulunamadı (1 sayfa)
2026-08-15 18:31:36,213 | INFO    | bookdata.pipeline.products | Kategori 'Politik - Kurgu Kitapları': 1 sayfa, 12 ürün
2026-08-15 18:31:36,698 | INFO    | bookdata.pipeline.products | Kategori 'Genel Çocuk Kitapları': 1 sayfa, 12 ürün
2026-08-15 18:31:36,835 | INFO    | bookdata.pipeline.products | Kategori 'Öykü Kitapları': 1 sayfa, 12 ürün
2026-08-15 18:31:37,180 | INFO    | bookdata.pipeline.products | Kategori 'Korku ve Gerilim Edebiyatı': 1 sayfa, 12 ürün
2026-08-15 18:31:37,315 | INFO    | bookdata.pipeline.products | Kategori 'Türk Klasikleri Kitapları': 1 sayfa, 12 ürün
2026-08-15 18:31:37,616 | INFO    | bookdata.pipeline.products | Kategori 'En Çok Satan Gizemli Kitaplar': 1 sayfa, 12 ürün
2026-08-15 18:31:37,755 | INFO    | bookdata.pipeline.products | Kategori 'Çizgi Roman - Anime ve Mangalar': 1 sayfa, 12 ürün
2026-08-15 18:31:38,037 | INFO    | bookdata.pipeline.products | Kategori 'Yunan Mitolojisi Kitapları': 1 sayfa, 11 ürün
2026-08-15 18:31:38,175 | INFO    | bookdata.pipeline.products | Kategori 'Tavsiye Kitapları': 1 sayfa, 12 ürün
2026-08-15 18:31:38,284 | INFO    | bookdata.pipeline.products | Kategori 'Yabancı Dilde Tarih Kitapları ': 1 sayfa, 1 ürün
2026-08-15 18:31:38,474 | INFO    | bookdata.pipeline.products | Kategori 'Eleştiri İnceleme ve Kuram Kitapları': 1 sayfa, 12 ürün
2026-08-15 18:31:38,600 | INFO    | bookdata.pipeline.products | Kategori 'Yetişkin Masal Kitapları': 1 sayfa, 9 ürün
2026-08-15 18:31:38,727 | INFO    | bookdata.pipeline.products | Kategori 'Ülke Rehberi Kitapları': 1 sayfa, 12 ürün
2026-08-15 18:31:38,861 | INFO    | bookdata.pipeline.products | Kategori 'II. Dünya Savaşı Kitapları': 1 sayfa, 12 ürün
2026-08-15 18:31:39,049 | INFO    | bookdata.pipeline.products | Kategori 'Seyahatname Kitapları': 1 sayfa, 12 ürün
2026-08-15 18:31:39,186 | INFO    | bookdata.pipeline.products | Kategori 'Biyografi ve Otobiyografi Kitapları': 1 sayfa, 12 ürün
2026-08-15 18:31:39,315 | INFO    | bookdata.pipeline.products | Kategori '2. Sınıf Kitapları': 1 sayfa, 12 ürün
2026-08-15 18:31:39,484 | INFO    | bookdata.pipeline.products | Kategori 'Slime ve Malzemeleri': 1 sayfa, 5 ürün
2026-08-15 18:31:39,624 | INFO    | bookdata.pipeline.products | Kategori 'Çocuk 6-7 Yaş Kitapları': 1 sayfa, 12 ürün
2026-08-15 18:31:39,864 | INFO    | bookdata.pipeline.products | Kategori 'Masallar': 1 sayfa, 12 ürün
2026-08-15 18:31:40,067 | INFO    | bookdata.pipeline.products | Kategori 'Aile Sağlığı Kitapları': 1 sayfa, 12 ürün
2026-08-15 18:31:40,205 | INFO    | bookdata.pipeline.products | Kategori 'Casusluk Kitapları': 1 sayfa, 12 ürün
2026-08-15 18:31:40,334 | INFO    | bookdata.pipeline.products | Kategori 'Dünya Çocuk Klasikleri': 1 sayfa, 12 ürün
2026-08-15 18:31:40,470 | INFO    | bookdata.pipeline.products | Kategori 'Çocuk İlkokul Kitapları': 1 sayfa, 12 ürün
2026-08-15 18:31:40,664 | INFO    | bookdata.pipeline.products | Kategori 'Çok Satan Çizgi Romanlar': 1 sayfa, 12 ürün
2026-08-15 18:31:40,794 | INFO    | bookdata.pipeline.products | Kategori 'Çocuk Etkinlik Kitapları': 1 sayfa, 12 ürün
2026-08-15 18:31:40,936 | INFO    | bookdata.pipeline.products | Kategori 'Çocuk Rehber - Kişisel Gelişim Kitapları': 1 sayfa, 12 ürün
2026-08-15 18:31:41,063 | INFO    | bookdata.pipeline.products | Kategori 'Türkiye ve Cumhuriyet Tarihi Kitapları': 1 sayfa, 12 ürün
2026-08-15 18:31:41,255 | INFO    | bookdata.pipeline.products | Kategori 'Ajanda,Takvim Ve Planlayıcılar': 1 sayfa, 12 ürün
2026-08-15 18:31:41,383 | INFO    | bookdata.pipeline.products | Kategori 'En Çok Okunan Türk Tarihi Kitapları': 1 sayfa, 12 ürün
2026-08-15 18:31:41,512 | INFO    | bookdata.pipeline.products | Kategori 'Yapıştırıcı ve Bantlar': 1 sayfa, 12 ürün
2026-08-15 18:31:41,704 | INFO    | bookdata.pipeline.products | Kategori 'Sağlık Kitapları': 1 sayfa, 12 ürün
2026-08-15 18:31:41,816 | INFO    | bookdata.pipeline.products | Kategori 'İskandinav Edebiyatı': 1 sayfa, 3 ürün
2026-08-15 18:31:41,956 | INFO    | bookdata.pipeline.products | Kategori 'Çocuk Kitapları': 1 sayfa, 12 ürün
2026-08-15 18:31:42,164 | INFO    | bookdata.pipeline.products | Kategori 'İlaç Rehber Kitapları': 1 sayfa, 1 ürün
2026-08-15 18:31:42,365 | INFO    | bookdata.pipeline.products | Kategori 'Yakın Tarih Kitapları': 1 sayfa, 12 ürün
2026-08-15 18:31:42,474 | INFO    | bookdata.pipeline.products | Kategori 'Tarih - Mitoloji Kitapları': 1 sayfa, 2 ürün
2026-08-15 18:31:42,608 | INFO    | bookdata.pipeline.products | Kategori '4. Sınıf Kitapları': 1 sayfa, 12 ürün
2026-08-15 18:31:42,804 | INFO    | bookdata.pipeline.products | Kategori 'Türk Edebiyatı Romanları': 1 sayfa, 12 ürün
2026-08-15 18:31:42,945 | INFO    | bookdata.pipeline.products | Kategori 'Efsane ve Destan Kitapları': 1 sayfa, 12 ürün
2026-08-15 18:31:43,053 | INFO    | bookdata.pipeline.products | Kategori 'Fizik Tedavi ve Rehabilitasyon Kitapları': 1 sayfa, 1 ürün
2026-08-15 18:31:43,181 | INFO    | bookdata.pipeline.products | Kategori 'Kent Rehberleri': 1 sayfa, 12 ürün
2026-08-15 18:31:43,383 | INFO    | bookdata.pipeline.products | Kategori 'Polisiye Romanlar': 1 sayfa, 12 ürün
2026-08-15 18:31:43,489 | INFO    | bookdata.pipeline.products | Kategori 'KPSS Kitapları': ürün bulunamadı (1 sayfa)
2026-08-15 18:31:43,605 | INFO    | bookdata.pipeline.products | Kategori 'Selçuklu Dönemi Kitapları': 1 sayfa, 5 ürün
2026-08-15 18:31:43,734 | INFO    | bookdata.pipeline.products | Kategori 'Beslenme ve Diyet Kitapları': 1 sayfa, 12 ürün
2026-08-15 18:31:43,912 | INFO    | bookdata.pipeline.products | Kategori 'Biyoloji - Genetik Kitapları': 1 sayfa, 1 ürün
2026-08-15 18:31:44,145 | INFO    | bookdata.pipeline.products | Kategori 'En Çok Satan Seri Katil Kitapları': 1 sayfa, 11 ürün
2026-08-15 18:31:44,276 | INFO    | bookdata.pipeline.products | Kategori 'Dünya Tarihi Kitapları': 1 sayfa, 12 ürün
2026-08-15 18:31:44,477 | INFO    | bookdata.pipeline.products | Kategori 'Özel Eğitim Çocuk Kitapları': 1 sayfa, 12 ürün
2026-08-15 18:31:44,611 | INFO    | bookdata.pipeline.products | Kategori 'Araştırma - İnceleme Kitapları': 1 sayfa, 12 ürün
2026-08-15 18:31:44,741 | INFO    | bookdata.pipeline.products | Kategori 'Anlatı Kitapları': 1 sayfa, 12 ürün
2026-08-15 18:31:44,878 | INFO    | bookdata.pipeline.products | Kategori 'Psikoloji Başvuru Kitapları': 1 sayfa, 12 ürün
2026-08-15 18:31:45,073 | INFO    | bookdata.pipeline.products | Kategori 'Alman Edebiyatı Kitapları': 1 sayfa, 12 ürün
2026-08-15 18:31:45,207 | INFO    | bookdata.pipeline.products | Kategori 'Aşk Kitapları': 1 sayfa, 12 ürün
2026-08-15 18:31:45,343 | INFO    | bookdata.pipeline.products | Kategori 'Araştırma ve İnceleme Kitapları': 1 sayfa, 12 ürün
2026-08-15 18:31:45,478 | INFO    | bookdata.pipeline.products | Kategori 'Şiir Kitapları': 1 sayfa, 12 ürün
2026-08-15 18:31:45,670 | INFO    | bookdata.pipeline.products | Kategori '100 Temel Eser': 1 sayfa, 12 ürün
2026-08-15 18:31:45,808 | INFO    | bookdata.pipeline.products | Kategori 'Gezi ve Rehber Referans Kitapları': 1 sayfa, 12 ürün
2026-08-15 18:31:45,935 | INFO    | bookdata.pipeline.products | Kategori 'Mustafa Kemal Atatürk Kitapları': 1 sayfa, 12 ürün
2026-08-15 18:31:46,127 | INFO    | bookdata.pipeline.products | Kategori 'Okunması Gereken Şiir Kitapları': 1 sayfa, 12 ürün
2026-08-15 18:31:46,238 | INFO    | bookdata.pipeline.products | Kategori 'Kurtuluş Savaşı Kitapları': 1 sayfa, 2 ürün
2026-08-15 18:31:46,479 | INFO    | bookdata.pipeline.products | Kategori 'Okul Öncesi Çocuk Kitapları': 1 sayfa, 12 ürün
2026-08-15 18:31:46,606 | INFO    | bookdata.pipeline.products | Kategori 'Genel Sağlık Kitapları': 1 sayfa, 12 ürün
2026-08-15 18:31:46,809 | INFO    | bookdata.pipeline.products | Kategori 'Setler': 1 sayfa, 12 ürün
2026-08-15 18:31:46,947 | INFO    | bookdata.pipeline.products | Kategori 'Tarihi Romanlar': 1 sayfa, 12 ürün
2026-08-15 18:31:47,074 | INFO    | bookdata.pipeline.products | Kategori 'Göktürk Tarihi Kitapları': 1 sayfa, 9 ürün
2026-08-15 18:31:47,282 | INFO    | bookdata.pipeline.products | Kategori 'Senaryo Kitapları': 1 sayfa, 12 ürün
2026-08-15 18:31:47,415 | INFO    | bookdata.pipeline.products | Kategori 'Çanta ve Mataralar': 1 sayfa, 12 ürün
2026-08-15 18:31:47,546 | INFO    | bookdata.pipeline.products | Kategori 'Çocuk Kitabı TOP 50': 1 sayfa, 12 ürün
2026-08-15 18:31:47,684 | INFO    | bookdata.pipeline.products | Kategori 'Sessiz Kitaplar': 1 sayfa, 12 ürün
2026-08-15 18:31:47,878 | INFO    | bookdata.pipeline.products | Kategori 'Eğitim Psikolojisi Kitapları': 1 sayfa, 12 ürün
2026-08-15 18:31:48,012 | INFO    | bookdata.pipeline.products | Kategori 'Söyleşi Kitapları': 1 sayfa, 12 ürün
2026-08-15 18:31:48,146 | INFO    | bookdata.pipeline.products | Kategori 'Biyografi Otobiyografi Kitapları': 1 sayfa, 12 ürün
2026-08-15 18:31:48,259 | INFO    | bookdata.pipeline.products | Kategori 'Yazıcı ve Fotokopi Kağıtları': 1 sayfa, 5 ürün
2026-08-15 18:31:48,564 | INFO    | bookdata.pipeline.products | Kategori 'Aksiyon ve Macera Kitapları': 1 sayfa, 12 ürün
2026-08-15 18:31:48,700 | INFO    | bookdata.pipeline.products | Kategori 'Sanatsal Malzemeler': 1 sayfa, 12 ürün
2026-08-15 18:31:48,828 | INFO    | bookdata.pipeline.products | Kategori 'Yoga Meditasyon Kitapları': 1 sayfa, 12 ürün
2026-08-15 18:31:49,028 | INFO    | bookdata.pipeline.products | Kategori 'En Çok Satan Diyet Kitapları': 1 sayfa, 12 ürün
2026-08-15 18:31:49,146 | INFO    | bookdata.pipeline.products | Kategori 'Coğrafya ve Genel Kitaplar': 1 sayfa, 1 ürün
2026-08-15 18:31:49,254 | INFO    | bookdata.pipeline.products | Kategori 'Tahta ve Panolar': ürün bulunamadı (1 sayfa)
2026-08-15 18:31:49,386 | INFO    | bookdata.pipeline.products | Kategori 'Seçili Araştırma ve Tarih Kitapları': 1 sayfa, 12 ürün
2026-08-15 18:31:49,559 | INFO    | bookdata.pipeline.products | Kategori 'Anatomi Kitapları': 1 sayfa, 1 ürün
2026-08-15 18:31:49,692 | INFO    | bookdata.pipeline.products | Kategori 'Roman': 1 sayfa, 12 ürün
2026-08-15 18:31:49,825 | INFO    | bookdata.pipeline.products | Kategori 'Kalemler ve Yazı Gereçleri': 1 sayfa, 12 ürün
2026-08-15 18:31:49,951 | INFO    | bookdata.pipeline.products | Kategori 'Kağıt Ürünleri': 1 sayfa, 12 ürün
2026-08-15 18:31:50,171 | INFO    | bookdata.pipeline.products | Kategori 'Gençlik Lise Kitapları': 1 sayfa, 12 ürün
2026-08-15 18:31:50,303 | INFO    | bookdata.pipeline.products | Kategori 'Genel Edebiyat Kitapları': 1 sayfa, 12 ürün
2026-08-15 18:31:50,458 | INFO    | bookdata.pipeline.products | Kategori 'Ofis Malzemeleri': 1 sayfa, 12 ürün
2026-08-15 18:31:50,636 | INFO    | bookdata.pipeline.products | Kategori 'Araç ve Gereçler': 1 sayfa, 2 ürün
2026-08-15 18:31:50,772 | INFO    | bookdata.pipeline.products | Kategori 'Çocuk Referans Kitaplar': 1 sayfa, 12 ürün
2026-08-15 18:31:50,903 | INFO    | bookdata.pipeline.products | Kategori 'Cinsellik Kitapları': 1 sayfa, 12 ürün
2026-08-15 18:31:51,187 | INFO    | bookdata.pipeline.products | Kategori 'Psikoloji Akımları Kitapları': 1 sayfa, 2 ürün
2026-08-15 18:31:51,319 | INFO    | bookdata.pipeline.products | Kategori 'İtalyan Edebiyatı': 1 sayfa, 12 ürün
2026-08-15 18:31:51,424 | INFO    | bookdata.pipeline.products | Kategori 'Çok Satanlar': ürün bulunamadı (1 sayfa)
2026-08-15 18:31:51,556 | INFO    | bookdata.pipeline.products | Kategori 'Divan Edebiyatı ve Halk Edebiyatı Kitapları': 1 sayfa, 12 ürün
2026-08-15 18:31:51,763 | INFO    | bookdata.pipeline.products | Kategori 'Okul Öncesi Resimli Kitaplar': 1 sayfa, 12 ürün
2026-08-15 18:31:51,895 | INFO    | bookdata.pipeline.products | Kategori 'Gençlik Ortaokul Kitapları': 1 sayfa, 12 ürün
2026-08-15 18:31:52,024 | INFO    | bookdata.pipeline.products | Kategori 'Zeka Gelişimi Kitapları': 1 sayfa, 12 ürün
2026-08-15 18:31:52,158 | INFO    | bookdata.pipeline.products | Kategori 'En Çok Satan Dünya Tarihi Kitapları': 1 sayfa, 12 ürün
2026-08-15 18:31:52,356 | INFO    | bookdata.pipeline.products | Kategori 'Yabancı Dilde Edebiyat Kitapları': 1 sayfa, 12 ürün
2026-08-15 18:31:52,484 | INFO    | bookdata.pipeline.products | Kategori 'Ekol ve Yaklaşım Kitapları': 1 sayfa, 12 ürün
2026-08-15 18:31:53,589 | INFO    | bookdata.pipeline.products | Kategori 'Etkinlik Kitapları': 1 sayfa, 12 ürün
2026-08-15 18:31:54,102 | INFO    | bookdata.pipeline.products | Kategori 'En Çok Okunan Cumhuriyet Tarihi Kitapları': 1 sayfa, 12 ürün
2026-08-15 18:31:54,231 | INFO    | bookdata.pipeline.products | Kategori '3-6 Yaş Kitapları': 1 sayfa, 12 ürün
2026-08-15 18:31:54,526 | INFO    | bookdata.pipeline.products | Kategori 'Genel Ülke Edebiyatları Kitapları': 1 sayfa, 12 ürün
2026-08-15 18:31:54,666 | INFO    | bookdata.pipeline.products | Kategori 'Roman ve Öykü Kitapları': 1 sayfa, 12 ürün
2026-08-15 18:31:56,362 | INFO    | bookdata.pipeline.products | Kategori 'Takvim Ve Planlayıcılar': 1 sayfa, 12 ürün
2026-08-15 18:31:56,580 | INFO    | bookdata.pipeline.products | Kategori 'Hamilelik ve Doğum Kitapları': 1 sayfa, 6 ürün
2026-08-15 18:31:56,730 | INFO    | bookdata.pipeline.products | Kategori 'En Çok Satan Otobiyografi Kitapları': 1 sayfa, 12 ürün
2026-08-15 18:31:56,937 | INFO    | bookdata.pipeline.products | Kategori 'Rus Edebiyatı': 1 sayfa, 12 ürün
2026-08-15 18:31:57,060 | INFO    | bookdata.pipeline.products | Kategori 'Çocuk Dil Eğitimi Kitapları': 1 sayfa, 4 ürün
2026-08-15 18:31:57,200 | INFO    | bookdata.pipeline.products | Kategori 'Çizgi Roman Kitapları': 1 sayfa, 12 ürün
2026-08-15 18:31:57,624 | INFO    | bookdata.pipeline.products | Kategori 'Kürt Edebiyatı': 1 sayfa, 12 ürün
2026-08-15 18:31:57,948 | INFO    | bookdata.pipeline.products | Kategori 'Amerika Tarihi Kitapları': ürün bulunamadı (1 sayfa)
2026-08-15 18:31:58,546 | INFO    | bookdata.pipeline.products | Kategori 'Hikayeler': 1 sayfa, 12 ürün
2026-08-15 18:31:58,680 | INFO    | bookdata.pipeline.products | Kategori 'Genel Tarih Kitapları ': 1 sayfa, 12 ürün
2026-08-15 18:31:58,856 | INFO    | bookdata.pipeline.products | Kategori 'Nöroloji Kitapları': 1 sayfa, 1 ürün
2026-08-15 18:31:59,035 | INFO    | bookdata.pipeline.products | Kategori 'Eğitim - Okula Yardımcı Kitaplar': 1 sayfa, 29 ürün
2026-08-15 18:31:59,422 | INFO    | bookdata.pipeline.products | Kategori 'Uzakdoğu Edebiyatı': 1 sayfa, 12 ürün
2026-08-15 18:31:59,727 | INFO    | bookdata.pipeline.products | Kategori 'Türkiye - Yakın Tarih Kitapları': 1 sayfa, 12 ürün
2026-08-15 18:31:59,845 | INFO    | bookdata.pipeline.products | Kategori 'Edebiyat Referans Kitaplar': 1 sayfa, 3 ürün
2026-08-15 18:31:59,974 | INFO    | bookdata.pipeline.products | Kategori 'Yabancı Dilde Çocuk Kitapları': 1 sayfa, 12 ürün
2026-08-15 18:32:00,108 | INFO    | bookdata.pipeline.products | Kategori 'Okul Öncesi Şekilli Kitaplar': 1 sayfa, 12 ürün
2026-08-15 18:32:00,637 | INFO    | bookdata.pipeline.products | Kategori 'Referans Kitaplar': 1 sayfa, 12 ürün
2026-08-15 18:32:00,772 | INFO    | bookdata.pipeline.products | Kategori 'Bilimsel Kitaplar': 1 sayfa, 12 ürün
2026-08-15 18:32:00,901 | INFO    | bookdata.pipeline.products | Kategori 'Osmanlı Tarihi Kitapları': 1 sayfa, 12 ürün
2026-08-15 18:32:01,008 | INFO    | bookdata.pipeline.products | Kategori 'Histoloji ve Embriyoloji Kitapları': 1 sayfa, 1 ürün
2026-08-15 18:32:02,062 | INFO    | bookdata.pipeline.products | Kategori 'Psikolojik Kitaplar': 1 sayfa, 12 ürün
2026-08-15 18:32:02,292 | INFO    | bookdata.pipeline.products | Kategori 'Gezi Rehberi Kitapları': 1 sayfa, 12 ürün
2026-08-15 18:32:02,402 | INFO    | bookdata.pipeline.products | Kategori 'Periyodik Yayınlar': 1 sayfa, 3 ürün
2026-08-15 18:32:02,613 | INFO    | bookdata.pipeline.products | Kategori '5. Sınıf Kitapları': 1 sayfa, 12 ürün
2026-08-15 18:32:02,741 | INFO    | bookdata.pipeline.products | Kategori 'Gezi ve Rehber Kitapları': 1 sayfa, 12 ürün
2026-08-15 18:32:02,869 | INFO    | bookdata.pipeline.products | Kategori 'Anaokulu': 1 sayfa, 12 ürün
2026-08-15 18:32:03,146 | INFO    | bookdata.pipeline.products | Kategori 'En Çok Satan Fantastik Kitaplar': 1 sayfa, 12 ürün
2026-08-15 18:32:03,343 | INFO    | bookdata.pipeline.products | Kategori 'Dokun Hisset Kitapları': 1 sayfa, 10 ürün
2026-08-15 18:32:05,517 | INFO    | bookdata.pipeline.products | Kategori 'Antoloji Kitapları': 1 sayfa, 12 ürün
2026-08-15 18:32:05,645 | INFO    | bookdata.pipeline.products | Kategori 'Dil Bilimi Kitapları': 1 sayfa, 12 ürün
2026-08-15 18:32:06,021 | INFO    | bookdata.pipeline.products | Kategori 'Denemeler': 1 sayfa, 12 ürün
2026-08-15 18:32:06,833 | INFO    | bookdata.pipeline.products | Kategori 'Türk Edebiyatı TOP 50': 1 sayfa, 12 ürün
2026-08-15 18:32:06,979 | INFO    | bookdata.pipeline.products | Kategori 'Çocuk Çizgi Roman Kitapları': 1 sayfa, 12 ürün
2026-08-15 18:32:07,219 | INFO    | bookdata.pipeline.products | Kategori 'Sağlık İletişimi Kitapları': 1 sayfa, 12 ürün
2026-08-15 18:32:07,359 | INFO    | bookdata.pipeline.products | Kategori 'En Çok Okunan Suç Kitapları': 1 sayfa, 12 ürün
2026-08-15 18:32:07,488 | INFO    | bookdata.pipeline.products | Kategori 'Din Eğitimi Kitapları': 1 sayfa, 12 ürün
2026-08-15 18:32:07,596 | INFO    | bookdata.pipeline.products | Kategori 'Psikolojik Araştırma Teknikleri Kitapları': 1 sayfa, 1 ürün
2026-08-15 18:32:08,304 | INFO    | bookdata.pipeline.products | Kategori 'Defterler': 1 sayfa, 12 ürün
2026-08-15 18:32:08,527 | INFO    | bookdata.pipeline.products | Kategori 'Sosyal Psikoloji Kitapları ': 1 sayfa, 2 ürün
2026-08-15 18:32:08,635 | INFO    | bookdata.pipeline.products | Kategori 'Milletler Tarihi Kitapları': ürün bulunamadı (1 sayfa)
2026-08-15 18:32:08,824 | INFO    | bookdata.pipeline.products | Kategori 'Sağlıklı Yaşam Kitapları': 1 sayfa, 7 ürün
2026-08-15 18:32:08,960 | INFO    | bookdata.pipeline.products | Kategori 'Matbu Evraklar ve Makbuzlar': 1 sayfa, 12 ürün
2026-08-15 18:32:09,090 | INFO    | bookdata.pipeline.products | Kategori 'Çocuk Psikolojisi Kitapları': 1 sayfa, 12 ürün
2026-08-15 18:32:09,222 | INFO    | bookdata.pipeline.products | Kategori 'İngiliz Edebiyatı': 1 sayfa, 12 ürün
2026-08-15 18:32:09,433 | INFO    | bookdata.pipeline.products | Kategori 'Başvuru Kitapları': 1 sayfa, 12 ürün
2026-08-15 18:32:09,576 | INFO    | bookdata.pipeline.products | Kategori 'En Sevilen Çocuk Kitabı Setleri': 1 sayfa, 12 ürün
2026-08-15 18:32:09,705 | INFO    | bookdata.pipeline.products | Kategori 'Amerikan Edebiyatı': 1 sayfa, 12 ürün
2026-08-15 18:32:09,833 | INFO    | bookdata.pipeline.products | Kategori 'Anı - Mektup - Günlük Kitapları': 1 sayfa, 12 ürün
2026-08-15 18:32:10,267 | INFO    | bookdata.pipeline.products | Kategori 'Çocuk 4-5 Yaş Kitapları': 1 sayfa, 12 ürün
2026-08-15 18:32:10,491 | INFO    | bookdata.pipeline.products | Kategori 'Antik Mısır Kitapları': 1 sayfa, 8 ürün
2026-08-15 18:32:10,611 | INFO    | bookdata.pipeline.products | Kategori 'Psikolojik Danışma Kitapları ': 1 sayfa, 8 ürün
2026-08-15 18:32:10,799 | INFO    | bookdata.pipeline.products | Kategori 'Anadolu Tarihi Kitapları': 1 sayfa, 3 ürün
2026-08-15 18:32:10,930 | INFO    | bookdata.pipeline.products | Kategori 'Önemli Olaylar ve Biyografi ve Otobiyografi Kitapları': 1 sayfa, 12 ürün
2026-08-15 18:32:11,042 | INFO    | bookdata.pipeline.products | Kategori 'Arkeoloji Kitapları': 1 sayfa, 2 ürün
2026-08-15 18:32:11,176 | INFO    | bookdata.pipeline.products | Kategori 'Tarih Kitapları': 1 sayfa, 12 ürün
2026-08-15 18:32:11,746 | INFO    | bookdata.pipeline.products | Kategori 'Klasik Romanlar ve Kitapları': 1 sayfa, 12 ürün
2026-08-15 18:32:11,878 | INFO    | bookdata.pipeline.products | Kategori 'Dünya Klasikleri TOP 50': 1 sayfa, 12 ürün
2026-08-15 18:32:12,096 | INFO    | bookdata.pipeline.products | Kategori 'Dekoratif Ürünler': 1 sayfa, 7 ürün
2026-08-15 18:33:20,850 | INFO    | bookdata.pipeline.products | Kategori 'Yazar Listesi': ürün bulunamadı (50 sayfa)
2026-08-15 18:33:22,342 | INFO    | bookdata.pipeline.products | Kategori 'Yayınevi Listesi': ürün bulunamadı (50 sayfa)
2026-08-15 18:33:22,355 | INFO    | bookdata.pipeline.standardize | Standardize edildi: 2382 ham → 2141 ürün
2026-08-15 18:33:22,705 | INFO    | bookdata.pipeline.merge | Fiyat karşılaştırması: 2141 ürünün 2073 tanesinde değişiklik/yeni kayıt
2026-08-15 18:33:22,721 | INFO    | bookdata.adapters.storage | Veri setine 2073 yeni kayıt eklendi: Data/bkm_Datasets.csv
2026-08-15 18:33:22,750 | INFO    | bookdata.pipeline.runner | Özet: 246 kategori bulundu, 234 işlendi; 2141 ürün → 2073 kayıt eklendi (toplam 41209). İstek: 333, hata: 0
2026-08-15 18:33:25,388 | INFO    | bookdata.adapters.kaggle | Kaggle yayını tamamlandı: furkanzeki/bkm-book-dataset (2026-08-15)
